N0	NAMA_PEGAWAI	JABATAN	GOL	GAPOK	BASIC	PDDK F	RISK	EMERG	JBT	KINERJA	UNIT KERJA	BASIC	COMPTNSI	RISK	EMERG	POSITION	PERFORM	SCORE	PAJAK PPH	POIN	Status Karyawan	PIR JL Kategori1	PIR JTL Kategori1	Kategori1	PIR Kategori2	Kategori2	PIR Kategori3	Kategori3
1	dr. Imam Ghozali, Sp.An., M.Kes	Direktur	IV/b	5128300	500000	10	12	12	10	4	DIREKTUR	30,7698	30	36	36	30	160	322,7698	0,15	2		Direksi	Direksi	Direksi				
2	dr. Elitha Martarina Utari, MARS	Wakil Direktur	IV/c	5345200	500000	8	2	2	7	2	WAKIL DIREKTUR PEND, PENG. SDM DAN HUKUM	32,0712	24	6	6	21	56	145,0712	0,15	1		Direksi	Direksi	Direksi				
3	dr. Marzuqi Sayuti, Sp.OG., M.H	Wakil Direktur	IV/c	5513600	500000	9	6	6	7	2	WAKIL DIREKTUR UMUM DAN KEUANGAN	33,0816	27	18	18	21	56	173,0816	0,15	1		Direksi	Direksi	Direksi				
4	dr. Yusmaidi, Sp.B-KBD	Wakil Direktur	IV/c	5128300	500000	10	12	12	7	2	WAKIL DIREKTUR KEPERAWATAN, PELAYANAN DAN PENUNJANG MEDIK	30,7698	30	36	36	21	56	209,7698	0,15			Direksi	Direksi	Direksi				
5	NANNY RICARDINI NURZAL, SE.,M.Kes	KABAG / KABID	IV/b	5128300	500000	8	2	1	6	2	BAGIAN KEUANGAN	30,7698	24	6	3	18	48	129,7698	0,15			Eselon3	Eselon3	Eselon3				
6	dr. Surya Puspa Dewi, MARS	KABAG / KABID	IV/b	4971700	500000	8	1	1	6	2	BIDANG PELAYANAN MEDIK	29,8302	24	3	3	18	48	125,8302	0,15			Eselon3	Eselon3	Eselon3				
7	drg. Hellen Veranica, M.Kes	KABAG / KABID	IV/b	4566500	500000	8	1	1	6	2	BIDANG PENUNJANG MEDIK	27,399	24	3	3	18	48	123,399	0,15			Eselon3	Eselon3	Eselon3				
8	Ns.Akhmad Sapri, S.Kep.MH	KABAG / KABID	IV/a	5075200	500000	8	1	1	6	2	BIDANG HUKUM	30,4512	24	3	3	18	48	126,4512	0,15			Eselon3	Eselon3	Eselon3				
9	Yenny Ekawati , S.Kep.,M.Kes	KABAG / KABID	IV/a	3782400	500000	8	1	1	6	2	BIDANG PENGEMBANGAN SDM	22,6944	24	3	3	18	48	118,6944	0,15			Eselon3	Eselon3	Eselon3				
10	dr.Nina Virginawati, M.HSM	KABAG / KABID	IV/a	5075200	500000	8	1	1	6	2	BAGIAN PERENCANAAN & ANGGARAN	30,4512	24	3	3	18	48	126,4512	0,15			Eselon3	Eselon3	Eselon3				
11	SABARIAH HASAN, S.E	KABAG / KABID	III/d	3704500	500000	6	1	1	6	2	BAGIAN UMUM	22,227	18	3	3	18	48	112,227	0,15			Eselon3	Eselon3	Eselon3				
12	dr. Asih Hendrastuti, M.Kes	KABAG / KABID	IV/a	4770000	500000	8	1	1	6	2	BIDANG KEPERAWATAN	28,62	24	3	3	18	48	124,62	0,15			Eselon3	Eselon3	Eselon3				
13	Ns.Septi Kurniasari,M.Kep,Sp.KMB	Subkoor substansi	IV/a	5235000	500000	9	1	1	4	2	BIDANG KEPERAWATAN	31,41	27	3	3	12	32	108,41	0,15			Eselon4	Eselon4	Eselon4				
14	dr.Edy Ramdhani, MH	Subkoor substansi	IV/a	4084900	500000	7	1	1	4	2	BIDANG PELAYANAN MEDIK	24,5094	21	3	3	12	32	95,5094	0,15			Eselon4	Eselon4	Eselon4				
15	dr.Mira Yustiawati	Subkoor substansi	IV/a	4346200	500000	7	1	1	4	2	BIDANG PELAYANAN MEDIK	26,0772	21	3	3	12	32	97,0772	0,05			Eselon4	Eselon4	Eselon4				
16	Taty WiryaniI W, S.Kep, M.M	Subkoor substansi	IV/a	5399900	500000	8	1	1	4	2	BIDANG KEPERAWATAN	32,3994	24	3	3	12	32	106,3994	0,05			Eselon4	Eselon4	Eselon4				
17	ESTI COMALARIA,S.E,M.M	Subkoor substansi	IV/a	4624300	500000	8	1	1	4	2	BIDANG PENUNJANG MEDIK	27,7458	24	3	3	12	32	101,7458	0,05			Eselon4	Eselon4	Eselon4				
18	Ns. Jumiah, S.Kep	Subkoor substansi	IV/a	5075200	500000	7	1	1	4	2	BIDANG PENGEMBANGAN SDM	30,4512	21	3	3	12	32	101,4512	0,15			Eselon4	Eselon4	Eselon4				
19	ILHAMDANI, S.Kep., M.H	Subkoor substansi	III/d	4576400	500000	8	1	1	4	2	BIDANG HUKUM	27,4584	24	3	3	12	32	101,4584	0,05			Eselon4	Eselon4	Eselon4				
20	Susilawati, SKM., MM	Subkoor substansi	IV/a	4624300	500000	8	1	1	4	2	BIDANG PENUNJANG MEDIK	27,7458	24	3	3	12	32	101,7458	0,15			Eselon4	Eselon4	Eselon4				
21	Rahmat Saifutra, SKM., MM	Subkoor substansi	IV/a	4920200	500000	8	1	1	4	2	BAGIAN UMUM	29,5212	24	3	3	12	32	103,5212	0,15			Eselon4	Eselon4	Eselon4				
22	ZA'IM, SKM, MM	Subkoor substansi	IV/a	4920200	500000	8	1	1	4	2	BAGIAN PERENCANAAN & ANGGARAN	29,5212	24	3	3	12	32	103,5212	0,05			Eselon4	Eselon4	Eselon4				
23	Desy Yuanita, SKM., M.Kes	Subkoor substansi	III/c	3878500	500000	6	1	1	4	2	BAGIAN PERENCANAAN & ANGGARAN	23,271	18	3	3	12	32	91,271	0,15			Eselon4	Eselon4	Eselon4				
24	ERWAN SAKTI BARMAWI,S.IP.,MM	Subkoor substansi	IV/a	5075200	500000	8	2	1	4	2	BAGIAN KEUANGAN	30,4512	24	6	3	12	32	107,4512	0,05			Eselon4	Eselon4	Eselon4				
25	TIKA OKTARIA, S.KEP	Subkoor substansi	III/d	4042500	500000	6	1	1	4	2	BIDANG PENGEMBANGAN SDM	24,255	18	3	3	12	32	92,255	0,15			Eselon4	Eselon4	Eselon4				
26	Yulia Sari, SE	Subkoor substansi	III/b	3607500	500000	6	1	1	4	2	BAGIAN UMUM	21,645	18	3	3	12	32	89,645	0,15			Eselon4	Eselon4	Eselon4				
27	Erika Karolina, S.Sos	Subkoor substansi	III/d	5022500	500000	6	1	1	4	2	BAGIAN UMUM	30,135	18	3	3	12	32	98,135	0,05			Eselon4	Eselon4	Eselon4				
28	NURUL HAIDA,S.K.M	Subkoor substansi	III/d	4869200	500000	6	1	1	4	2	BIDANG HUKUM	29,2152	18	3	3	12	32	97,2152	0,05			Eselon4	Eselon4	Eselon4				
29	Ns. Sabta Putra, S.Kep, M.H	Ka. SPI	III/c	4576400	500000	8	1	1	5	2	SPI	27,4584	24	3	3	15	40	112,4584	0,05			NAKES	NAKES	nakes				Ketua SPI
30	dr. Hotmen Sijabat, Sp.PD	Ka. Komite Medik	IV/a	4483100	500000	9	6	4	5	2	SMF PENYAKIT DALAM	26,8986	27	18	12	15	40	138,8986	0,15				Dokter+Apoteker+Psikolog Klinis	Dokter				Komite Medik
31	Ns. SRI WAHYUNI, S.Kep	Komite Keperawatan	IV/e	6373200	500000	7	2	2	5	2	KOMITE KEPERAWATAN	38,2392	21	6	6	15	40	126,2392	0,05			NAKES	NAKES	Nakes				Komite Keperawatan
32	SIGIT MARIYANTO, S.ST, M.Si	Ka. Komite Nakes Lain	IV/b	4971700	500000	8	6	6	5	2	KEPALA INSTALASI PELAYANAN	29,8302	24	18	18	15	40	144,8302	0,15			NAKES	NAKES	Nakes				Komite Nakes
33	Ahmad Satriya, SKM.,MM	KA. INSTALASI NON ESELON	IV/a	5075200	500000	8	1	1	4	2	KEPALA INSTALASI NON ESELON	30,4512	24	3	3	12	32	104,4512	0,05			Ka Inst non eselon	Ka Inst non eselon	Ka inst non eselon				KA KEPALA INSTALASI NON ESELON
34	Berti Zelda Zubair, SKM	KA. INSTALASI NON ESELON	III/d	3743100	500000	6	1	1	4	2	KEPALA INSTALASI NON ESELON	22,4586	18	3	3	12	32	90,4586	0,15			Ka Inst non eselon	Ka Inst non eselon	Ka inst non eselon				KA KEPALA INSTALASI NON ESELON
35	dr. Chandra Yuli Among Sari	KA. INSTALASI NON ESELON	III/c	3760100	500000	7	1	1	4	2	KEPALA INSTALASI NON ESELON	22,5606	21	3	3	12	32	93,5606	0,05			Ka Inst non eselon	Ka Inst non eselon	Ka inst non eselon				KA KEPALA INSTALASI NON ESELON
36	Hermantoro, SKM., MM	KA. INSTALASI NON ESELON	IV/a	5075200	500000	8	1	1	4	2	KEPALA INSTALASI NON ESELON	30,4512	24	3	3	12	32	104,4512	0,15			Ka Inst non eselon	Ka Inst non eselon	Ka inst non eselon				KA KEPALA INSTALASI NON ESELON
37	Dr. Ika Sudirahayu, SKM., MPH	KA. INSTALASI NON ESELON	III/d	4301200	500000	10	1	1	4	2	KEPALA INSTALASI NON ESELON	25,8072	30	3	3	12	32	105,8072	0,05			Ka Inst non eselon	Ka Inst non eselon	Ka inst non eselon				KA KEPALA INSTALASI NON ESELON
38	JAUHARI, SKM., M.KES	KA. INSTALASI NON ESELON	IV/a	5628300	500000	8	1	1	4	2	KEPALA INSTALASI NON ESELON	33,7698	24	3	3	12	32	107,7698	0,05			Ka Inst non eselon	Ka Inst non eselon	Ka Inst non eselon				KA KEPALA INSTALASI NON ESELON
39	KURNIA TIMOR UTOMO, A.Md	KA. INSTALASI NON ESELON	III/b	3497300	500000	5	1	1	4	2	KEPALA INSTALASI NON ESELON	20,9838	15	3	3	12	32	85,9838	0,05			Ka Inst non eselon	Ka Inst non eselon	Ka inst non eselon				KA KEPALA INSTALASI NON ESELON
40	Muchtar Hasan, SKM., MM	KA. INSTALASI NON ESELON	IV/a	4920200	500000	8	1	1	4	2	KEPALA INSTALASI NON ESELON	29,5212	24	3	3	12	32	103,5212	0,05			Ka Inst non eselon	Ka Inst non eselon	Ka inst non eselon				KA KEPALA INSTALASI NON ESELON
41	Winanto, SST., M.Kes	KA. INSTALASI NON ESELON	III/c	4000600	500000	8	1	1	4	2	KEPALA INSTALASI NON ESELON	24,0036	24	3	3	12	32	98,0036	0			Ka Inst non eselon	Ka Inst non eselon	Ka inst non eselon				KA KEPALA INSTALASI NON ESELON
42	Gunardi.SE	KA. INSTALASI NON ESELON	III/b	4083900	500000	6	1	1	4	2	KEPALA INSTALASI NON ESELON	24,5034	18	3	3	12	32	92,5034	0,05			Ka Inst non eselon	Ka Inst non eselon	Ka inst non eselon				KA KEPALA INSTALASI NON ESELON
43	DIANA SARI, S.KM	KA. INSTALASI NON ESELON	III/d	4390900	500000	6	1	1	4	2	KEPALA INSTALASI NON ESELON	26,3454	18	3	3	12	32	94,3454	0			Ka Inst non eselon	Ka Inst non eselon	Ka inst non eselon				KA KEPALA INSTALASI NON ESELON
44	Ami Dewi, S.Kep. MM	KA. INSTALASI NON ESELON	IV/a	4483100	500000	8	1	1	4	2	KEPALA INSTALASI NON ESELON	26,8986	24	3	3	12	32	100,8986	0			Ka Inst non eselon	Ka Inst non eselon	Ka inst non eselon				KA KEPALA INSTALASI NON ESELON
45	Ahmad Fanani, S.Farm, Apt	Ka Instalasi Farmasi	IV/b	4257700	500000	8	4	4	4	2	APOTEKER	25,5462	24	12	12	12	32	117,5462	0				Dokter+Apoteker+Psikolog Klinis	Apoteker	Nakes(MANAGER + Ka. Instalasi+Case Manager)	Ka. Instalasi		Instalasi INSTALASI KEPERAWATAN
46	dr. Dean Zandesko	KEPALA INSTALASI PELAYANAN	IV/a	4281800	500000	7	6	6	4	2	KEPALA INSTALASI PELAYANAN	25,6908	21	18	18	12	32	126,6908	0				Dokter+Apoteker+Psikolog Klinis	dokter	Nakes(MANAGER + Ka. Instalasi+Case Manager)	Ka. Instalasi		KEPALA KEPALA INSTALASI PELAYANAN
47	Ns. KISTON RIYADI, S.Kep	KEPALA INSTALASI KEPERAWATAN	III/d	4576400	500000	7	6	4	4	2	KEPALA INSTALASI KEPERAWATAN	27,4584	21	18	12	12	32	122,4584	0			NAKES	NAKES	nakes	Nakes(MANAGER + Ka. Instalasi+Case Manager)	Ka. Instalasi		KEPALA KEPALA INSTALASI KEPERAWATAN
48	Ns. Wahyuni Sari, S.Kep	KEPALA INSTALASI KEPERAWATAN	III/d	5475000	500000	7	6	6	4	2	KEPALA INSTALASI KEPERAWATAN	32,85	21	18	18	12	32	133,85	0			NAKES	NAKES	NAKES	Nakes(MANAGER + Ka. Instalasi+Case Manager)	Ka. Instalasi		KEPALA KEPALA INSTALASI KEPERAWATAN
49	NOPIANI, SKM., M.Si	KEPALA INSTALASI PELAYANAN	III/d	4436700	500000	8	6	6	4	2	KEPALA INSTALASI PELAYANAN	26,6202	24	18	18	12	32	130,6202	0			NAKES	NAKES	NAKES	Nakes(MANAGER + Ka. Instalasi+Case Manager)	Ka. Instalasi		KEPALA KEPALA INSTALASI PELAYANAN
50	Ns. DEWI MUAYANAH, S.Kep	KEPALA INSTALASI KEPERAWATAN	IV/c	5866400	500000	7	4	4	4	2	KEPALA INSTALASI KEPERAWATAN	35,1984	21	12	12	12	32	124,1984	0			NAKES	NAKES	NAKES	Nakes(MANAGER + Ka. Instalasi+Case Manager)	Ka. Instalasi		KEPALA KEPALA INSTALASI KEPERAWATAN
51	NANIK SUWARSO, S.ST., M.SI	MANAJER RUANGAN	IV/b	4530100	500000	8	6	6	2	2	MANAJER RUANGAN	27,1806	24	18	18	6	16	109,1806	0,05			NAKES	NAKES	NAKES	Nakes(MANAGER + Ka. Instalasi+Case Manager)	manager		MANAJER MANAJER RUANGAN
52	Ns. Maya Oktavia, S.Kep	MANAJER RUANGAN	III/d	4042500	500000	7	6	12	2	2	MANAJER RUANGAN	24,255	21	18	36	6	16	121,255	0,05			NAKES	NAKES	NAKES	Nakes(MANAGER + Ka. Instalasi+Case Manager)	manager		MANAJER MANAJER RUANGAN
53	Ns. MULYONO, S.Kep	MANAJER RUANGAN	IV/c	5345200	500000	7	12	4	2	2	MANAJER RUANGAN	32,0712	21	36	12	6	16	123,0712	0			NAKES	NAKES	NAKES	Nakes(MANAGER + Ka. Instalasi+Case Manager)	manager		MANAJER MANAJER RUANGAN
54	Ns. NURPIYANTI, S.Kep	MANAJER RUANGAN	III/d	4301200	500000	7	12	6	2	2	MANAJER RUANGAN	25,8072	21	36	18	6	16	122,8072	0			NAKES	NAKES	NAKES	Nakes(MANAGER + Ka. Instalasi+Case Manager)	manager		MANAJER MANAJER RUANGAN
55	Ns. Ratu Aisyah, S.Kep	MANAJER RUANGAN	IV/c	5687200	500000	7	2	4	2	2	MANAJER RUANGAN	34,1232	21	6	12	6	16	95,1232	0			NAKES	NAKES	NAKES	Nakes(MANAGER + Ka. Instalasi+Case Manager)	manager		MANAJER MANAJER RUANGAN
56	Ns. Robithoh, S.Kep	MANAJER RUANGAN	III/d	3919100	500000	7	12	12	2	2	MANAJER RUANGAN	23,5146	21	36	36	6	16	138,5146	0			NAKES	NAKES	NAKES	Nakes(MANAGER + Ka. Instalasi+Case Manager)	manager		MANAJER MANAJER RUANGAN
57	Bdn. Misda Gustini, S.Keb	MANAJER RUANGAN	III/b	3607500	500000	7	4	4	2	2	MANAJER RUANGAN	21,645	21	12	12	6	16	88,645	0			NAKES	NAKES	NAKES	Nakes(MANAGER + Ka. Instalasi+Case Manager)	manager		MANAJER MANAJER RUANGAN
58	Ns. Hotmaida, S.Kep	MANAJER RUANGAN	IV/c	5687200	500000	7	12	6	2	2	MANAJER RUANGAN	34,1232	21	36	18	6	16	131,1232	0			NAKES	NAKES	NAKES	Nakes(MANAGER + Ka. Instalasi+Case Manager)	manager		MANAJER MANAJER RUANGAN
59	Ns. LISDA PURNAMA, S.Kep	MANAJER RUANGAN	III/a	4576400	500000	7	6	4	2	2	MANAJER RUANGAN	27,4584	21	18	12	6	16	100,4584	0			NAKES	NAKES	NAKES	Nakes(MANAGER + Ka. Instalasi+Case Manager)	manager		MANAJER MANAJER RUANGAN
60	Ns. VIVA MAGDALENA, S.Kep	MANAJER RUANGAN	III/d	4576400	500000	7	4	4	2	2	MANAJER RUANGAN	27,4584	21	12	12	6	16	94,4584	0			NAKES	NAKES	NAKES	Nakes(MANAGER + Ka. Instalasi+Case Manager)	manager		MANAJER MANAJER RUANGAN
61	Ns. YUSMALIA, S.Kep	MANAJER RUANGAN	III/d	4436700	500000	7	4	4	2	2	MANAJER RUANGAN	26,6202	21	12	12	6	16	93,6202	0			NAKES	NAKES	NAKES	Nakes(MANAGER + Ka. Instalasi+Case Manager)	manager		MANAJER MANAJER RUANGAN
62	Ns. Yusmiati, S.Kep	MANAJER RUANGAN	IV/c	5687200	500000	7	4	4	2	2	MANAJER RUANGAN	34,1232	21	12	12	6	16	101,1232	0			NAKES	NAKES	NAKES	Nakes(MANAGER + Ka. Instalasi+Case Manager)	manager		MANAJER MANAJER RUANGAN
63	Ns. Paulus Joko Sutopo, S.Kep	MANAJER RUANGAN	III/d	4720500	500000	7	12	12	2	2	MANAJER RUANGAN	28,323	21	36	36	6	16	143,323	0			NAKES	NAKES	NAKES	Nakes(MANAGER + Ka. Instalasi+Case Manager)	manager		MANAJER MANAJER RUANGAN
64	Ns. Ria Hermawati, S.Kep	MANAJER RUANGAN	III/b	3721500	500000	7	12	6	2	2	MANAJER RUANGAN	22,329	21	36	18	6	16	119,329	0			NAKES	NAKES	NAKES	Nakes(MANAGER + Ka. Instalasi+Case Manager)	manager		MANAJER MANAJER RUANGAN
65	Ns. SRI EKAWATI, S.Kep	MANAJER RUANGAN	IV/c	5866400	500000	7	12	6	2	2	MANAJER RUANGAN	35,1984	21	36	18	6	16	132,1984	0,05			NAKES	NAKES	NAKES	Nakes(MANAGER + Ka. Instalasi+Case Manager)	manager		MANAJER MANAJER RUANGAN
66	SANGKANINGSIH, S.ST	MANAJER RUANGAN	IV/c	5513600	500000	6	6	2	2	2	MANAJER RUANGAN	33,0816	18	18	6	6	16	97,0816	0			NAKES	NAKES	NAKES	Nakes(MANAGER + Ka. Instalasi+Case Manager)	manager		MANAJER MANAJER RUANGAN
67	Yas Ikhwan, SST	MANAJER RUANGAN	III/d	4109100	500000	6	12	6	2	2	MANAJER RUANGAN	24,6546	18	36	18	6	16	118,6546	0			NAKES	NAKES	NAKES	Nakes(MANAGER + Ka. Instalasi+Case Manager)	manager		MANAJER MANAJER RUANGAN
68	Ns. SUMARNIATI, S.KEP	MANAJER RUANGAN	IV/c	5105300	500000	7	6	6	2	2	MANAJER RUANGAN	30,6318	21	18	18	6	16	109,6318	0,05			NAKES	NAKES	NAKES	Nakes(MANAGER + Ka. Instalasi+Case Manager)	manager		MANAJER MANAJER RUANGAN
69	Ns. JAENAL ARIPIN, S.Kep	MANAJER RUANGAN	IV/a	4920200	500000	7	6	4	2	2	MANAJER RUANGAN	29,5212	21	18	12	6	16	102,5212	0,05			NAKES	NAKES	NAKES	Nakes(MANAGER + Ka. Instalasi+Case Manager)	manager		MANAJER MANAJER RUANGAN
70	Ns. LIDIYAWATI SUDYA, S.Kep	MANAJER RUANGAN	III/d	3799400	500000	7	4	4	2	2	MANAJER RUANGAN	22,7964	21	12	12	6	16	89,7964	0			NAKES	NAKES	NAKES	Nakes(MANAGER + Ka. Instalasi+Case Manager)	manager		MANAJER MANAJER RUANGAN
71	NS. ERITA YUNISTISIA .R.,S.KEP	Manajer Ruangan	III/c	3533900	500000	7	4	4	2	2	MANAJER RUANGAN	21,2034	21	12	12	6	16	88,2034	0			NAKES	NAKES	NAKES	Nakes(MANAGER + Ka. Instalasi+Case Manager)	manager		Manajer MANAJER RUANGAN
72	Ns. Eka Iriyanto, S.Kep	MANAJER RUANGAN	III/d	4436700	500000	7	12	6	2	2	MANAJER RUANGAN	26,6202	21	36	18	6	16	123,6202	0			NAKES	NAKES	NAKES	Nakes(MANAGER + Ka. Instalasi+Case Manager)	manager		MANAJER MANAJER RUANGAN
73	Verawati, A.Md.Ft	MANAJER RUANGAN	III/b	3497300	500000	5	2	2	2	2	MANAJER RUANGAN	20,9838	15	6	6	6	16	69,9838	0			NAKES	NAKES	NAKES	Nakes(MANAGER + Ka. Instalasi+Case Manager)	manager		MANAJER MANAJER RUANGAN
74	AFTULESI NURHAYATI, S.GZ.RD.MPH	MANAJER RUANGAN	III/d	4042500	500000	8	2	2	2	2	MANAJER RUANGAN	24,255	24	6	6	6	16	82,255	0			NAKES	NAKES	NAKES	Nakes(MANAGER + Ka. Instalasi+Case Manager)	manager		MANAJER MANAJER RUANGAN
75	Ns. ABDUL KADIR ZAILANI, S.Kep	MANAJER KLINIS	III/d	4436700	500000	7	6	12	2	2	MANAJER KLINIS	26,6202	21	18	36	6	16	123,6202	0,05			NAKES	NAKES	NAKES	Nakes(MANAGER + Ka. Instalasi+Case Manager)	manager		MANAJER MANAJER KLINIS
76	Ns. FAIZUNA HAYANTI, S.Kep	MANAJER KLINIS	III/d	4720500	500000	7	12	6	2	2	MANAJER KLINIS	28,323	21	36	18	6	16	125,323	0			NAKES	NAKES	NAKES	Nakes(MANAGER + Ka. Instalasi+Case Manager)	manager		MANAJER MANAJER KLINIS
77	Ns. Fitri Dwi Parmasi, S.Kep	MANAJER KLINIS	III/c	3760100	500000	7	4	4	2	2	MANAJER KLINIS	22,5606	21	12	12	6	16	89,5606	0,05			NAKES	NAKES	NAKES	Nakes(MANAGER + Ka. Instalasi+Case Manager)	manager		MANAJER MANAJER KLINIS
78	Ns. IDA SUBARDIAH P, Sp.Kep.An	MANAJER KLINIS	IV/b	5128300	500000	9	6	4	2	2	MANAJER KLINIS	30,7698	27	18	12	6	16	109,7698	0			NAKES	NAKES	NAKES	Nakes(MANAGER + Ka. Instalasi+Case Manager)	manager		MANAJER MANAJER KLINIS
79	Nurhaeni, SST, M.Si	MANAJER KLINIS	IV/c	5687200	500000	8	6	6	2	2	MANAJER KLINIS	34,1232	24	18	18	6	16	116,1232	0			NAKES	NAKES	NAKES	Nakes(MANAGER + Ka. Instalasi+Case Manager)	manager		MANAJER MANAJER KLINIS
80	Ns. SANDRA ANDINI, Sp.Kep.M.B	MANAJER KLINIS	III/c	4126600	500000	9	6	6	2	2	MANAJER KLINIS	24,7596	27	18	18	6	16	109,7596	0			NAKES	NAKES	NAKES	Nakes(MANAGER + Ka. Instalasi+Case Manager)	manager		MANAJER MANAJER KLINIS
81	Ns. Senja Oktarini, S.Kep	MANAJER KLINIS	III/d	3683400	500000	7	4	4	2	2	MANAJER KLINIS	22,1004	21	12	12	6	16	89,1004	0			NAKES	NAKES	NAKES	Nakes(MANAGER + Ka. Instalasi+Case Manager)	manager		MANAJER MANAJER KLINIS
82	Ns. Zaikar Faizal, S.Kep, M.Kep	MANAJER KLINIS	IV/b	4819900	500000	8	12	6	2	2	MANAJER KLINIS	28,9194	24	36	18	6	16	128,9194	0			NAKES	NAKES	NAKES	Nakes(MANAGER + Ka. Instalasi+Case Manager)	manager		MANAJER MANAJER KLINIS
83	Ns. Supari, S.Kep	MANAJER KLINIS	IV/c	5456400	500000	7	6	6	2	2	MANAJER KLINIS	32,7384	21	18	18	6	16	111,7384	0			NAKES	NAKES	NAKES	Nakes(MANAGER + Ka. Instalasi+Case Manager)	manager		MANAJER MANAJER KLINIS
84	Ns. SURATMINAH, S.Kep	MANAJER KLINIS	IV/c	5687200	500000	7	6	4	2	2	MANAJER KLINIS	34,1232	21	18	12	6	16	107,1232	0,05			NAKES	NAKES	NAKES	Nakes(MANAGER + Ka. Instalasi+Case Manager)	manager		MANAJER MANAJER KLINIS
85	Andi Kamaliah Azir, SKM.,M.Kes	MANAJER KLINIS	IV/a	5075200	500000	8	2	2	2	2	MANAJER KLINIS	30,4512	24	6	6	6	16	88,4512	0,05			NAKES	NAKES	NAKES	Nakes(MANAGER + Ka. Instalasi+Case Manager)	manager		MANAJER MANAJER KLINIS
86	BUDIARSO, S.Kep	MANAJER KLINIS	III/b	4212500	500000	6	6	4	2	2	MANAJER KLINIS	25,275	18	18	12	6	16	95,275	0,05			NAKES	NAKES	NAKES	Nakes(MANAGER + Ka. Instalasi+Case Manager)	manager		MANAJER MANAJER KLINIS
87	Kartini Jayanti, SKM	MANAJER KLINIS	III/b	3497300	500000	6	6	6	2	2	MANAJER KLINIS	20,9838	18	18	18	6	16	96,9838	0			NAKES	NAKES	NAKES	Nakes(MANAGER + Ka. Instalasi+Case Manager)	manager		MANAJER MANAJER KLINIS
88	Ali Hanani, S.Kep	MANAJER KLINIS	IV/a	5235000	500000	6	6	6	2	2	MANAJER KLINIS	31,41	18	18	18	6	16	107,41	0,05			NAKES	NAKES	NAKES	Nakes(MANAGER + Ka. Instalasi+Case Manager)	manager		MANAJER MANAJER KLINIS
89	Bdn.ITA UDROTUSSANIAH, S.Tr.Keb	MANAJER KLINIS	III/c	3760100	500000	7	6	12	2	2	MANAJER KLINIS	22,5606	21	18	36	6	16	119,5606	0			NAKES	NAKES	NAKES	Nakes(MANAGER + Ka. Instalasi+Case Manager)	manager		MANAJER MANAJER KLINIS
90	DAVVY EKA SAPUTRA, S.KEP	MANAJER KLINIS	III/b	4212500	500000	6	12	12	2	2	MANAJER KLINIS	25,275	18	36	36	6	16	137,275	0			NAKES	NAKES	NAKES	Nakes(MANAGER + Ka. Instalasi+Case Manager)	manager		MANAJER MANAJER KLINIS
91	Dony Marlindo, S.Kep	MANAJER KLINIS	III/d	4436700	500000	6	12	12	2	2	MANAJER KLINIS	26,6202	18	36	36	6	16	138,6202	0,05			NAKES	NAKES	NAKES	Nakes(MANAGER + Ka. Instalasi+Case Manager)	manager		MANAJER MANAJER KLINIS
92	MARDANELA, S.ST	MANAJER KLINIS	IV/c	5687200	500000	6	6	6	2	2	MANAJER KLINIS	34,1232	18	18	18	6	16	110,1232	0			NAKES	NAKES	NAKES	Nakes(MANAGER + Ka. Instalasi+Case Manager)	manager		MANAJER MANAJER KLINIS
93	Nizar Alzamna, A.Md.Kep	MANAJER KLINIS	III/b	4083900	500000	5	6	12	2	2	MANAJER KLINIS	24,5034	15	18	36	6	16	115,5034	0			NAKES	NAKES	NAKES	Nakes(MANAGER + Ka. Instalasi+Case Manager)	manager		MANAJER MANAJER KLINIS
94	Ns. Berti, S.Kep	MANAJER KLINIS	III/d	4436700	500000	7	6	4	2	2	MANAJER KLINIS	26,6202	21	18	12	6	16	99,6202	0,05			NAKES	NAKES	NAKES	Nakes(MANAGER + Ka. Instalasi+Case Manager)	manager		MANAJER MANAJER KLINIS
95	Ns. Dian Yulianti, S.Kep	MANAJER KLINIS	III/d	4720500	500000	7	2	2	2	2	MANAJER KLINIS	28,323	21	6	6	6	16	83,323	0			NAKES	NAKES	NAKES	Nakes(MANAGER + Ka. Instalasi+Case Manager)	manager		MANAJER MANAJER KLINIS
96	Hastin Mayang Sari, S.Tr.Kes	MANAJER KLINIS	III/b	3238300	500000	6	6	6	2	2	MANAJER KLINIS	19,4298	18	18	18	6	16	95,4298	0			NAKES	NAKES	NAKES	Nakes(MANAGER + Ka. Instalasi+Case Manager)	manager		MANAJER MANAJER KLINIS
97	Ns. LENI SARI ASDI, S.Kep	MANAJER KLINIS	III/a	3305700	500000	7	6	4	2	2	MANAJER KLINIS	19,8342	21	18	12	6	16	92,8342	0			NAKES	NAKES	NAKES	Nakes(MANAGER + Ka. Instalasi+Case Manager)	manager		MANAJER MANAJER KLINIS
98	Ns.Erika Maulina Y, S.Kep.M.Kes	MANAJER KLINIS	III/b	3607500	500000	8	2	2	2	2	MANAJER KLINIS	21,645	24	6	6	6	16	79,645	0			NAKES	NAKES	NAKES	Nakes(MANAGER + Ka. Instalasi+Case Manager)	manager		MANAJER MANAJER KLINIS
99	Zanariah, S. Tr. Keb	MANAJER KLINIS	III/c	3760100	500000	6	4	4	2	2	MANAJER KLINIS	22,5606	18	12	12	6	16	86,5606	0			NAKES	NAKES	NAKES	Nakes(MANAGER + Ka. Instalasi+Case Manager)	manager		MANAJER MANAJER KLINIS
100	Ns. SRI SUGIYATI, S.Kep	MANAJER KLINIS	IV/b	4898100	500000	7	4	4	2	2	MANAJER KLINIS	29,3886	21	12	12	6	16	96,3886	0			NAKES	NAKES	NAKES	Nakes(MANAGER + Ka. Instalasi+Case Manager)	manager		MANAJER MANAJER KLINIS
101	Ns. Sumaryono, S.Kep	MANAJER KLINIS	III/d	4720500	500000	7	12	12	2	2	MANAJER KLINIS	28,323	21	36	36	6	16	143,323	0,05			NAKES	NAKES	NAKES	Nakes(MANAGER + Ka. Instalasi+Case Manager)	manager		MANAJER MANAJER KLINIS
102	Ns. HENI SUSIAWATI, S.Kep	MANAJER KLINIS	III/c	4256600	500000	7	4	4	2	2	MANAJER KLINIS	25,5396	21	12	12	6	16	92,5396	0			NAKES	NAKES	NAKES	Nakes(MANAGER + Ka. Instalasi+Case Manager)	manager		MANAJER MANAJER KLINIS
103	Ns. Munani, S.Kep	MANAJER KLINIS	IV/c	5866400	500000	7	2	2	2	2	MANAJER KLINIS	35,1984	21	6	6	6	16	90,1984	0			NAKES	NAKES	NAKES	Nakes(MANAGER + Ka. Instalasi+Case Manager)	manager		MANAJER MANAJER KLINIS
104	Ns. NILA ERNAWATI, S.Kep	MANAJER KLINIS	III/c	4126600	500000	7	4	4	2	2	MANAJER KLINIS	24,7596	21	12	12	6	16	91,7596	0			NAKES	NAKES	NAKES	Nakes(MANAGER + Ka. Instalasi+Case Manager)	manager		MANAJER MANAJER KLINIS
105	Ns. MARLINA WARA SARITRI, S.Kep	MANAJER KLINIS	IV/c	5866400	500000	7	6	4	2	2	MANAJER KLINIS	35,1984	21	18	12	6	16	108,1984	0			NAKES	NAKES	NAKES	Nakes(MANAGER + Ka. Instalasi+Case Manager)	manager		MANAJER MANAJER KLINIS
106	Ns. Mety Candika, S.Kep	MANAJER KLINIS	III/d	4042500	500000	7	12	12	2	2	MANAJER KLINIS	24,255	21	36	36	6	16	139,255	0			NAKES	NAKES	NAKES	Nakes(MANAGER + Ka. Instalasi+Case Manager)	manager		MANAJER MANAJER KLINIS
107	Ns. Prima Febrianto P, S.Kep	MANAJER KLINIS	III/d	4301200	500000	7	12	6	2	2	MANAJER KLINIS	25,8072	21	36	18	6	16	122,8072	0			NAKES	NAKES	NAKES	Nakes(MANAGER + Ka. Instalasi+Case Manager)	manager		MANAJER MANAJER KLINIS
108	Ns. ROSALIA RESTIWI, S.Kep	MANAJER KLINIS	IV/c	5866400	500000	7	6	4	2	2	MANAJER KLINIS	35,1984	21	18	12	6	16	108,1984	0			NAKES	NAKES	NAKES	Nakes(MANAGER + Ka. Instalasi+Case Manager)	manager		MANAJER MANAJER KLINIS
109	YULIZA WINDY, S.Tr.Kes	MANAJER KLINIS	III/b	3186600	500000	6	12	4	2	2	MANAJER KLINIS	19,1196	18	36	12	6	16	107,1196	0			NAKES	NAKES	NAKES	Nakes(MANAGER + Ka. Instalasi+Case Manager)	manager		MANAJER MANAJER KLINIS
110	Ns. HENDRA ANANDA, S.Kep	MANAJER KLINIS	III/c	3572000	500000	7	6	12	2	2	MANAJER KLINIS	21,432	21	18	36	6	16	118,432	0			NAKES	NAKES	NAKES	Nakes(MANAGER + Ka. Instalasi+Case Manager)	manager		MANAJER MANAJER KLINIS
111	SOFWAN HALIMI, S.ST., M.Si	MANAJER KLINIS	III/c	4126600	500000	8	6	6	2	2	MANAJER KLINIS	24,7596	24	18	18	6	16	106,7596	0			NAKES	NAKES	NAKES	Nakes(MANAGER + Ka. Instalasi+Case Manager)	manager		MANAJER MANAJER KLINIS
112	Dwi Novrita Yudiana, AMG	MANAJER KLINIS	III/d	4720500	500000	5	2	2	2	2	MANAJER KLINIS	28,323	15	6	6	6	16	77,323	0,05			NAKES	NAKES	NAKES	Nakes(MANAGER + Ka. Instalasi+Case Manager)	manager		MANAJER MANAJER KLINIS
113	HARRY NURDI, S.Tr.Kes	MANAJER KLINIS	III/a	2873500	500000	6	12	4	2	2	MANAJER KLINIS	17,241	18	36	12	6	16	105,241	0			NAKES	NAKES	NAKES	Nakes(MANAGER + Ka. Instalasi+Case Manager)	manager		MANAJER MANAJER KLINIS
114	BENNY GUSTIAN, A.MD.KEP	MANAJER KLINIS	III/d	4436700	500000	5	6	12	2	2	MANAJER KLINIS	26,6202	15	18	36	6	16	117,6202	0			NAKES	NAKES	NAKES	Nakes(MANAGER + Ka. Instalasi+Case Manager)	manager		MANAJER MANAJER KLINIS
115	Ns. LIA FATMAWATI, S.Kep	MANAJER KLINIS	III/d	4301200	500000	7	12	6	2	2	MANAJER KLINIS	25,8072	21	36	18	6	16	122,8072	0			NAKES	NAKES	NAKES	Nakes(MANAGER + Ka. Instalasi+Case Manager)	manager		MANAJER MANAJER KLINIS
116	Lenia Sari, A.Md.Kep	MANAJER KLINIS	III/b	3959200	500000	5	4	4	2	2	MANAJER KLINIS	23,7552	15	12	12	6	16	84,7552	0			NAKES	NAKES	NAKES	Nakes(MANAGER + Ka. Instalasi+Case Manager)	manager		MANAJER MANAJER KLINIS
117	Leni Apridawati, A.Md.Kep	MANAJER KLINIS	III/b	3497300	500000	5	4	4	2	2	MANAJER KLINIS	20,9838	15	12	12	6	16	81,9838	0			NAKES	NAKES	NAKES	Nakes(MANAGER + Ka. Instalasi+Case Manager)	manager		MANAJER MANAJER KLINIS
118	NS. SULASTRI, S.Kep	MANAJER KLINIS	III/b	3186600	500000	7	6	4	2	2	MANAJER KLINIS	19,1196	21	18	12	6	16	92,1196	0			NAKES	NAKES	NAKES	Nakes(MANAGER + Ka. Instalasi+Case Manager)	manager		MANAJER MANAJER KLINIS
119	Vita Rostiawati SDA, A.Md.Kep	MANAJER KLINIS	III/c	4126600	500000	5	4	4	2	2	MANAJER KLINIS	24,7596	15	12	12	6	16	85,7596	0			NAKES	NAKES	NAKES	Nakes(MANAGER + Ka. Instalasi+Case Manager)	manager		MANAJER MANAJER KLINIS
120	Ns. Reni Juwita, S.Kep	MANAJER KLINIS	III/c	3645200	500000	7	6	4	2	2	MANAJER KLINIS	21,8712	21	18	12	6	16	94,8712	0			NAKES	NAKES	NAKES	Nakes(MANAGER + Ka. Instalasi+Case Manager)	manager		MANAJER MANAJER KLINIS
121	Ns.EVA NOVIANA MARYANA, S.Kep	MANAJER KLINIS	III/c	3612000	500000	7	4	4	2	2	MANAJER KLINIS	21,672	21	12	12	6	16	88,672	0			NAKES	NAKES	NAKES	Nakes(MANAGER + Ka. Instalasi+Case Manager)	manager		MANAJER MANAJER KLINIS
122	Intristi, S.Sos, MM	STAF ADM UMUM	IV/a	0	500000	0	0	0	0	2	SUB BAG KEPEGAWAIAN	0	0	0	0	0	0	0	0			NAKES	NAKES	NAKES	Nakes(MANAGER + Ka. Instalasi+Case Manager)	manager		MANAJER MANAJER KLINIS
123	HENI PUTRI DIANTI, SKM, M.KES	STAF ADM PELAYANAN	III/d	3799400	500000	8	1	1	2	2	INSTALASI DIKLAT	22,7964	24	3	3	6	16	74,7964	0,05			ADM+Komite Keperawatan+Komite Nakes+Komite Medik+Ka.SPI	ADM	ADM				STAF INSTALASI DIKLAT
124	Indra Rosadi, S.KM	STAF ADM UMUM	III/d	4301200	500000	6	1	1	1	2	SUB BAG KEPEGAWAIAN	25,8072	18	3	3	3	8	60,8072	0			ADM+Komite Keperawatan+Komite Nakes+Komite Medik+Ka.SPI	ADM	ADM				STAF SUB BAG KEPEGAWAIAN
125	Alma'ruf Kusnan Desmi N, S.Kom	STAF ADM PELAYANAN	III/c	4567400	500000	6	6	3	1	2	IGD	27,4044	18	18	9	3	8	83,4044	0,05			ADM+Komite Keperawatan+Komite Nakes+Komite Medik+Ka.SPI	ADM	ADM				STAF IGD
126	Hanifah Aprilia Widiyanti, SKM	STAF ADM PELAYANAN	III/d	3518100	500000	6	1	1	1	2	SUB BAG PENYUSUNAN PELAPORAN & ANGG	21,1086	18	3	3	3	8	56,1086	0			ADM+Komite Keperawatan+Komite Nakes+Komite Medik+Ka.SPI	ADM	ADM				STAF SUB BAG PENYUSUNAN PELAPORAN & ANGG
127	Ns. Hayatun Nufus, S.Kep, M.M	STAF ADM UMUM	III/c	4576400	500000	8	1	1	1	2	SUB BAG RT/PERLENGKAPAN	27,4584	24	3	3	3	8	68,4584	0,05			ADM+Komite Keperawatan+Komite Nakes+Komite Medik+Ka.SPI	ADM	ADM				STAF SUB BAG RT/PERLENGKAPAN
128	YUSRI INDRA S.Sos	STAF ADM PELAYANAN	IX	3203600	500000	6	1	1	1	2	IRJ	19,2216	18	3	3	3	8	54,2216	0			ADM+Komite Keperawatan+Komite Nakes+Komite Medik+Ka.SPI	ADM	ADM				STAF IRJ
129	Andi Syarifudin, A.Md.Kep	STAF ADM PELAYANAN	III/c	4671600	500000	5	1	1	1	2	IRJ	28,0296	15	3	3	3	8	60,0296	0			ADM+Komite Keperawatan+Komite Nakes+Komite Medik+Ka.SPI	ADM	ADM				STAF IRJ
130	YUASTUTI	STAF ADM PELAYANAN	V	2511500	500000	3	1	1	1	2	IRJ	15,069	9	3	3	3	8	41,069	0			ADM+Komite Keperawatan+Komite Nakes+Komite Medik+Ka.SPI	ADM	ADM				STAF IRJ
131	Sri Rejeki	STAF ADM PELAYANAN	III/a	4168800	500000	3	1	1	1	2	IRJ	25,0128	9	3	3	3	8	51,0128	0,05			ADM+Komite Keperawatan+Komite Nakes+Komite Medik+Ka.SPI	ADM	ADM				STAF IRJ
132	Nana Mariana	STAF ADM PELAYANAN	V	2511500	500000	3	1	1	1	2	IRJ	15,069	9	3	3	3	8	41,069	0			ADM+Komite Keperawatan+Komite Nakes+Komite Medik+Ka.SPI	ADM	ADM				STAF IRJ
133	Fitriani	STAF ADM PELAYANAN	V	2511500	500000	3	1	1	1	2	IRJ	15,069	9	3	3	3	8	41,069	0			ADM+Komite Keperawatan+Komite Nakes+Komite Medik+Ka.SPI	ADM	ADM				STAF IRJ
134	Evi Laili	STAF ADM PELAYANAN	V	2511500	500000	3	1	1	1	2	IRJ	15,069	9	3	3	3	8	41,069	0			ADM+Komite Keperawatan+Komite Nakes+Komite Medik+Ka.SPI	ADM	ADM				STAF IRJ
135	Armi Retno Gargari, A.Md.KL	STAF ADM PELAYANAN	VII	2858800	500000	5	1	1	1	2	SUB BAG UMUM	17,1528	15	3	3	3	8	49,1528	0			ADM+Komite Keperawatan+Komite Nakes+Komite Medik+Ka.SPI	ADM	ADM				STAF SUB BAG UMUM
136	Christie Widya Ningrum	STAF ADM PELAYANAN	V	2511500	500000	3	1	1	1	2	IRJ	15,069	9	3	3	3	8	41,069	0			ADM+Komite Keperawatan+Komite Nakes+Komite Medik+Ka.SPI	ADM	ADM				STAF IRJ
137	Fillipus Septi Hartono	STAF ADM PELAYANAN	II/d	3999600	500000	5	1	1	1	2	IRJ	23,9976	15	3	3	3	8	55,9976	0,05			ADM+Komite Keperawatan+Komite Nakes+Komite Medik+Ka.SPI	ADM	ADM				STAF IRJ
138	ACHMAD FASKAL, A.Md	STAF ADM UMUM	VII	2858800	500000	5	2	2	1	2	INSTALASI EDP-TI	17,1528	15	6	6	3	8	55,1528	0			ADM+Komite Keperawatan+Komite Nakes+Komite Medik+Ka.SPI	ADM	ADM				STAF INSTALASI EDP-TI
139	EGI ADE PUTRA	STAF ADM UMUM	V	2511500	500000	3	3	6	1	2	IGD	15,069	9	9	18	3	8	62,069	0,05			ADM+Komite Keperawatan+Komite Nakes+Komite Medik+Ka.SPI	ADM	ADM				STAF IGD
140	Agus Widiyanto	STAF ADM PELAYANAN	V	2511500	500000	3	3	6	1	2	IGD	15,069	9	9	18	3	8	62,069	0,05			ADM+Komite Keperawatan+Komite Nakes+Komite Medik+Ka.SPI	ADM	ADM				STAF IGD
141	Casrudi	STAF ADM PELAYANAN	III/a	3918100	500000	3	3	6	1	2	IGD	23,5086	9	9	18	3	8	70,5086	0			ADM+Komite Keperawatan+Komite Nakes+Komite Medik+Ka.SPI	ADM	ADM				STAF IGD
142	Muchlisah	STAF ADM PELAYANAN	III/a	3798500	500000	3	3	6	1	2	IGD	22,791	9	9	18	3	8	69,791	0,05			ADM+Komite Keperawatan+Komite Nakes+Komite Medik+Ka.SPI	ADM	ADM				STAF IGD
143	Mujiono	STAF ADM PELAYANAN	II/b	2963200	500000	3	3	6	1	2	IGD	17,7792	9	9	18	3	8	64,7792	0,05			ADM+Komite Keperawatan+Komite Nakes+Komite Medik+Ka.SPI	ADM	ADM				STAF IGD
144	Naimah	STAF ADM PELAYANAN	II/b	2700000	500000	2	3	6	1	2	IGD	16,2	6	9	18	3	8	60,2	0			ADM+Komite Keperawatan+Komite Nakes+Komite Medik+Ka.SPI	ADM	ADM				STAF IGD
145	ROBIANSYAH	STAF ADM PELAYANAN	V	2511500	500000	3	3	6	1	2	IGD	15,069	9	9	18	3	8	62,069	0,05			ADM+Komite Keperawatan+Komite Nakes+Komite Medik+Ka.SPI	ADM	ADM				STAF IGD
146	Roma Saputra	STAF ADM PELAYANAN	V	2511500	500000	3	3	6	1	2	IGD	15,069	9	9	18	3	8	62,069	0			ADM+Komite Keperawatan+Komite Nakes+Komite Medik+Ka.SPI	ADM	ADM				STAF IGD
147	SUDERAJAT	STAF ADM PELAYANAN	V	2511500	500000	3	3	6	1	2	SUB BAGIAN REKAM MEDIK	15,069	9	9	18	3	8	62,069	0			ADM+Komite Keperawatan+Komite Nakes+Komite Medik+Ka.SPI	ADM	ADM				STAF SUB BAGIAN REKAM MEDIK
148	Yohanes Saptoro	STAF ADM PELAYANAN	I/d	2643700	500000	1	3	6	1	2	IGD	15,8622	3	9	18	3	8	56,8622	0			ADM+Komite Keperawatan+Komite Nakes+Komite Medik+Ka.SPI	ADM	ADM				STAF IGD
149	Redho Wijaya Usman	STAF ADM PELAYANAN	V	2511500	500000	3	3	6	1	2	IGD	15,069	9	9	18	3	8	62,069	0			ADM+Komite Keperawatan+Komite Nakes+Komite Medik+Ka.SPI	ADM	ADM				STAF IGD
150	Maya Marlina	STAF ADM PELAYANAN	V	2511500	500000	3	3	6	1	2	IGD	15,069	9	9	18	3	8	62,069	0,05			ADM+Komite Keperawatan+Komite Nakes+Komite Medik+Ka.SPI	ADM	ADM				STAF IGD
151	Nunung Asiani	STAF ADM PELAYANAN	II/a	3218400	500000	1	6	6	1	2	INSTALASI BEDAH SENTRAL	19,3104	3	18	18	3	8	69,3104	0,05			ADM+Komite Keperawatan+Komite Nakes+Komite Medik+Ka.SPI	ADM	ADM				STAF INSTALASI BEDAH SENTRAL
152	Rudiansyah	STAF ADM PELAYANAN	V	2511500	500000	3	6	6	1	2	INSTALASI BEDAH SENTRAL	15,069	9	18	18	3	8	71,069	0			ADM+Komite Keperawatan+Komite Nakes+Komite Medik+Ka.SPI	ADM	ADM				STAF INSTALASI BEDAH SENTRAL
153	Abdul Rohim, A.Md.KL	STAF ADM PELAYANAN	VII	2858800	500000	5	6	6	1	2	INSTALASI BEDAH SENTRAL	17,1528	15	18	18	3	8	79,1528	0			ADM+Komite Keperawatan+Komite Nakes+Komite Medik+Ka.SPI	ADM	ADM				STAF INSTALASI BEDAH SENTRAL
154	Dedi Suparno	STAF ADM PELAYANAN	II/c	3720100	500000	3	6	6	1	2	INSTALASI BEDAH SENTRAL	22,3206	9	18	18	3	8	78,3206	0			ADM+Komite Keperawatan+Komite Nakes+Komite Medik+Ka.SPI	ADM	ADM				STAF INSTALASI BEDAH SENTRAL
155	Ning Hayati	STAF ADM PELAYANAN	III/a	4041500	500000	3	6	6	1	2	INSTALASI BEDAH SENTRAL	24,249	9	18	18	3	8	80,249	0			ADM+Komite Keperawatan+Komite Nakes+Komite Medik+Ka.SPI	ADM	ADM				STAF INSTALASI BEDAH SENTRAL
156	Ririn Sukmawati, A.Md	STAF ADM PELAYANAN	VII	2858800	500000	5	6	6	1	2	INSTALASI BEDAH SENTRAL	17,1528	15	18	18	3	8	79,1528	0			ADM+Komite Keperawatan+Komite Nakes+Komite Medik+Ka.SPI	ADM	ADM				STAF INSTALASI BEDAH SENTRAL
157	Usman	STAF ADM PELAYANAN	II/d	4168800	500000	3	6	6	1	2	INSTALASI BEDAH SENTRAL	25,0128	9	18	18	3	8	81,0128	0			ADM+Komite Keperawatan+Komite Nakes+Komite Medik+Ka.SPI	ADM	ADM				STAF INSTALASI BEDAH SENTRAL
158	Supiyati, S.KOM	STAF ADM PELAYANAN	III/a	3798500	500000	6	6	6	1	2	INSTALASI BEDAH SENTRAL	22,791	18	18	18	3	8	87,791	0			ADM+Komite Keperawatan+Komite Nakes+Komite Medik+Ka.SPI	ADM	ADM				STAF INSTALASI BEDAH SENTRAL
159	Imam Abadi	STAF ADM PELAYANAN	III/a	3570100	500000	3	6	6	1	2	INSTALASI ANESTESI	21,4206	9	18	18	3	8	77,4206	0,05			ADM+Komite Keperawatan+Komite Nakes+Komite Medik+Ka.SPI	ADM	ADM				STAF INSTALASI ANESTESI
160	ABDUL ROHMAN, A.Md	STAF ADM PELAYANAN	VII	2858800	500000	5	6	6	1	2	INSTALASI ANESTESI	17,1528	15	18	18	3	8	79,1528	0,05			ADM+Komite Keperawatan+Komite Nakes+Komite Medik+Ka.SPI	ADM	ADM				STAF INSTALASI ANESTESI
161	RUMIATI	STAF ADM PELAYANAN	II/c	3286200	500000	3	6	3	1	2	ICU / ICCU / PICU	19,7172	9	18	9	3	8	66,7172	0,05			ADM+Komite Keperawatan+Komite Nakes+Komite Medik+Ka.SPI	ADM	ADM				STAF ICU / ICCU / PICU
162	Sukirman	STAF ADM PELAYANAN	II/c	3720100	500000	2	6	3	1	2	ICU / ICCU / PICU	22,3206	6	18	9	3	8	66,3206	0,05			ADM+Komite Keperawatan+Komite Nakes+Komite Medik+Ka.SPI	ADM	ADM				STAF ICU / ICCU / PICU
163	Iwan Kurniawan	STAF ADM PELAYANAN	V	2511500	500000	3	6	3	1	2	ICU / ICCU / PICU	15,069	9	18	9	3	8	62,069	0			ADM+Komite Keperawatan+Komite Nakes+Komite Medik+Ka.SPI	ADM	ADM				STAF ICU / ICCU / PICU
164	Iswantoro	STAF ADM PELAYANAN	II/d	3644300	500000	3	6	3	1	2	R. CVCU JANTUNG	21,8658	9	18	9	3	8	68,8658	0			ADM+Komite Keperawatan+Komite Nakes+Komite Medik+Ka.SPI	ADM	ADM				STAF R. CVCU JANTUNG
165	Margaretha Rim Sabrina, S.E	STAF ADM PELAYANAN	IX	3203600	500000	6	6	3	1	2	R. CVCU JANTUNG	19,2216	18	18	9	3	8	75,2216	0,05			ADM+Komite Keperawatan+Komite Nakes+Komite Medik+Ka.SPI	ADM	ADM				STAF R. CVCU JANTUNG
166	Damai Yanti, A.Md	STAF ADM PELAYANAN	VII	2858800	500000	5	3	2	1	2	R. ANAK	17,1528	15	9	6	3	8	58,1528	0			ADM+Komite Keperawatan+Komite Nakes+Komite Medik+Ka.SPI	ADM	ADM				STAF R. ANAK
167	Kurnia Ari Ningtyas, S.KOM	STAF ADM PELAYANAN	IX	3203600	500000	3	3	2	1	2	R. ANAK	19,2216	9	9	6	3	8	54,2216	0			ADM+Komite Keperawatan+Komite Nakes+Komite Medik+Ka.SPI	ADM	ADM				STAF R. ANAK
168	Ratna Jumiati	STAF ADM PELAYANAN	II/b	2872700	500000	3	3	2	1	2	R. ANAK	17,2362	9	9	6	3	8	52,2362	0			ADM+Komite Keperawatan+Komite Nakes+Komite Medik+Ka.SPI	ADM	ADM				STAF R. ANAK
169	REBUDIN	STAF ADM PELAYANAN	II/b	2872700	500000	3	3	2	1	2	R. ANAK	17,2362	9	9	6	3	8	52,2362	0			ADM+Komite Keperawatan+Komite Nakes+Komite Medik+Ka.SPI	ADM	ADM				STAF R. ANAK
170	Rudiyanto	STAF ADM PELAYANAN	V	2511500	500000	3	3	2	1	2	R. ANAK	15,069	9	9	6	3	8	50,069	0			ADM+Komite Keperawatan+Komite Nakes+Komite Medik+Ka.SPI	ADM	ADM				STAF R. ANAK
171	HAIRUL DANAR LUPIANTO	STAF ADM PELAYANAN	II/a	2756200	500000	2	6	3	1	2	R. ONKOLOGI TERPADU (KHEMOTERAPI)	16,5372	6	18	9	3	8	60,5372	0,05			ADM+Komite Keperawatan+Komite Nakes+Komite Medik+Ka.SPI	ADM	ADM				STAF R. ONKOLOGI TERPADU (KHEMOTERAPI)
172	Desri Yani	STAF ADM PELAYANAN	I	1938500	500000	1	6	3	1	2	R. ONKOLOGI TERPADU (KHEMOTERAPI)	11,631	3	18	9	3	8	52,631	0			ADM+Komite Keperawatan+Komite Nakes+Komite Medik+Ka.SPI	ADM	ADM				STAF R. ONKOLOGI TERPADU (KHEMOTERAPI)
173	Femi Eliyana	STAF ADM PELAYANAN	I	1938500	500000	1	6	3	1	2	R. ONKOLOGI TERPADU (KHEMOTERAPI)	11,631	3	18	9	3	8	52,631	0,05			ADM+Komite Keperawatan+Komite Nakes+Komite Medik+Ka.SPI	ADM	ADM				STAF R. ONKOLOGI TERPADU (KHEMOTERAPI)
174	RISKA EVITA SARI, S.Kep	STAF ADM PELAYANAN	IX	3203600	500000	6	6	3	1	2	R. ONKOLOGI TERPADU (KHEMOTERAPI)	19,2216	18	18	9	3	8	75,2216	0,05			ADM+Komite Keperawatan+Komite Nakes+Komite Medik+Ka.SPI	ADM	ADM				STAF R. ONKOLOGI TERPADU (KHEMOTERAPI)
175	ANNUR WULANDARI J, S.Ti	STAF ADM PELAYANAN	IX	3203600	500000	6	2	2	1	2	R. BEDAH	19,2216	18	6	6	3	8	60,2216	0,05			ADM+Komite Keperawatan+Komite Nakes+Komite Medik+Ka.SPI	ADM	ADM				STAF R. BEDAH
176	BENNY SETIAWAN, SE	STAF ADM PELAYANAN	IX	3203600	500000	6	2	2	1	2	R. BEDAH	19,2216	18	6	6	3	8	60,2216	0			ADM+Komite Keperawatan+Komite Nakes+Komite Medik+Ka.SPI	ADM	ADM				STAF R. BEDAH
177	Rosimah	STAF ADM PELAYANAN	V	2511500	500000	3	2	2	1	2	R. BEDAH	15,069	9	6	6	3	8	47,069	0			ADM+Komite Keperawatan+Komite Nakes+Komite Medik+Ka.SPI	ADM	ADM				STAF R. BEDAH
178	SUDI YANTI, SE	STAF ADM PELAYANAN	IX	3203600	500000	6	2	2	1	2	R. BEDAH	19,2216	18	6	6	3	8	60,2216	0,05			ADM+Komite Keperawatan+Komite Nakes+Komite Medik+Ka.SPI	ADM	ADM				STAF R. BEDAH
179	Supandi	STAF ADM PELAYANAN	-	2300000	500000	1	2	2	1	2	R. BEDAH	13,8	3	6	6	3	8	39,8	0			ADM+Komite Keperawatan+Komite Nakes+Komite Medik+Ka.SPI	ADM	ADM				STAF R. BEDAH
180	SUPARTI	STAF ADM PELAYANAN	V	2511500	500000	3	6	2	1	2	INSTALASI RADIOLOGI	15,069	9	18	6	3	8	59,069	0,05			ADM+Komite Keperawatan+Komite Nakes+Komite Medik+Ka.SPI	ADM	ADM				STAF INSTALASI RADIOLOGI
181	Yulia	STAF ADM PELAYANAN	III/a	3570100	500000	3	2	2	1	2	R. BEDAH	21,4206	9	6	6	3	8	53,4206	0,05			ADM+Komite Keperawatan+Komite Nakes+Komite Medik+Ka.SPI	ADM	ADM				STAF R. BEDAH
182	ZULHANUDIN	STAF ADM PELAYANAN	V	2511500	500000	3	2	2	1	2	R. BEDAH	15,069	9	6	6	3	8	47,069	0			ADM+Komite Keperawatan+Komite Nakes+Komite Medik+Ka.SPI	ADM	ADM				STAF R. BEDAH
183	Tirah	STAF ADM PELAYANAN	I	1938500	500000	1	2	2	1	2	R. BEDAH	11,631	3	6	6	3	8	37,631	0			ADM+Komite Keperawatan+Komite Nakes+Komite Medik+Ka.SPI	ADM	ADM				STAF R. BEDAH
184	Setia Ningsih, S.KOM	STAF ADM PELAYANAN	IX	3203600	500000	6	2	2	1	2	R. NEUROLOGI	19,2216	18	6	6	3	8	60,2216	0,05			ADM+Komite Keperawatan+Komite Nakes+Komite Medik+Ka.SPI	ADM	ADM				STAF R. NEUROLOGI
185	Okto Suwarno	STAF ADM PELAYANAN	II/c	3088600	500000	3	2	2	1	2	R. KEBIDANAN	18,5316	9	6	6	3	8	50,5316	0,05			ADM+Komite Keperawatan+Komite Nakes+Komite Medik+Ka.SPI	ADM	ADM				STAF R. KEBIDANAN
186	ILHAM HOIRU NAZAR	STAF ADM PELAYANAN	V	2511500	500000	3	2	2	1	2	R. KEBIDANAN	15,069	9	6	6	3	8	47,069	0			ADM+Komite Keperawatan+Komite Nakes+Komite Medik+Ka.SPI	ADM	ADM				STAF R. KEBIDANAN
187	Badriyah	STAF ADM PELAYANAN	II/a	2843000	500000	3	2	2	1	2	R. KEBIDANAN	17,058	9	6	6	3	8	49,058	0			ADM+Komite Keperawatan+Komite Nakes+Komite Medik+Ka.SPI	ADM	ADM				STAF R. KEBIDANAN
188	Heri Sudibyo	STAF ADM PELAYANAN	V	2511500	500000	3	3	2	1	2	R. PINERE	15,069	9	9	6	3	8	50,069	0,05			ADM+Komite Keperawatan+Komite Nakes+Komite Medik+Ka.SPI	ADM	ADM				STAF R. PINERE
189	Mulyati	STAF ADM PELAYANAN	II/b	2963200	500000	2	3	2	1	2	R. PINERE	17,7792	6	9	6	3	8	49,7792	0,05			ADM+Komite Keperawatan+Komite Nakes+Komite Medik+Ka.SPI	ADM	ADM				STAF R. PINERE
190	Ahyani	STAF ADM PELAYANAN	V	2511500	500000	3	3	2	1	2	R. PARU	15,069	9	9	6	3	8	50,069	0			ADM+Komite Keperawatan+Komite Nakes+Komite Medik+Ka.SPI	ADM	ADM				STAF R. PARU
191	Ayu Dwita Sari,S.KOM	STAF ADM PELAYANAN	IX	3203600	500000	6	3	2	1	2	R. PARU	19,2216	18	9	6	3	8	63,2216	0			ADM+Komite Keperawatan+Komite Nakes+Komite Medik+Ka.SPI	ADM	ADM				STAF R. PARU
192	KURNIAWAN	STAF ADM PELAYANAN	V	2511500	500000	3	3	2	1	2	R. PARU	15,069	9	9	6	3	8	50,069	0,05			ADM+Komite Keperawatan+Komite Nakes+Komite Medik+Ka.SPI	ADM	ADM				STAF R. PARU
193	Nur Kalsumasari	STAF ADM PELAYANAN	V	2511500	500000	3	3	2	1	2	R. PARU	15,069	9	9	6	3	8	50,069	0			ADM+Komite Keperawatan+Komite Nakes+Komite Medik+Ka.SPI	ADM	ADM				STAF R. PARU
194	Nurlaili	STAF ADM PELAYANAN	II/c	3185800	500000	2	3	2	1	2	R. PARU	19,1148	6	9	6	3	8	51,1148	0,05			ADM+Komite Keperawatan+Komite Nakes+Komite Medik+Ka.SPI	ADM	ADM				STAF R. PARU
195	Slamet	STAF ADM PELAYANAN	I	1938500	500000	1	2	2	1	2	R. PBH LANTAI 2	11,631	3	6	6	3	8	37,631	0			ADM+Komite Keperawatan+Komite Nakes+Komite Medik+Ka.SPI	ADM	ADM				STAF R. PBH LANTAI 2
196	Ida Kurnia	STAF ADM PELAYANAN	V	2511500	500000	3	2	2	1	2	R. PBH LANTAI 2	15,069	9	6	6	3	8	47,069	0			ADM+Komite Keperawatan+Komite Nakes+Komite Medik+Ka.SPI	ADM	ADM				STAF R. PBH LANTAI 2
197	Endang Wahyuningsih	STAF ADM PELAYANAN	II/d	3425200	500000	3	2	2	1	2	R. PBH LANTAI 2	20,5512	9	6	6	3	8	52,5512	0			ADM+Komite Keperawatan+Komite Nakes+Komite Medik+Ka.SPI	ADM	ADM				STAF R. PBH LANTAI 2
198	Abdul Muntholib	STAF ADM PELAYANAN	V	2511500	500000	3	2	2	1	2	R. PBH LANTAI 2	15,069	9	6	6	3	8	47,069	0			ADM+Komite Keperawatan+Komite Nakes+Komite Medik+Ka.SPI	ADM	ADM				STAF R. PBH LANTAI 2
199	Ahmad Rusman	STAF ADM PELAYANAN	I	1938500	500000	1	2	2	1	2	R. PBH LANTAI 3	11,631	3	6	6	3	8	37,631	0			ADM+Komite Keperawatan+Komite Nakes+Komite Medik+Ka.SPI	ADM	ADM				STAF R. PBH LANTAI 3
200	Fitri Martiana Sari, A.Md	STAF ADM PELAYANAN	VII	2858800	500000	5	2	2	1	2	R. PBH LANTAI 4	17,1528	15	6	6	3	8	55,1528	0			ADM+Komite Keperawatan+Komite Nakes+Komite Medik+Ka.SPI	ADM	ADM				STAF R. PBH LANTAI 4
201	Sahyudi	STAF ADM PELAYANAN	V	2511500	500000	3	2	2	1	2	R. PBH LANTAI 4	15,069	9	6	6	3	8	47,069	0			ADM+Komite Keperawatan+Komite Nakes+Komite Medik+Ka.SPI	ADM	ADM				STAF R. PBH LANTAI 4
202	ADE NANDATRI AGUSTIAWAN, S.Kom	STAF ADM PELAYANAN	IX	3203600	500000	6	3	2	1	2	R. PENYAKIT DALAM INFEKSIUS	19,2216	18	9	6	3	8	63,2216	0			ADM+Komite Keperawatan+Komite Nakes+Komite Medik+Ka.SPI	ADM	ADM				STAF R. PENYAKIT DALAM INFEKSIUS
203	Hariyanto	STAF ADM PELAYANAN	II/a	3152800	500000	2	3	2	1	2	R. PENYAKIT DALAM INFEKSIUS	18,9168	6	9	6	3	8	50,9168	0			ADM+Komite Keperawatan+Komite Nakes+Komite Medik+Ka.SPI	ADM	ADM				STAF R. PENYAKIT DALAM INFEKSIUS
204	Samsoni Andri	STAF ADM PELAYANAN	II/d	3425200	500000	3	3	2	1	2	R. PENYAKIT DALAM INFEKSIUS	20,5512	9	9	6	3	8	55,5512	0,05			ADM+Komite Keperawatan+Komite Nakes+Komite Medik+Ka.SPI	ADM	ADM				STAF R. PENYAKIT DALAM INFEKSIUS
205	Evi Riana, S.S	STAF ADM PELAYANAN	-	2300000	500000	3	2	2	1	2	R. PENYAKIT DALAM NON INFEKSIUS	13,8	9	6	6	3	8	45,8	0			ADM+Komite Keperawatan+Komite Nakes+Komite Medik+Ka.SPI	ADM	ADM				STAF R. PENYAKIT DALAM NON INFEKSIUS
206	MUDASIR	STAF ADM PELAYANAN	V	2511500	500000	3	2	2	1	2	R. PENYAKIT DALAM NON INFEKSIUS	15,069	9	6	6	3	8	47,069	0			ADM+Komite Keperawatan+Komite Nakes+Komite Medik+Ka.SPI	ADM	ADM				STAF R. PENYAKIT DALAM NON INFEKSIUS
207	Vera Astuti, A.Md	STAF ADM PELAYANAN	VII	2858800	500000	5	2	2	1	2	R. PENYAKIT DALAM NON INFEKSIUS	17,1528	15	6	6	3	8	55,1528	0			ADM+Komite Keperawatan+Komite Nakes+Komite Medik+Ka.SPI	ADM	ADM				STAF R. PENYAKIT DALAM NON INFEKSIUS
208	WAWAN HANAFI	STAF ADM PELAYANAN	V	2511500	500000	3	2	2	1	2	R. PENYAKIT DALAM NON INFEKSIUS	15,069	9	6	6	3	8	47,069	0			ADM+Komite Keperawatan+Komite Nakes+Komite Medik+Ka.SPI	ADM	ADM				STAF R. PENYAKIT DALAM NON INFEKSIUS
209	Muzanni	STAF ADM PELAYANAN	II/d	3219200	500000	3	3	3	1	2	R. PERINATOLOGI	19,3152	9	9	9	3	8	57,3152	0			ADM+Komite Keperawatan+Komite Nakes+Komite Medik+Ka.SPI	ADM	ADM				STAF R. PERINATOLOGI
210	Yunawati	STAF ADM PELAYANAN	V	2511500	500000	3	3	3	1	2	R. PERINATOLOGI	15,069	9	9	9	3	8	53,069	0			ADM+Komite Keperawatan+Komite Nakes+Komite Medik+Ka.SPI	ADM	ADM				STAF R. PERINATOLOGI
211	Pri Rubiyah	STAF ADM PELAYANAN	II/d	3533100	500000	3	2	2	1	2	R. PAV SUDHA NIRMALA A	21,1986	9	6	6	3	8	53,1986	0			ADM+Komite Keperawatan+Komite Nakes+Komite Medik+Ka.SPI	ADM	ADM				STAF R. PAV SUDHA NIRMALA A
212	YULI TRIYANTI	STAF ADM PELAYANAN	V	2511500	500000	3	2	2	1	2	R. PAV SUDHA NIRMALA A	15,069	9	6	6	3	8	47,069	0			ADM+Komite Keperawatan+Komite Nakes+Komite Medik+Ka.SPI	ADM	ADM				STAF R. PAV SUDHA NIRMALA A
213	Heni Stevania Putri, S.A.P	STAF ADM PELAYANAN	IX	3203600	500000	6	3	6	1	2	IGD	19,2216	18	9	18	3	8	75,2216	0,05			ADM+Komite Keperawatan+Komite Nakes+Komite Medik+Ka.SPI	ADM	ADM				STAF IGD
214	Agus Sumardi	STAF ADM PELAYANAN	II/c	3286200	500000	3	2	2	1	2	R. PELAYANAN JANTUNG TERPADU KLINIS	19,7172	9	6	6	3	8	51,7172	0			ADM+Komite Keperawatan+Komite Nakes+Komite Medik+Ka.SPI	ADM	ADM				STAF R. PELAYANAN JANTUNG TERPADU KLINIS
215	Ernawati	STAF ADM PELAYANAN	III/a	3570100	500000	3	2	2	1	2	R. PELAYANAN JANTUNG TERPADU KLINIS	21,4206	9	6	6	3	8	53,4206	0			ADM+Komite Keperawatan+Komite Nakes+Komite Medik+Ka.SPI	ADM	ADM				STAF R. PELAYANAN JANTUNG TERPADU KLINIS
216	Ngadimun	STAF ADM PELAYANAN	II/d	4168800	500000	3	2	2	1	2	R. PELAYANAN JANTUNG TERPADU KLINIS	25,0128	9	6	6	3	8	57,0128	0,05			ADM+Komite Keperawatan+Komite Nakes+Komite Medik+Ka.SPI	ADM	ADM				STAF R. PELAYANAN JANTUNG TERPADU KLINIS
217	Yoan Silvia Tri Sulistiowati	STAF ADM PELAYANAN	III/a	3682500	500000	3	2	2	1	2	R. PELAYANAN JANTUNG TERPADU KLINIS	22,095	9	6	6	3	8	54,095	0,05			ADM+Komite Keperawatan+Komite Nakes+Komite Medik+Ka.SPI	ADM	ADM				STAF R. PELAYANAN JANTUNG TERPADU KLINIS
218	YULIANTI	STAF ADM PELAYANAN	V	2511500	500000	3	2	2	1	2	R. PELAYANAN JANTUNG TERPADU KLINIS	15,069	9	6	6	3	8	47,069	0			ADM+Komite Keperawatan+Komite Nakes+Komite Medik+Ka.SPI	ADM	ADM				STAF R. PELAYANAN JANTUNG TERPADU KLINIS
219	Andi Fitriansyah	STAF ADM PELAYANAN	V	2511500	500000	3	6	3	1	2	INSTALASI HEMODIALISA	15,069	9	18	9	3	8	62,069	0			ADM+Komite Keperawatan+Komite Nakes+Komite Medik+Ka.SPI	ADM	ADM				STAF INSTALASI HEMODIALISA
220	Apriyani	STAF ADM PELAYANAN	II/a	2756200	500000	3	6	3	1	2	INSTALASI HEMODIALISA	16,5372	9	18	9	3	8	63,5372	0			ADM+Komite Keperawatan+Komite Nakes+Komite Medik+Ka.SPI	ADM	ADM				STAF INSTALASI HEMODIALISA
221	Fonita Luti,SE	STAF ADM PELAYANAN	IX	3203600	500000	6	6	3	1	2	INSTALASI HEMODIALISA	19,2216	18	18	9	3	8	75,2216	0			ADM+Komite Keperawatan+Komite Nakes+Komite Medik+Ka.SPI	ADM	ADM				STAF INSTALASI HEMODIALISA
222	SUSILO	STAF ADM PELAYANAN	V	2511500	500000	3	6	3	1	2	INSTALASI HEMODIALISA	15,069	9	18	9	3	8	62,069	0			ADM+Komite Keperawatan+Komite Nakes+Komite Medik+Ka.SPI	ADM	ADM				STAF INSTALASI HEMODIALISA
223	Yuliana	STAF ADM PELAYANAN	II/c	3185800	500000	3	6	3	1	2	INSTALASI HEMODIALISA	19,1148	9	18	9	3	8	66,1148	0,05			ADM+Komite Keperawatan+Komite Nakes+Komite Medik+Ka.SPI	ADM	ADM				STAF INSTALASI HEMODIALISA
224	Nurmah	STAF ADM PELAYANAN	II/c	3088600	500000	3	2	2	1	2	INSTALASI ENDOSCOPY	18,5316	9	6	6	3	8	50,5316	0			ADM+Komite Keperawatan+Komite Nakes+Komite Medik+Ka.SPI	ADM	ADM				STAF INSTALASI ENDOSCOPY
225	Risma, A.Md	STAF ADM PELAYANAN	VII	2858800	500000	5	2	2	1	2	INSTALASI ENDOSCOPY	17,1528	15	6	6	3	8	55,1528	0			ADM+Komite Keperawatan+Komite Nakes+Komite Medik+Ka.SPI	ADM	ADM				STAF INSTALASI ENDOSCOPY
226	Bowo Novianto	STAF ADM PELAYANAN	II/b	3056500	500000	3	6	3	1	2	INSTALASI RADIOTERAPI	18,339	9	18	9	3	8	65,339	0			ADM+Komite Keperawatan+Komite Nakes+Komite Medik+Ka.SPI	ADM	ADM				STAF INSTALASI RADIOTERAPI
227	Pramono,S.IP	STAF ADM PELAYANAN	III/b	4083900	500000	6	6	3	1	2	INSTALASI RADIOTERAPI	24,5034	18	18	9	3	8	80,5034	0			ADM+Komite Keperawatan+Komite Nakes+Komite Medik+Ka.SPI	ADM	ADM				STAF INSTALASI RADIOTERAPI
228	SARNO	STAF ADM PELAYANAN	II/c	3286200	500000	2	6	3	1	2	INSTALASI RADIOTERAPI	19,7172	6	18	9	3	8	63,7172	0			ADM+Komite Keperawatan+Komite Nakes+Komite Medik+Ka.SPI	ADM	ADM				STAF INSTALASI RADIOTERAPI
229	Suwanti, SE., MM	STAF ADM PELAYANAN	III/b	3959200	500000	8	6	3	1	2	INSTALASI RADIOTERAPI	23,7552	24	18	9	3	8	85,7552	0,05			ADM+Komite Keperawatan+Komite Nakes+Komite Medik+Ka.SPI	ADM	ADM				STAF INSTALASI RADIOTERAPI
230	Yuli Rahmiyatun, SE	STAF ADM PELAYANAN	III/a	3570100	500000	6	6	3	1	2	INSTALASI RADIOTERAPI	21,4206	18	18	9	3	8	77,4206	0			ADM+Komite Keperawatan+Komite Nakes+Komite Medik+Ka.SPI	ADM	ADM				STAF INSTALASI RADIOTERAPI
231	Idham Jonovian	STAF ADM PELAYANAN	II/d	3425200	500000	3	2	2	1	2	INSTALASI MEDICAL CHECK UP	20,5512	9	6	6	3	8	52,5512	0,05			ADM+Komite Keperawatan+Komite Nakes+Komite Medik+Ka.SPI	ADM	ADM				STAF INSTALASI MEDICAL CHECK UP
232	SYLVIA KOMALA SARI,SE	STAF ADM PELAYANAN	IX	3203600	500000	6	2	2	1	2	INSTALASI MEDICAL CHECK UP	19,2216	18	6	6	3	8	60,2216	0			ADM+Komite Keperawatan+Komite Nakes+Komite Medik+Ka.SPI	ADM	ADM				STAF INSTALASI MEDICAL CHECK UP
233	Amritua Manik	STAF ADM PELAYANAN	III/a	3570100	500000	3	4	4	1	2	INSTALASI FORENSIK	21,4206	9	12	12	3	8	65,4206	0			ADM+Komite Keperawatan+Komite Nakes+Komite Medik+Ka.SPI	ADM	ADM				STAF INSTALASI FORENSIK
234	Ciptadi	STAF ADM PELAYANAN	I/d	2643700	500000	1	4	4	1	2	INSTALASI FORENSIK	15,8622	3	12	12	3	8	53,8622	0,05			ADM+Komite Keperawatan+Komite Nakes+Komite Medik+Ka.SPI	ADM	ADM				STAF INSTALASI FORENSIK
235	Defin Alvionita	STAF ADM PELAYANAN	III/b	3043600	500000	6	3	2	1	2	INSTALASI FORENSIK	18,2616	18	9	6	3	8	62,2616	0,05			ADM+Komite Keperawatan+Komite Nakes+Komite Medik+Ka.SPI	ADM	ADM				STAF INSTALASI FORENSIK
236	Nuraetin	STAF ADM PELAYANAN	V	2511500	500000	3	4	2	1	2	INSTALASI FORENSIK	15,069	9	12	6	3	8	53,069	0			ADM+Komite Keperawatan+Komite Nakes+Komite Medik+Ka.SPI	ADM	ADM				STAF INSTALASI FORENSIK
237	Ratna Sari	STAF ADM PELAYANAN	V	2511500	500000	3	3	2	1	2	INSTALASI FORENSIK	15,069	9	9	6	3	8	50,069	0			ADM+Komite Keperawatan+Komite Nakes+Komite Medik+Ka.SPI	ADM	ADM				STAF INSTALASI FORENSIK
238	Rosidah	STAF ADM PELAYANAN	V	2511500	500000	3	4	2	1	2	INSTALASI FORENSIK	15,069	9	12	6	3	8	53,069	0,05			ADM+Komite Keperawatan+Komite Nakes+Komite Medik+Ka.SPI	ADM	ADM				STAF INSTALASI FORENSIK
239	Sahroni	STAF ADM PELAYANAN	V	2511500	500000	3	4	4	1	2	INSTALASI FORENSIK	15,069	9	12	12	3	8	59,069	0			ADM+Komite Keperawatan+Komite Nakes+Komite Medik+Ka.SPI	ADM	ADM				STAF INSTALASI FORENSIK
240	Sri Rahayu, A.Md	STAF ADM PELAYANAN	III/b	3139400	500000	5	3	2	1	2	INSTALASI FORENSIK	18,8364	15	9	6	3	8	59,8364	0			ADM+Komite Keperawatan+Komite Nakes+Komite Medik+Ka.SPI	ADM	ADM				STAF INSTALASI FORENSIK
241	Subriyadi	STAF ADM PELAYANAN	III/a	3570100	500000	3	3	2	1	2	INSTALASI FORENSIK	21,4206	9	9	6	3	8	56,4206	0,05			ADM+Komite Keperawatan+Komite Nakes+Komite Medik+Ka.SPI	ADM	ADM				STAF INSTALASI FORENSIK
242	Sunardo	STAF ADM PELAYANAN	V	2511500	500000	3	4	4	1	2	INSTALASI FORENSIK	15,069	9	12	12	3	8	59,069	0			ADM+Komite Keperawatan+Komite Nakes+Komite Medik+Ka.SPI	ADM	ADM				STAF INSTALASI FORENSIK
243	Suwarto	STAF ADM PELAYANAN	II/d	3425200	500000	3	4	4	1	2	INSTALASI FORENSIK	20,5512	9	12	12	3	8	64,5512	0,05			ADM+Komite Keperawatan+Komite Nakes+Komite Medik+Ka.SPI	ADM	ADM				STAF INSTALASI FORENSIK
244	AFRI YENI ARS	STAF ADM PELAYANAN	I/c	2536400	500000	1	2	2	1	2	ADMISTRASI FARMASI	15,2184	3	6	6	3	8	41,2184	0,05			ADM+Komite Keperawatan+Komite Nakes+Komite Medik+Ka.SPI	ADM	ADM				STAF ADMISTRASI FARMASI
245	Alvon Novi Rumantir	STAF ADM PELAYANAN	V	2511500	500000	3	2	2	1	2	ADMISTRASI FARMASI	15,069	9	6	6	3	8	47,069	0			ADM+Komite Keperawatan+Komite Nakes+Komite Medik+Ka.SPI	ADM	ADM				STAF ADMISTRASI FARMASI
246	Andar Rachmat Simangunsong	STAF ADM PELAYANAN	V	2511500	500000	3	2	2	1	2	ADMISTRASI FARMASI	15,069	9	6	6	3	8	47,069	0			ADM+Komite Keperawatan+Komite Nakes+Komite Medik+Ka.SPI	ADM	ADM				STAF ADMISTRASI FARMASI
247	Dewi Karina	STAF ADM PELAYANAN	V	2511500	500000	3	2	2	1	2	ADMISTRASI FARMASI	15,069	9	6	6	3	8	47,069	0			ADM+Komite Keperawatan+Komite Nakes+Komite Medik+Ka.SPI	ADM	ADM				STAF ADMISTRASI FARMASI
248	Dwi Lia Kesumawati	STAF ADM PELAYANAN	V	2511500	500000	3	2	2	1	2	ADMISTRASI FARMASI	15,069	9	6	6	3	8	47,069	0			ADM+Komite Keperawatan+Komite Nakes+Komite Medik+Ka.SPI	ADM	ADM				STAF ADMISTRASI FARMASI
249	Emiyati	STAF ADM PELAYANAN	III/a	3798500	500000	3	2	2	1	2	ADMISTRASI FARMASI	22,791	9	6	6	3	8	54,791	0			ADM+Komite Keperawatan+Komite Nakes+Komite Medik+Ka.SPI	ADM	ADM				STAF ADMISTRASI FARMASI
250	Ernawati, S.A.P	STAF ADM PELAYANAN	III/a	3682500	500000	6	2	2	1	2	ADMISTRASI FARMASI	22,095	18	6	6	3	8	63,095	0			ADM+Komite Keperawatan+Komite Nakes+Komite Medik+Ka.SPI	ADM	ADM				STAF ADMISTRASI FARMASI
251	Herman Santosa	STAF ADM PELAYANAN	III/b	4083900	500000	3	2	2	1	2	ADMISTRASI FARMASI	24,5034	9	6	6	3	8	56,5034	0			ADM+Komite Keperawatan+Komite Nakes+Komite Medik+Ka.SPI	ADM	ADM				STAF ADMISTRASI FARMASI
252	Iit Ferida Ulfa, S.Sos	STAF ADM PELAYANAN	IX	3203600	500000	6	2	2	1	2	ADMISTRASI FARMASI	19,2216	18	6	6	3	8	60,2216	0			ADM+Komite Keperawatan+Komite Nakes+Komite Medik+Ka.SPI	ADM	ADM				STAF ADMISTRASI FARMASI
253	Kevin Apready	STAF ADM PELAYANAN	V	2511500	500000	3	2	2	1	2	ADMISTRASI FARMASI	15,069	9	6	6	3	8	47,069	0,05			ADM+Komite Keperawatan+Komite Nakes+Komite Medik+Ka.SPI	ADM	ADM				STAF ADMISTRASI FARMASI
254	Khando Mangapul, A.L.S	STAF ADM PELAYANAN	V	2511500	500000	3	2	2	1	2	ADMISTRASI FARMASI	15,069	9	6	6	3	8	47,069	0			ADM+Komite Keperawatan+Komite Nakes+Komite Medik+Ka.SPI	ADM	ADM				STAF ADMISTRASI FARMASI
255	Lasari	STAF ADM PELAYANAN	III/a	3682500	500000	3	2	2	1	2	ADMISTRASI FARMASI	22,095	9	6	6	3	8	54,095	0			ADM+Komite Keperawatan+Komite Nakes+Komite Medik+Ka.SPI	ADM	ADM				STAF ADMISTRASI FARMASI
256	Lely Yuliana	STAF ADM PELAYANAN	V	2511500	500000	3	2	2	1	2	ADMISTRASI FARMASI	15,069	9	6	6	3	8	47,069	0,05			ADM+Komite Keperawatan+Komite Nakes+Komite Medik+Ka.SPI	ADM	ADM				STAF ADMISTRASI FARMASI
257	Martha Sunarlia	STAF ADM PELAYANAN	V	2511500	500000	3	2	2	1	2	ADMISTRASI FARMASI	15,069	9	6	6	3	8	47,069	0			ADM+Komite Keperawatan+Komite Nakes+Komite Medik+Ka.SPI	ADM	ADM				STAF ADMISTRASI FARMASI
258	Misra Dewi	STAF ADM PELAYANAN	V	2511500	500000	3	2	2	1	2	ADMISTRASI FARMASI	15,069	9	6	6	3	8	47,069	0			ADM+Komite Keperawatan+Komite Nakes+Komite Medik+Ka.SPI	ADM	ADM				STAF ADMISTRASI FARMASI
259	Rina Wati	STAF ADM PELAYANAN	V	2511500	500000	3	2	2	1	2	ADMISTRASI FARMASI	15,069	9	6	6	3	8	47,069	0			ADM+Komite Keperawatan+Komite Nakes+Komite Medik+Ka.SPI	ADM	ADM				STAF ADMISTRASI FARMASI
260	Rohmafia Zianti, A.Md	STAF ADM PELAYANAN	VII	2858800	500000	5	2	2	1	2	ADMISTRASI FARMASI	17,1528	15	6	6	3	8	55,1528	0,05			ADM+Komite Keperawatan+Komite Nakes+Komite Medik+Ka.SPI	ADM	ADM				STAF ADMISTRASI FARMASI
261	Sabari	STAF ADM PELAYANAN	III/a	3682500	500000	3	2	2	1	2	ADMISTRASI FARMASI	22,095	9	6	6	3	8	54,095	0			ADM+Komite Keperawatan+Komite Nakes+Komite Medik+Ka.SPI	ADM	ADM				STAF ADMISTRASI FARMASI
262	Sandra Septiana	STAF ADM PELAYANAN	V	2511500	500000	3	2	2	1	2	ADMISTRASI FARMASI	15,069	9	6	6	3	8	47,069	0			ADM+Komite Keperawatan+Komite Nakes+Komite Medik+Ka.SPI	ADM	ADM				STAF ADMISTRASI FARMASI
263	Sanim	STAF ADM PELAYANAN	III/a	3682500	500000	3	6	3	1	2	ADMISTRASI FARMASI	22,095	9	18	9	3	8	69,095	0,05			ADM+Komite Keperawatan+Komite Nakes+Komite Medik+Ka.SPI	ADM	ADM				STAF ADMISTRASI FARMASI
264	Siti Maknawiyah	STAF ADM PELAYANAN	III/a	3570100	500000	3	2	2	1	2	ADMISTRASI FARMASI	21,4206	9	6	6	3	8	53,4206	0,05			ADM+Komite Keperawatan+Komite Nakes+Komite Medik+Ka.SPI	ADM	ADM				STAF ADMISTRASI FARMASI
265	Syarifah Aini	STAF ADM PELAYANAN	III/a	3682500	500000	3	2	2	1	2	ADMISTRASI FARMASI	22,095	9	6	6	3	8	54,095	0,05			ADM+Komite Keperawatan+Komite Nakes+Komite Medik+Ka.SPI	ADM	ADM				STAF ADMISTRASI FARMASI
266	Triyogo Lonowidodo	STAF ADM PELAYANAN	I/d	2726900	500000	1	2	2	1	2	ADMISTRASI FARMASI	16,3614	3	6	6	3	8	42,3614	0,05			ADM+Komite Keperawatan+Komite Nakes+Komite Medik+Ka.SPI	ADM	ADM				STAF ADMISTRASI FARMASI
267	Wiwin Erika Putri	STAF ADM PELAYANAN	V	2511500	500000	3	6	3	1	2	ADMISTRASI FARMASI	15,069	9	18	9	3	8	62,069	0,05			ADM+Komite Keperawatan+Komite Nakes+Komite Medik+Ka.SPI	ADM	ADM				STAF ADMISTRASI FARMASI
268	Yana Hilal, SE	STAF ADM PELAYANAN	IX	3203600	500000	6	2	2	1	2	ADMISTRASI FARMASI	19,2216	18	6	6	3	8	60,2216	0,05			ADM+Komite Keperawatan+Komite Nakes+Komite Medik+Ka.SPI	ADM	ADM				STAF ADMISTRASI FARMASI
269	Yuli Karyanto, A.Md	STAF ADM PELAYANAN	VII	2858800	500000	5	2	2	1	2	ADMISTRASI FARMASI	17,1528	15	6	6	3	8	55,1528	0,05			ADM+Komite Keperawatan+Komite Nakes+Komite Medik+Ka.SPI	ADM	ADM				STAF ADMISTRASI FARMASI
270	Zubaidah Achmad	STAF ADM PELAYANAN	III/a	3682500	500000	3	2	2	1	2	ADMISTRASI FARMASI	22,095	9	6	6	3	8	54,095	0,05			ADM+Komite Keperawatan+Komite Nakes+Komite Medik+Ka.SPI	ADM	ADM				STAF ADMISTRASI FARMASI
271	Abadi	STAF ADM PELAYANAN	III/b	4345100	500000	3	3	1	1	2	INSTALASI CSSD	26,0706	9	9	3	3	8	58,0706	0,05			ADM+Komite Keperawatan+Komite Nakes+Komite Medik+Ka.SPI	ADM	ADM				STAF INSTALASI CSSD
272	Apriandri	STAF ADM PELAYANAN	II/c	3389700	500000	3	3	1	1	2	INSTALASI CSSD	20,3382	9	9	3	3	8	52,3382	0,05			ADM+Komite Keperawatan+Komite Nakes+Komite Medik+Ka.SPI	ADM	ADM				STAF INSTALASI CSSD
273	Eko Haryanto S.	STAF ADM PELAYANAN	II/d	3644300	500000	3	3	1	1	2	INSTALASI CSSD	21,8658	9	9	3	3	8	53,8658	0,05			ADM+Komite Keperawatan+Komite Nakes+Komite Medik+Ka.SPI	ADM	ADM				STAF INSTALASI CSSD
274	Mahmudin	STAF ADM PELAYANAN	III/a	3570100	500000	3	3	1	1	2	INSTALASI CSSD	21,4206	9	9	3	3	8	53,4206	0,05			ADM+Komite Keperawatan+Komite Nakes+Komite Medik+Ka.SPI	ADM	ADM				STAF INSTALASI CSSD
275	Nita Retnosari, S.M	STAF ADM PELAYANAN	III/b	3959200	500000	6	3	1	1	2	INSTALASI CSSD	23,7552	18	9	3	3	8	64,7552	0,05			ADM+Komite Keperawatan+Komite Nakes+Komite Medik+Ka.SPI	ADM	ADM				STAF INSTALASI CSSD
276	Riyanti	STAF ADM PELAYANAN	II/c	3185800	500000	3	3	1	1	2	INSTALASI CSSD	19,1148	9	9	3	3	8	51,1148	0,05			ADM+Komite Keperawatan+Komite Nakes+Komite Medik+Ka.SPI	ADM	ADM				STAF INSTALASI CSSD
277	Helmi Zulfikri	STAF ADM PELAYANAN	II/c	3185800	500000	3	3	3	1	2	INSTALASI PATOLOGI ANATOMI	19,1148	9	9	9	3	8	57,1148	0,05			ADM+Komite Keperawatan+Komite Nakes+Komite Medik+Ka.SPI	ADM	ADM				STAF INSTALASI PATOLOGI ANATOMI
278	Khoetijah, S.Kom	STAF ADM PELAYANAN	III/c	4256600	500000	6	3	3	1	2	INSTALASI PATOLOGI ANATOMI	25,5396	18	9	9	3	8	72,5396	0,05			ADM+Komite Keperawatan+Komite Nakes+Komite Medik+Ka.SPI	ADM	ADM				STAF INSTALASI PATOLOGI ANATOMI
279	Andika Carsya Nafebra, S.KOM	STAF ADM PELAYANAN	IX	3203600	500000	6	3	3	1	2	INSTALASI LAB PATOLOGI KLINIK	19,2216	18	9	9	3	8	66,2216	0,05			ADM+Komite Keperawatan+Komite Nakes+Komite Medik+Ka.SPI	ADM	ADM				STAF INSTALASI LAB PATOLOGI KLINIK
280	Dewi Supriyanti, A.Md.KL	STAF ADM PELAYANAN	VII	2858800	500000	5	3	3	1	2	INSTALASI LAB PATOLOGI KLINIK	17,1528	15	9	9	3	8	61,1528	0,05			ADM+Komite Keperawatan+Komite Nakes+Komite Medik+Ka.SPI	ADM	ADM				STAF INSTALASI LAB PATOLOGI KLINIK
281	DICKY SETYO WIBOWO, A.Md	STAF ADM PELAYANAN	VII	2858800	500000	5	3	3	1	2	INSTALASI LAB PATOLOGI KLINIK	17,1528	15	9	9	3	8	61,1528	0,05			ADM+Komite Keperawatan+Komite Nakes+Komite Medik+Ka.SPI	ADM	ADM				STAF INSTALASI LAB PATOLOGI KLINIK
282	Herman	STAF ADM PELAYANAN	III/a	4300100	500000	3	3	3	1	2	INSTALASI LAB PATOLOGI KLINIK	25,8006	9	9	9	3	8	63,8006	0,05			ADM+Komite Keperawatan+Komite Nakes+Komite Medik+Ka.SPI	ADM	ADM				STAF INSTALASI LAB PATOLOGI KLINIK
283	Purwanto	STAF ADM PELAYANAN	II/b	2963200	500000	3	3	3	1	2	INSTALASI LAB PATOLOGI KLINIK	17,7792	9	9	9	3	8	55,7792	0,05			ADM+Komite Keperawatan+Komite Nakes+Komite Medik+Ka.SPI	ADM	ADM				STAF INSTALASI LAB PATOLOGI KLINIK
284	Rida Hasyati, SH	STAF ADM PELAYANAN	IX	3203600	500000	6	2	2	1	2	INSTALASI EDP-TI	19,2216	18	6	6	3	8	60,2216	0,05			ADM+Komite Keperawatan+Komite Nakes+Komite Medik+Ka.SPI	ADM	ADM				STAF INSTALASI EDP-TI
285	SUPRIYADI	STAF ADM PELAYANAN	V	2511500	500000	3	3	3	1	2	INSTALASI LAB PATOLOGI KLINIK	15,069	9	9	9	3	8	53,069	0,05			ADM+Komite Keperawatan+Komite Nakes+Komite Medik+Ka.SPI	ADM	ADM				STAF INSTALASI LAB PATOLOGI KLINIK
286	Alfiatun	STAF ADM PELAYANAN	II/b	3056500	500000	2	2	2	1	2	INSTALASI GIZI	18,339	6	6	6	3	8	47,339	0,05			ADM+Komite Keperawatan+Komite Nakes+Komite Medik+Ka.SPI	ADM	ADM				STAF INSTALASI GIZI
287	Dewi Elmas, A.Md	STAF ADM PELAYANAN	-	2300000	500000	3	1	1	1	2	INSTALASI GIZI	13,8	9	3	3	3	8	39,8	0,15			ADM+Komite Keperawatan+Komite Nakes+Komite Medik+Ka.SPI	ADM	ADM				STAF INSTALASI GIZI
288	Dwi Susilowati	STAF ADM PELAYANAN	V	2511500	500000	3	1	1	1	2	INSTALASI GIZI	15,069	9	3	3	3	8	41,069	0,05			ADM+Komite Keperawatan+Komite Nakes+Komite Medik+Ka.SPI	ADM	ADM				STAF INSTALASI GIZI
289	Enggin Mu'arli	STAF ADM PELAYANAN	II/d	2889800	500000	3	1	1	1	2	INSTALASI GIZI	17,3388	9	3	3	3	8	43,3388	0,05			ADM+Komite Keperawatan+Komite Nakes+Komite Medik+Ka.SPI	ADM	ADM				STAF INSTALASI GIZI
290	Enni Setyastuti	STAF ADM PELAYANAN	V	2511500	500000	3	1	1	1	2	INSTALASI GIZI	15,069	9	3	3	3	8	41,069	0,05			ADM+Komite Keperawatan+Komite Nakes+Komite Medik+Ka.SPI	ADM	ADM				STAF INSTALASI GIZI
291	Evi Erjanti	STAF ADM PELAYANAN	V	2511500	500000	3	1	1	1	2	INSTALASI GIZI	15,069	9	3	3	3	8	41,069	0			ADM+Komite Keperawatan+Komite Nakes+Komite Medik+Ka.SPI	ADM	ADM				STAF INSTALASI GIZI
292	Hairiah Samhasa	STAF ADM PELAYANAN	V	2511500	500000	3	1	1	1	2	INSTALASI GIZI	15,069	9	3	3	3	8	41,069	0			ADM+Komite Keperawatan+Komite Nakes+Komite Medik+Ka.SPI	ADM	ADM				STAF INSTALASI GIZI
293	Mulyono	STAF ADM PELAYANAN	II/a	2963200	500000	3	1	1	1	2	INSTALASI GIZI	17,7792	9	3	3	3	8	43,7792	0			ADM+Komite Keperawatan+Komite Nakes+Komite Medik+Ka.SPI	ADM	ADM				STAF INSTALASI GIZI
294	Nawo Santoso	STAF ADM PELAYANAN	III/a	3600000	500000	3	1	1	1	2	INSTALASI GIZI	21,6	9	3	3	3	8	47,6	0			ADM+Komite Keperawatan+Komite Nakes+Komite Medik+Ka.SPI	ADM	ADM				STAF INSTALASI GIZI
295	Ngadiman	STAF ADM PELAYANAN	II/a	3218400	500000	1	1	1	1	2	INSTALASI GIZI	19,3104	3	3	3	3	8	39,3104	0			ADM+Komite Keperawatan+Komite Nakes+Komite Medik+Ka.SPI	ADM	ADM				STAF INSTALASI GIZI
296	Rakhmawati Basyrie	STAF ADM PELAYANAN	V	2511500	500000	3	1	1	1	2	INSTALASI GIZI	15,069	9	3	3	3	8	41,069	0			ADM+Komite Keperawatan+Komite Nakes+Komite Medik+Ka.SPI	ADM	ADM				STAF INSTALASI GIZI
297	Rohmadi	STAF ADM PELAYANAN	II/C	3496400	500000	3	1	1	1	2	INSTALASI GIZI	20,9784	9	3	3	3	8	46,9784	0,05			ADM+Komite Keperawatan+Komite Nakes+Komite Medik+Ka.SPI	ADM	ADM				STAF INSTALASI GIZI
298	SEPRIDAYANI	STAF ADM PELAYANAN	V	2511500	500000	3	1	1	1	2	INSTALASI GIZI	15,069	9	3	3	3	8	41,069	0,05			ADM+Komite Keperawatan+Komite Nakes+Komite Medik+Ka.SPI	ADM	ADM				STAF INSTALASI GIZI
299	Siti Margini	STAF ADM PELAYANAN	III/a	3570100	500000	3	1	1	1	2	INSTALASI GIZI	21,4206	9	3	3	3	8	47,4206	0			ADM+Komite Keperawatan+Komite Nakes+Komite Medik+Ka.SPI	ADM	ADM				STAF INSTALASI GIZI
300	Siti Murni	STAF ADM PELAYANAN	II/b	2932500	500000	3	1	1	1	2	INSTALASI GIZI	17,595	9	3	3	3	8	43,595	0,05			ADM+Komite Keperawatan+Komite Nakes+Komite Medik+Ka.SPI	ADM	ADM				STAF INSTALASI GIZI
301	Sri Lestari	STAF ADM PELAYANAN	II/C	3088500	500000	2	1	1	1	2	INSTALASI GIZI	18,531	6	3	3	3	8	41,531	0,05			ADM+Komite Keperawatan+Komite Nakes+Komite Medik+Ka.SPI	ADM	ADM				STAF INSTALASI GIZI
302	SUPRIYATI	STAF ADM PELAYANAN	I	1938500	500000	1	1	1	1	2	INSTALASI GIZI	11,631	3	3	3	3	8	31,631	0			ADM+Komite Keperawatan+Komite Nakes+Komite Medik+Ka.SPI	ADM	ADM				STAF INSTALASI GIZI
303	Umi Peni Sayekti	STAF ADM PELAYANAN	III/a	3798500	500000	3	1	1	1	2	INSTALASI GIZI	22,791	9	3	3	3	8	48,791	0,05			ADM+Komite Keperawatan+Komite Nakes+Komite Medik+Ka.SPI	ADM	ADM				STAF INSTALASI GIZI
304	Untung Suryadi	STAF ADM PELAYANAN	II/c	3389700	500000	2	1	1	1	2	INSTALASI GIZI	20,3382	6	3	3	3	8	43,3382	0			ADM+Komite Keperawatan+Komite Nakes+Komite Medik+Ka.SPI	ADM	ADM				STAF INSTALASI GIZI
305	Verizal	STAF ADM PELAYANAN	II/c	3389700	500000	2	1	1	1	2	INSTALASI GIZI	20,3382	6	3	3	3	8	43,3382	0			ADM+Komite Keperawatan+Komite Nakes+Komite Medik+Ka.SPI	ADM	ADM				STAF INSTALASI GIZI
306	Wiwik Sundari	STAF ADM PELAYANAN	III/a	3918100	500000	3	1	1	1	2	INSTALASI GIZI	23,5086	9	3	3	3	8	49,5086	0,05			ADM+Komite Keperawatan+Komite Nakes+Komite Medik+Ka.SPI	ADM	ADM				STAF INSTALASI GIZI
307	Yusnidar Saleh, A.Md.KL	STAF ADM PELAYANAN	III/c	3821000	500000	5	1	1	1	2	INSTALASI GIZI	22,926	15	3	3	3	8	54,926	0,05			ADM+Komite Keperawatan+Komite Nakes+Komite Medik+Ka.SPI	ADM	ADM				STAF INSTALASI GIZI
308	Neneng Nuriyani	STAF ADM PELAYANAN	V	2511500	500000	3	6	2	1	2	INSTALASI RADIOLOGI	15,069	9	18	6	3	8	59,069	0,05			ADM+Komite Keperawatan+Komite Nakes+Komite Medik+Ka.SPI	ADM	ADM				STAF INSTALASI RADIOLOGI
309	Rostina	STAF ADM PELAYANAN	V	2511500	500000	3	6	2	1	2	INSTALASI RADIOLOGI	15,069	9	18	6	3	8	59,069	0			ADM+Komite Keperawatan+Komite Nakes+Komite Medik+Ka.SPI	ADM	ADM				STAF INSTALASI RADIOLOGI
310	Suparyati	STAF ADM PELAYANAN	II/b	2963200	500000	1	6	2	1	2	INSTALASI RADIOLOGI	17,7792	3	18	6	3	8	55,7792	0			ADM+Komite Keperawatan+Komite Nakes+Komite Medik+Ka.SPI	ADM	ADM				STAF INSTALASI RADIOLOGI
311	Abdullah	STAF ADM PELAYANAN	I/c	2643700	500000	1	3	2	1	2	INSTALASI KESEHATAN LINGKUNGAN	15,8622	3	9	6	3	8	44,8622	0			ADM+Komite Keperawatan+Komite Nakes+Komite Medik+Ka.SPI	ADM	ADM				STAF INSTALASI KESEHATAN LINGKUNGAN
312	Epriyono	STAF ADM PELAYANAN	II/b	3056500	500000	3	3	2	1	2	INSTALASI KESEHATAN LINGKUNGAN	18,339	9	9	6	3	8	53,339	0,05			ADM+Komite Keperawatan+Komite Nakes+Komite Medik+Ka.SPI	ADM	ADM				STAF INSTALASI KESEHATAN LINGKUNGAN
313	Jainudin	STAF ADM PELAYANAN	III/a	3918100	500000	3	3	2	1	2	INSTALASI KESEHATAN LINGKUNGAN	23,5086	9	9	6	3	8	58,5086	0,05			ADM+Komite Keperawatan+Komite Nakes+Komite Medik+Ka.SPI	ADM	ADM				STAF INSTALASI KESEHATAN LINGKUNGAN
314	Margono	STAF ADM PELAYANAN	II/b	2872700	500000	2	3	2	1	2	INSTALASI KESEHATAN LINGKUNGAN	17,2362	6	9	6	3	8	49,2362	0,05			ADM+Komite Keperawatan+Komite Nakes+Komite Medik+Ka.SPI	ADM	ADM				STAF INSTALASI KESEHATAN LINGKUNGAN
315	Meryansyah	STAF ADM PELAYANAN	II/b	3056500	500000	2	3	2	1	2	INSTALASI KESEHATAN LINGKUNGAN	18,339	6	9	6	3	8	50,339	0			ADM+Komite Keperawatan+Komite Nakes+Komite Medik+Ka.SPI	ADM	ADM				STAF INSTALASI KESEHATAN LINGKUNGAN
316	Miswanto	STAF ADM PELAYANAN	II/c	3185800	500000	3	3	2	1	2	INSTALASI LOUNDRY	19,1148	9	9	6	3	8	54,1148	0,05			ADM+Komite Keperawatan+Komite Nakes+Komite Medik+Ka.SPI	ADM	ADM				STAF INSTALASI KESEHATAN LINGKUNGAN
317	NANDA RAMDANI	STAF ADM PELAYANAN	V	2511500	500000	3	3	2	1	2	INSTALASI KESEHATAN LINGKUNGAN	15,069	9	9	6	3	8	50,069	0			ADM+Komite Keperawatan+Komite Nakes+Komite Medik+Ka.SPI	ADM	ADM				STAF INSTALASI KESEHATAN LINGKUNGAN
318	Panut	STAF ADM PELAYANAN	I	1938500	500000	1	3	2	1	2	INSTALASI KESEHATAN LINGKUNGAN	11,631	3	9	6	3	8	40,631	0			ADM+Komite Keperawatan+Komite Nakes+Komite Medik+Ka.SPI	ADM	ADM				STAF INSTALASI KESEHATAN LINGKUNGAN
319	Prio Widodo	STAF ADM PELAYANAN	III/a	3918100	500000	3	3	2	1	2	INSTALASI KESEHATAN LINGKUNGAN	23,5086	9	9	6	3	8	58,5086	0			ADM+Komite Keperawatan+Komite Nakes+Komite Medik+Ka.SPI	ADM	ADM				STAF INSTALASI KESEHATAN LINGKUNGAN
320	Ridwan Subekti	STAF ADM PELAYANAN	II/c	3286200	500000	3	3	2	1	2	INSTALASI KESEHATAN LINGKUNGAN	19,7172	9	9	6	3	8	54,7172	0			ADM+Komite Keperawatan+Komite Nakes+Komite Medik+Ka.SPI	ADM	ADM				STAF INSTALASI KESEHATAN LINGKUNGAN
321	Sodik Rahmat Santoso	STAF ADM PELAYANAN	III/a	3798500	500000	3	3	2	1	2	INSTALASI KESEHATAN LINGKUNGAN	22,791	9	9	6	3	8	57,791	0			ADM+Komite Keperawatan+Komite Nakes+Komite Medik+Ka.SPI	ADM	ADM				STAF INSTALASI KESEHATAN LINGKUNGAN
322	Sugiono	STAF ADM PELAYANAN	I	1938500	500000	1	3	2	1	2	INSTALASI KESEHATAN LINGKUNGAN	11,631	3	9	6	3	8	40,631	0,05			ADM+Komite Keperawatan+Komite Nakes+Komite Medik+Ka.SPI	ADM	ADM				STAF INSTALASI KESEHATAN LINGKUNGAN
323	Suwarno	STAF ADM PELAYANAN	II/c	3185800	500000	3	3	2	1	2	INSTALASI KESEHATAN LINGKUNGAN	19,1148	9	9	6	3	8	54,1148	0,05			ADM+Komite Keperawatan+Komite Nakes+Komite Medik+Ka.SPI	ADM	ADM				STAF INSTALASI KESEHATAN LINGKUNGAN
324	Tumidi	STAF ADM PELAYANAN	III/a	3918100	500000	3	3	2	1	2	INSTALASI LOUNDRY	23,5086	9	9	6	3	8	58,5086	0,15			ADM+Komite Keperawatan+Komite Nakes+Komite Medik+Ka.SPI	ADM	ADM				STAF INSTALASI KESEHATAN LINGKUNGAN
325	Ernani	STAF ADM PELAYANAN	III/a	3918100	500000	3	1	1	1	2	INSTALASI REHABILITASI MEDIK	23,5086	9	3	3	3	8	49,5086	0,15			ADM+Komite Keperawatan+Komite Nakes+Komite Medik+Ka.SPI	ADM	ADM				STAF INSTALASI REHABILITASI MEDIK
326	Putri Amelia Amanda, A.Md.Kom	STAF ADM PELAYANAN	VII	2858800	500000	5	1	1	1	2	INSTALASI REHABILITASI MEDIK	17,1528	15	3	3	3	8	49,1528	0,05			ADM+Komite Keperawatan+Komite Nakes+Komite Medik+Ka.SPI	ADM	ADM				STAF INSTALASI REHABILITASI MEDIK
327	Putri Husnul Chotimah	STAF ADM PELAYANAN	V	2511500	500000	3	2	2	1	2	R. EKSEKUTIF	15,069	9	6	6	3	8	47,069	0,05			ADM+Komite Keperawatan+Komite Nakes+Komite Medik+Ka.SPI	ADM	ADM				STAF R. EKSEKUTIF
328	Rani Syahfitri,SE	STAF ADM PELAYANAN	IX	3203600	500000	6	2	2	1	2	R. EKSEKUTIF	19,2216	18	6	6	3	8	60,2216	0,05			ADM+Komite Keperawatan+Komite Nakes+Komite Medik+Ka.SPI	ADM	ADM				STAF R. EKSEKUTIF
329	Rudi Hartono	STAF ADM PELAYANAN	II/d	3425200	500000	3	2	2	1	2	R. EKSEKUTIF	20,5512	9	6	6	3	8	52,5512	0,05			ADM+Komite Keperawatan+Komite Nakes+Komite Medik+Ka.SPI	ADM	ADM				STAF R. EKSEKUTIF
330	Sari Yuli Yarti	STAF ADM PELAYANAN	V	2511500	500000	3	2	2	1	2	R. EKSEKUTIF	15,069	9	6	6	3	8	47,069	0,15			ADM+Komite Keperawatan+Komite Nakes+Komite Medik+Ka.SPI	ADM	ADM				STAF R. EKSEKUTIF
331	Agus Riyanto	STAF ADM PELAYANAN	III/a	3570100	500000	3	3	2	1	2	UNIT KESEHATAN DAN KESELAMATAN KERJA (K3	21,4206	9	9	6	3	8	56,4206	0			ADM+Komite Keperawatan+Komite Nakes+Komite Medik+Ka.SPI	ADM	ADM				STAF UNIT KESEHATAN DAN KESELAMATAN KERJA (K3
332	Leni Aprianti	STAF ADM PELAYANAN	II/c	3185800	500000	3	3	2	1	2	UNIT KESEHATAN DAN KESELAMATAN KERJA (K3	19,1148	9	9	6	3	8	54,1148	0			ADM+Komite Keperawatan+Komite Nakes+Komite Medik+Ka.SPI	ADM	ADM				STAF UNIT KESEHATAN DAN KESELAMATAN KERJA (K3
333	Rachmat Setiawan	STAF ADM PELAYANAN	III/a	3570100	500000	3	3	2	1	2	UNIT KESEHATAN DAN KESELAMATAN KERJA (K3	21,4206	9	9	6	3	8	56,4206	0			ADM+Komite Keperawatan+Komite Nakes+Komite Medik+Ka.SPI	ADM	ADM				STAF UNIT KESEHATAN DAN KESELAMATAN KERJA (K3
334	Samsul	STAF ADM PELAYANAN	III/a	3918100	500000	3	3	2	1	2	UNIT KESEHATAN DAN KESELAMATAN KERJA (K3	23,5086	9	9	6	3	8	58,5086	0,05			ADM+Komite Keperawatan+Komite Nakes+Komite Medik+Ka.SPI	ADM	ADM				STAF UNIT KESEHATAN DAN KESELAMATAN KERJA (K3
335	ANDI PURNOMO	STAF ADM PELAYANAN	I/c	2458900	500000	2	6	2	1	2	INSTALASI LOUNDRY	14,7534	6	18	6	3	8	55,7534	0			ADM+Komite Keperawatan+Komite Nakes+Komite Medik+Ka.SPI	ADM	ADM				STAF INSTALASI LOUNDRY
336	Berlian	STAF ADM PELAYANAN	II/d	3877500	500000	3	6	2	1	2	INSTALASI LOUNDRY	23,265	9	18	6	3	8	67,265	0			ADM+Komite Keperawatan+Komite Nakes+Komite Medik+Ka.SPI	ADM	ADM				STAF INSTALASI LOUNDRY
337	Dionisius Pramudi	STAF ADM PELAYANAN	II/d	2980800	500000	3	6	2	1	2	INSTALASI LOUNDRY	17,8848	9	18	6	3	8	61,8848	0,05			ADM+Komite Keperawatan+Komite Nakes+Komite Medik+Ka.SPI	ADM	ADM				STAF INSTALASI LOUNDRY
338	Hapsah	STAF ADM PELAYANAN	II/b	0	500000	0	0	0	0	0	INSTALASI LOUNDRY	0	0	0	0	0	0	0	0,05			ADM+Komite Keperawatan+Komite Nakes+Komite Medik+Ka.SPI	ADM	ADM				STAF INSTALASI LOUNDRY
339	Hendratno	STAF ADM PELAYANAN	V	2511500	500000	3	6	2	1	2	INSTALASI LOUNDRY	15,069	9	18	6	3	8	59,069	0,05			ADM+Komite Keperawatan+Komite Nakes+Komite Medik+Ka.SPI	ADM	ADM				STAF INSTALASI LOUNDRY
340	Holiyah Alay Drus	STAF ADM PELAYANAN	I	1938500	500000	1	6	2	1	2	INSTALASI LOUNDRY	11,631	3	18	6	3	8	49,631	0,05			ADM+Komite Keperawatan+Komite Nakes+Komite Medik+Ka.SPI	ADM	ADM				STAF INSTALASI LOUNDRY
341	Mad Duni	STAF ADM PELAYANAN	II/c	3185800	500000	3	6	2	1	2	INSTALASI LOUNDRY	19,1148	9	18	6	3	8	63,1148	0,05			ADM+Komite Keperawatan+Komite Nakes+Komite Medik+Ka.SPI	ADM	ADM				STAF INSTALASI LOUNDRY
342	Mardiono	STAF ADM PELAYANAN	V	2511500	500000	3	6	2	1	2	INSTALASI LOUNDRY	15,069	9	18	6	3	8	59,069	0			ADM+Komite Keperawatan+Komite Nakes+Komite Medik+Ka.SPI	ADM	ADM				STAF INSTALASI LOUNDRY
343	Milla Baity	STAF ADM PELAYANAN	III/c	4818700	500000	3	6	3	1	2	INSTALASI LOUNDRY	28,9122	9	18	9	3	8	75,9122	0,05			ADM+Komite Keperawatan+Komite Nakes+Komite Medik+Ka.SPI	ADM	ADM				STAF INSTALASI LOUNDRY
344	Muji Triono N.S	STAF ADM PELAYANAN	V	2511500	500000	3	6	2	1	2	INSTALASI LOUNDRY	15,069	9	18	6	3	8	59,069	0,05			ADM+Komite Keperawatan+Komite Nakes+Komite Medik+Ka.SPI	ADM	ADM				STAF INSTALASI LOUNDRY
345	Pratiwi	STAF ADM PELAYANAN	II/b	2872700	500000	3	6	2	1	2	INSTALASI LOUNDRY	17,2362	9	18	6	3	8	61,2362	0			ADM+Komite Keperawatan+Komite Nakes+Komite Medik+Ka.SPI	ADM	ADM				STAF INSTALASI LOUNDRY
346	Rusmaeni Trisiana, Amd. Farm	STAF ADM PELAYANAN	III/c	4256600	500000	5	6	2	1	2	INSTALASI LOUNDRY	25,5396	15	18	6	3	8	75,5396	0			ADM+Komite Keperawatan+Komite Nakes+Komite Medik+Ka.SPI	ADM	ADM				STAF INSTALASI LOUNDRY
347	Suryanto	STAF ADM PELAYANAN	V	2511500	500000	3	6	2	1	2	INSTALASI LOUNDRY	15,069	9	18	6	3	8	59,069	0			ADM+Komite Keperawatan+Komite Nakes+Komite Medik+Ka.SPI	ADM	ADM				STAF INSTALASI LOUNDRY
348	Trisnani	STAF ADM PELAYANAN	II/b	3252100	500000	2	6	2	1	2	INSTALASI LOUNDRY	19,5126	6	18	6	3	8	60,5126	0,05			ADM+Komite Keperawatan+Komite Nakes+Komite Medik+Ka.SPI	ADM	ADM				STAF INSTALASI LOUNDRY
349	Tumini	STAF ADM PELAYANAN	II/a	3319800	500000	3	6	2	1	2	INSTALASI LOUNDRY	19,9188	9	18	6	3	8	63,9188	0			ADM+Komite Keperawatan+Komite Nakes+Komite Medik+Ka.SPI	ADM	ADM				STAF INSTALASI LOUNDRY
350	Zaela Diana	STAF ADM PELAYANAN	III/b	0	500000	0	0	0	0	0	INSTALASI LOUNDRY	0	0	0	0	0	0	0	0,05			ADM+Komite Keperawatan+Komite Nakes+Komite Medik+Ka.SPI	ADM	ADM				STAF INSTALASI LOUNDRY
351	Rakhmad Nur Ramadhan MP, A.Md	STAF ADM PELAYANAN	VII	2858800	500000	5	3	3	1	2	UNIT TRANSFUSI DARAH (UTD-RS)	17,1528	15	9	9	3	8	61,1528	0,05			ADM+Komite Keperawatan+Komite Nakes+Komite Medik+Ka.SPI	ADM	ADM				STAF UNIT TRANSFUSI DARAH (UTD-RS)
352	Rizka Yuliana Wulansari	STAF ADM PELAYANAN	V	2511500	500000	3	6	6	1	2	IGD	15,069	9	18	18	3	8	71,069	0			ADM+Komite Keperawatan+Komite Nakes+Komite Medik+Ka.SPI	ADM	ADM				STAF IGD
353	Emmy Herlina, SKM.,M.kes	STAF ADM PELAYANAN	III/b	3607500	500000	8	3	3	1	2	UNIT TRANSFUSI DARAH (UTD-RS)	21,645	24	9	9	3	8	74,645	0,05			ADM+Komite Keperawatan+Komite Nakes+Komite Medik+Ka.SPI	ADM	ADM				STAF UNIT TRANSFUSI DARAH (UTD-RS)
354	Abu Bakar, SH	STAF ADM UMUM	III/c	4126600	500000	6	2	1	1	2	SUB BAG PERBEND & MOBILISASI DANA	24,7596	18	6	3	3	8	62,7596	0			ADM+Komite Keperawatan+Komite Nakes+Komite Medik+Ka.SPI	ADM	ADM				STAF SUB BAG PERBEND & MOBILISASI DANA
355	Ahmad Hamdi	STAF ADM UMUM	III/a	3918100	500000	3	2	1	1	2	SUB BAG PERBEND & MOBILISASI DANA	23,5086	9	6	3	3	8	52,5086	0,05			ADM+Komite Keperawatan+Komite Nakes+Komite Medik+Ka.SPI	ADM	ADM				STAF SUB BAG PERBEND & MOBILISASI DANA
356	ANNA RIKA SUSANTI, S.E.	STAF ADM UMUM	III/c	4390700	500000	6	2	1	1	2	SUB BAG PERBEND & MOBILISASI DANA	26,3442	18	6	3	3	8	64,3442	0			ADM+Komite Keperawatan+Komite Nakes+Komite Medik+Ka.SPI	ADM	ADM				STAF SUB BAG PERBEND & MOBILISASI DANA
357	Ansori, SE.,MM	STAF ADM UMUM	III/b	4083900	500000	8	2	1	1	2	SUB BAG PERBEND & MOBILISASI DANA	24,5034	24	6	3	3	8	68,5034	0			ADM+Komite Keperawatan+Komite Nakes+Komite Medik+Ka.SPI	ADM	ADM				STAF SUB BAG PERBEND & MOBILISASI DANA
358	Asni Noviani	STAF ADM UMUM	III/a	3570100	500000	3	2	1	1	2	SUB BAG PERBEND & MOBILISASI DANA	21,4206	9	6	3	3	8	50,4206	0,05			ADM+Komite Keperawatan+Komite Nakes+Komite Medik+Ka.SPI	ADM	ADM				STAF SUB BAG PERBEND & MOBILISASI DANA
359	DEWI SARTIKA, S.E	STAF ADM UMUM	III/c	3878500	500000	6	2	1	1	2	SUB BAG PERBEND & MOBILISASI DANA	23,271	18	6	3	3	8	61,271	0,05			ADM+Komite Keperawatan+Komite Nakes+Komite Medik+Ka.SPI	ADM	ADM				STAF SUB BAG PERBEND & MOBILISASI DANA
360	DIANA KESUMA, SE, MM	STAF ADM UMUM	III/d	4576400	500000	8	2	1	1	2	SUB BAG PERBEND & MOBILISASI DANA	27,4584	24	6	3	3	8	71,4584	0,05			ADM+Komite Keperawatan+Komite Nakes+Komite Medik+Ka.SPI	ADM	ADM				STAF SUB BAG PERBEND & MOBILISASI DANA
361	Ilham	STAF ADM UMUM	III/a	3918100	500000	3	2	1	1	2	SUB BAG PERBEND & MOBILISASI DANA	23,5086	9	6	3	3	8	52,5086	0,05			ADM+Komite Keperawatan+Komite Nakes+Komite Medik+Ka.SPI	ADM	ADM				STAF SUB BAG PERBEND & MOBILISASI DANA
362	Muhtar Gazali Amd.Kep	STAF ADM UMUM	III/b	4345100	500000	5	2	1	1	2	SUB BAG PERBEND & MOBILISASI DANA	26,0706	15	6	3	3	8	61,0706	0			ADM+Komite Keperawatan+Komite Nakes+Komite Medik+Ka.SPI	ADM	ADM				STAF SUB BAG PERBEND & MOBILISASI DANA
363	NEILSONDA MIKA, S.E	STAF ADM UMUM	IX	3203600	500000	6	2	1	1	2	SUB BAG PERBEND & MOBILISASI DANA	19,2216	18	6	3	3	8	57,2216	0,05			ADM+Komite Keperawatan+Komite Nakes+Komite Medik+Ka.SPI	ADM	ADM				STAF SUB BAG PERBEND & MOBILISASI DANA
364	Noviyanti	STAF ADM UMUM	III/a	3682500	500000	5	2	1	1	2	SUB BAG PERBEND & MOBILISASI DANA	22,095	15	6	3	3	8	57,095	0,05			ADM+Komite Keperawatan+Komite Nakes+Komite Medik+Ka.SPI	ADM	ADM				STAF SUB BAG PERBEND & MOBILISASI DANA
365	Rina Nita	STAF ADM UMUM	III/a	3570100	500000	3	2	1	1	2	SUB BAG PERBEND & MOBILISASI DANA	21,4206	9	6	3	3	8	50,4206	0,05			ADM+Komite Keperawatan+Komite Nakes+Komite Medik+Ka.SPI	ADM	ADM				STAF SUB BAG PERBEND & MOBILISASI DANA
366	Rodiah Dwi Swartati	STAF ADM UMUM	IX	3203600	500000	6	2	1	1	2	SUB BAG PERBEND & MOBILISASI DANA	19,2216	18	6	3	3	8	57,2216	0			ADM+Komite Keperawatan+Komite Nakes+Komite Medik+Ka.SPI	ADM	ADM				STAF SUB BAG PERBEND & MOBILISASI DANA
367	Supriyani, SE	STAF ADM UMUM	III/b	4345100	500000	6	2	1	1	2	SUB BAG PERBEND & MOBILISASI DANA	26,0706	18	6	3	3	8	64,0706	0,05			ADM+Komite Keperawatan+Komite Nakes+Komite Medik+Ka.SPI	ADM	ADM				STAF SUB BAG PERBEND & MOBILISASI DANA
368	Sya'ari Hamdan, SE	STAF ADM UMUM	III/c	4000600	500000	6	2	1	1	2	SUB BAG PERBEND & MOBILISASI DANA	24,0036	18	6	3	3	8	62,0036	0			ADM+Komite Keperawatan+Komite Nakes+Komite Medik+Ka.SPI	ADM	ADM				STAF SUB BAG PERBEND & MOBILISASI DANA
369	Syamsudin, S.IP	STAF ADM UMUM	III/b	3838300	500000	6	2	1	1	2	SUB BAG PERBEND & MOBILISASI DANA	23,0298	18	6	3	3	8	61,0298	0,05			ADM+Komite Keperawatan+Komite Nakes+Komite Medik+Ka.SPI	ADM	ADM				STAF SUB BAG PERBEND & MOBILISASI DANA
370	Wiwik Widayanti, S.IP	STAF ADM UMUM	III/b	4482000	500000	6	2	1	1	2	SUB BAG PERBEND & MOBILISASI DANA	26,892	18	6	3	3	8	64,892	0,05			ADM+Komite Keperawatan+Komite Nakes+Komite Medik+Ka.SPI	ADM	ADM				STAF SUB BAG PERBEND & MOBILISASI DANA
371	Elma Wahyudi, SE., MM	STAF ADM UMUM	III/d	4720500	500000	8	2	1	1	2	SUB BAG AKUNTANSI & VERIFIKASI	28,323	24	6	3	3	8	72,323	0,05			ADM+Komite Keperawatan+Komite Nakes+Komite Medik+Ka.SPI	ADM	ADM				STAF SUB BAG AKUNTANSI & VERIFIKASI
372	Ema Hermalena, SE, MM	STAF ADM UMUM	III/d	3779400	500000	8	2	1	1	2	SUB BAG AKUNTANSI & VERIFIKASI	22,6764	24	6	3	3	8	66,6764	0			ADM+Komite Keperawatan+Komite Nakes+Komite Medik+Ka.SPI	ADM	ADM				STAF SUB BAG AKUNTANSI & VERIFIKASI
373	Murendy, S.E	STAF ADM UMUM	III/d	3799400	500000	6	2	1	1	2	SUB BAG AKUNTANSI & VERIFIKASI	22,7964	18	6	3	3	8	60,7964	0,05			ADM+Komite Keperawatan+Komite Nakes+Komite Medik+Ka.SPI	ADM	ADM				STAF SUB BAG AKUNTANSI & VERIFIKASI
374	SUSIANI, A.MD	STAF ADM UMUM	III/a	3570100	500000	5	2	1	1	2	SUB BAG PERBEND & MOBILISASI DANA	21,4206	15	6	3	3	8	56,4206	0			ADM+Komite Keperawatan+Komite Nakes+Komite Medik+Ka.SPI	ADM	ADM				STAF SUB BAG PERBEND & MOBILISASI DANA
375	Zulfiana, S.Pd	STAF ADM UMUM	IX	3203600	500000	6	2	1	1	2	SUB BAG AKUNTANSI & VERIFIKASI	19,2216	18	6	3	3	8	57,2216	0,05			ADM+Komite Keperawatan+Komite Nakes+Komite Medik+Ka.SPI	ADM	ADM				STAF SUB BAG AKUNTANSI & VERIFIKASI
376	Evy Eka Yulianti, S.Psi	STAF ADM UMUM	III/d	3743100	500000	6	1	1	1	2	SUB BAG PENYUSUNAN PELAPORAN & ANGG	22,4586	18	3	3	3	8	57,4586	0,05			ADM+Komite Keperawatan+Komite Nakes+Komite Medik+Ka.SPI	ADM	ADM				STAF SUB BAG PENYUSUNAN PELAPORAN & ANGG
377	Febriana R, SKM.,M.Kes	STAF ADM UMUM	IV/a	4042500	500000	8	1	1	1	2	SUB BAG PENYUSUNAN PELAPORAN & ANGG	24,255	24	3	3	3	8	65,255	0,05			ADM+Komite Keperawatan+Komite Nakes+Komite Medik+Ka.SPI	ADM	ADM				STAF SUB BAG PENYUSUNAN PELAPORAN & ANGG
378	Mariya Sari	STAF ADM UMUM	III/a	3570100	500000	3	1	1	1	2	SUB BAG PENYUSUNAN PELAPORAN & ANGG	21,4206	9	3	3	3	8	47,4206	0,15			ADM+Komite Keperawatan+Komite Nakes+Komite Medik+Ka.SPI	ADM	ADM				STAF SUB BAG PENYUSUNAN PELAPORAN & ANGG
379	NIA RAHMA FITRI, SE	STAF ADM UMUM	IX	3203600	500000	6	1	1	1	2	SUB BAG PENYUSUNAN PELAPORAN & ANGG	19,2216	18	3	3	3	8	54,2216	0			ADM+Komite Keperawatan+Komite Nakes+Komite Medik+Ka.SPI	ADM	ADM				STAF SUB BAG PENYUSUNAN PELAPORAN & ANGG
380	Rahma Pembayun, SKM	STAF ADM UMUM	III/d	4169900	500000	6	1	1	1	2	SUB BAG PENYUSUNAN PELAPORAN & ANGG	25,0194	18	3	3	3	8	60,0194	0,05			ADM+Komite Keperawatan+Komite Nakes+Komite Medik+Ka.SPI	ADM	ADM				STAF SUB BAG PENYUSUNAN PELAPORAN & ANGG
381	Andi Setyawan, A.Md	STAF ADM UMUM	VII	2858800	500000	5	1	1	1	2	SUB BAGIAN REKAM MEDIK	17,1528	15	3	3	3	8	49,1528	0,05			ADM+Komite Keperawatan+Komite Nakes+Komite Medik+Ka.SPI	ADM	ADM				STAF SUB BAGIAN REKAM MEDIK
382	Aswan	STAF ADM UMUM	II/a	2843000	500000	1	1	1	1	2	SUB BAGIAN REKAM MEDIK	17,058	3	3	3	3	8	37,058	0			ADM+Komite Keperawatan+Komite Nakes+Komite Medik+Ka.SPI	ADM	ADM				STAF SUB BAGIAN REKAM MEDIK
383	DELVIANI	STAF ADM UMUM	V	2511500	500000	3	3	6	1	2	SUB BAGIAN REKAM MEDIK	15,069	9	9	18	3	8	62,069	0,05			ADM+Komite Keperawatan+Komite Nakes+Komite Medik+Ka.SPI	ADM	ADM				STAF SUB BAGIAN REKAM MEDIK
384	Dewi Susana, A.Md	STAF ADM UMUM	VII	2858800	500000	5	3	6	1	2	SUB BAGIAN REKAM MEDIK	17,1528	15	9	18	3	8	70,1528	0			ADM+Komite Keperawatan+Komite Nakes+Komite Medik+Ka.SPI	ADM	ADM				STAF SUB BAGIAN REKAM MEDIK
385	EFIANI	STAF ADM UMUM	V	2511500	500000	3	3	6	1	2	SUB BAGIAN REKAM MEDIK	15,069	9	9	18	3	8	62,069	0,05			ADM+Komite Keperawatan+Komite Nakes+Komite Medik+Ka.SPI	ADM	ADM				STAF SUB BAGIAN REKAM MEDIK
386	Emi Suryani	STAF ADM UMUM	V	2511500	500000	3	1	1	1	2	SUB BAGIAN REKAM MEDIK	15,069	9	3	3	3	8	41,069	0			ADM+Komite Keperawatan+Komite Nakes+Komite Medik+Ka.SPI	ADM	ADM				STAF SUB BAGIAN REKAM MEDIK
387	Evi Maryani, S.I.Kom	STAF ADM UMUM	III/a	3798500	500000	6	1	1	1	2	SUB BAGIAN REKAM MEDIK	22,791	18	3	3	3	8	57,791	0,05			ADM+Komite Keperawatan+Komite Nakes+Komite Medik+Ka.SPI	ADM	ADM				STAF SUB BAGIAN REKAM MEDIK
388	Heryani, S.I.Kom	STAF ADM UMUM	III/a	3682500	500000	6	2	2	1	2	R. PBH LANTAI 3	22,095	18	6	6	3	8	63,095	0			ADM+Komite Keperawatan+Komite Nakes+Komite Medik+Ka.SPI	ADM	ADM				STAF R. PBH LANTAI 3
389	Kartikawaty M	STAF ADM UMUM	V	2511500	500000	3	3	6	1	2	SUB BAGIAN REKAM MEDIK	15,069	9	9	18	3	8	62,069	0,15			ADM+Komite Keperawatan+Komite Nakes+Komite Medik+Ka.SPI	ADM	ADM				STAF SUB BAGIAN REKAM MEDIK
390	Liana Citra, SE	STAF ADM UMUM	IX	3203600	500000	6	1	1	1	2	SUB BAGIAN REKAM MEDIK	19,2216	18	3	3	3	8	54,2216	0			ADM+Komite Keperawatan+Komite Nakes+Komite Medik+Ka.SPI	ADM	ADM				STAF SUB BAGIAN REKAM MEDIK
391	Mei Kustiyowati, SE	STAF ADM UMUM	IX	3203600	500000	6	3	6	1	2	SUB BAGIAN REKAM MEDIK	19,2216	18	9	18	3	8	75,2216	0,05			ADM+Komite Keperawatan+Komite Nakes+Komite Medik+Ka.SPI	ADM	ADM				STAF SUB BAGIAN REKAM MEDIK
392	MERIYANI, A.Md.Kom	STAF ADM UMUM	VII	2858800	500000	5	1	1	1	2	SUB BAGIAN REKAM MEDIK	17,1528	15	3	3	3	8	49,1528	0			ADM+Komite Keperawatan+Komite Nakes+Komite Medik+Ka.SPI	ADM	ADM				STAF SUB BAGIAN REKAM MEDIK
393	META RIA, S.PD	STAF ADM UMUM	IX	3203600	500000	6	3	6	1	2	SUB BAGIAN REKAM MEDIK	19,2216	18	9	18	3	8	75,2216	0,05			ADM+Komite Keperawatan+Komite Nakes+Komite Medik+Ka.SPI	ADM	ADM				STAF SUB BAGIAN REKAM MEDIK
394	MUHAEMIN, A.Md	STAF ADM UMUM	VII	2858800	500000	5	3	6	1	2	SUB BAGIAN REKAM MEDIK	17,1528	15	9	18	3	8	70,1528	0,05			ADM+Komite Keperawatan+Komite Nakes+Komite Medik+Ka.SPI	ADM	ADM				STAF SUB BAGIAN REKAM MEDIK
395	MUHAIMIN	STAF ADM UMUM	V	2511500	500000	3	1	1	1	2	INSTALASI DIKLAT	15,069	9	3	3	3	8	41,069	0,05			ADM+Komite Keperawatan+Komite Nakes+Komite Medik+Ka.SPI	ADM	ADM				STAF INSTALASI DIKLAT
396	Nilam Nopiyani	STAF ADM UMUM	III/a	3918100	500000	3	1	1	1	2	SUB BAGIAN REKAM MEDIK	23,5086	9	3	3	3	8	49,5086	0,05			ADM+Komite Keperawatan+Komite Nakes+Komite Medik+Ka.SPI	ADM	ADM				STAF SUB BAGIAN REKAM MEDIK
397	Novarida,SE	STAF ADM UMUM	IX	3203600	500000	6	1	1	1	2	SUB BAGIAN REKAM MEDIK	19,2216	18	3	3	3	8	54,2216	0			ADM+Komite Keperawatan+Komite Nakes+Komite Medik+Ka.SPI	ADM	ADM				STAF SUB BAGIAN REKAM MEDIK
398	NURWANA, SE	STAF ADM UMUM	IX	3203600	500000	6	1	1	1	2	SUB BAGIAN REKAM MEDIK	19,2216	18	3	3	3	8	54,2216	0,05			ADM+Komite Keperawatan+Komite Nakes+Komite Medik+Ka.SPI	ADM	ADM				STAF SUB BAGIAN REKAM MEDIK
399	Rohimi	STAF ADM UMUM	II/d	3320600	500000	3	1	1	1	2	SUB BAGIAN REKAM MEDIK	19,9236	9	3	3	3	8	45,9236	0			ADM+Komite Keperawatan+Komite Nakes+Komite Medik+Ka.SPI	ADM	ADM				STAF SUB BAGIAN REKAM MEDIK
400	Rusli Efendi	STAF ADM UMUM	V	2511500	500000	3	1	1	1	2	SUB BAGIAN REKAM MEDIK	15,069	9	3	3	3	8	41,069	0			ADM+Komite Keperawatan+Komite Nakes+Komite Medik+Ka.SPI	ADM	ADM				STAF SUB BAGIAN REKAM MEDIK
401	SHINTA DAMAYANTI	STAF ADM UMUM	V	2511500	500000	3	1	1	1	2	SUB BAGIAN REKAM MEDIK	15,069	9	3	3	3	8	41,069	0			ADM+Komite Keperawatan+Komite Nakes+Komite Medik+Ka.SPI	ADM	ADM				STAF SUB BAGIAN REKAM MEDIK
402	Suryati	STAF ADM UMUM	III/a	3918100	500000	3	1	1	1	2	SUB BAGIAN REKAM MEDIK	23,5086	9	3	3	3	8	49,5086	0,05			ADM+Komite Keperawatan+Komite Nakes+Komite Medik+Ka.SPI	ADM	ADM				STAF SUB BAGIAN REKAM MEDIK
403	WORO TRIANI, SE	STAF ADM UMUM	IX	3203600	500000	6	1	1	1	2	SUB BAGIAN REKAM MEDIK	19,2216	18	3	3	3	8	54,2216	0,05			ADM+Komite Keperawatan+Komite Nakes+Komite Medik+Ka.SPI	ADM	ADM				STAF SUB BAGIAN REKAM MEDIK
404	Yulistyowati	STAF ADM UMUM	III/b	4345100	500000	3	1	1	1	2	SUB BAGIAN REKAM MEDIK	26,0706	9	3	3	3	8	52,0706	0			ADM+Komite Keperawatan+Komite Nakes+Komite Medik+Ka.SPI	ADM	ADM				STAF SUB BAGIAN REKAM MEDIK
405	YUNI EKA SARI	STAF ADM UMUM	V	2511500	500000	3	3	6	1	2	SUB BAGIAN REKAM MEDIK	15,069	9	9	18	3	8	62,069	0			ADM+Komite Keperawatan+Komite Nakes+Komite Medik+Ka.SPI	ADM	ADM				STAF SUB BAGIAN REKAM MEDIK
406	Yunita Fitriani, SKM	STAF ADM UMUM	III/b	3607500	500000	6	1	1	1	2	SUB BAGIAN REKAM MEDIK	21,645	18	3	3	3	8	56,645	0,05			ADM+Komite Keperawatan+Komite Nakes+Komite Medik+Ka.SPI	ADM	ADM				STAF SUB BAGIAN REKAM MEDIK
407	YUNITA SEPTIANA	STAF ADM UMUM	V	2511500	500000	3	1	1	1	2	SUB BAGIAN REKAM MEDIK	15,069	9	3	3	3	8	41,069	0,05			ADM+Komite Keperawatan+Komite Nakes+Komite Medik+Ka.SPI	ADM	ADM				STAF SUB BAGIAN REKAM MEDIK
408	AIRA MONICA MIRZA, A.Md.Keb	STAF ADM UMUM	VII	2858800	500000	5	1	1	1	2	SUB BAG PEMASARAN, PENGELOLA  INFO PUBLIK	17,1528	15	3	3	3	8	49,1528	0,05			ADM+Komite Keperawatan+Komite Nakes+Komite Medik+Ka.SPI	ADM	ADM				STAF SUB BAG PEMASARAN, PENGELOLA  INFO PUBLIK
409	Hadi Saputra	STAF ADM UMUM	V	2511500	500000	3	1	1	1	2	SUB BAG PEMASARAN, PENGELOLA  INFO PUBLIK	15,069	9	3	3	3	8	41,069	0,05			ADM+Komite Keperawatan+Komite Nakes+Komite Medik+Ka.SPI	ADM	ADM				STAF SUB BAG PEMASARAN, PENGELOLA  INFO PUBLIK
410	Hasanusi	STAF ADM UMUM	II/c	3185800	500000	3	1	1	1	2	SUB BAG PEMASARAN, PENGELOLA  INFO PUBLIK	19,1148	9	3	3	3	8	45,1148	0,05			ADM+Komite Keperawatan+Komite Nakes+Komite Medik+Ka.SPI	ADM	ADM				STAF SUB BAG PEMASARAN, PENGELOLA  INFO PUBLIK
411	Anggi Saputra	STAF ADM UMUM	V	2511500	500000	3	1	1	1	2	SUB BAG UMUM	15,069	9	3	3	3	8	41,069	0			ADM+Komite Keperawatan+Komite Nakes+Komite Medik+Ka.SPI	ADM	ADM				STAF SUB BAG UMUM
412	Desi Ariyanti, SKM	STAF ADM UMUM	III/d	4436700	500000	6	1	1	1	2	SUB BAG UMUM	26,6202	18	3	3	3	8	61,6202	0,05			ADM+Komite Keperawatan+Komite Nakes+Komite Medik+Ka.SPI	ADM	ADM				STAF SUB BAG UMUM
413	DESWANDI IRAWAN, S.P	STAF ADM UMUM	IX	3203600	500000	6	1	1	1	2	SUB BAG UMUM	19,2216	18	3	3	3	8	54,2216	0			ADM+Komite Keperawatan+Komite Nakes+Komite Medik+Ka.SPI	ADM	ADM				STAF SUB BAG UMUM
414	EDY KURNIA GUSTIYAN, SE., MM	STAF ADM UMUM	IV/a	4920200	500000	8	1	1	1	2	SUB BAG UMUM	29,5212	24	3	3	3	8	70,5212	0,05			ADM+Komite Keperawatan+Komite Nakes+Komite Medik+Ka.SPI	ADM	ADM				STAF SUB BAG UMUM
415	HALIYA SYIFA,SE, MM	STAF ADM UMUM	IV/a	4624300	500000	8	1	1	1	2	SUB BAG UMUM	27,7458	24	3	3	3	8	68,7458	0			ADM+Komite Keperawatan+Komite Nakes+Komite Medik+Ka.SPI	ADM	ADM				STAF SUB BAG UMUM
416	Hanivah Tri Handayani, S.E	STAF ADM UMUM	III/b	3390500	500000	6	2	2	1	2	INSTALASI AMBULANCE DAN MOBIL JENAZAH	20,343	18	6	6	3	8	61,343	0			ADM+Komite Keperawatan+Komite Nakes+Komite Medik+Ka.SPI	ADM	ADM				STAF INSTALASI AMBULANCE DAN MOBIL JENAZAH
417	JONI KURNIAWAN, SH	STAF ADM UMUM	IX	3203600	500000	6	1	1	1	2	SUB BAG UMUM	19,2216	18	3	3	3	8	54,2216	0,05			ADM+Komite Keperawatan+Komite Nakes+Komite Medik+Ka.SPI	ADM	ADM				STAF SUB BAG UMUM
418	Nita Dhamayanthy, S Sos	STAF ADM UMUM	III/d	5022500	500000	6	1	1	1	2	SUB BAG UMUM	30,135	18	3	3	3	8	65,135	0			ADM+Komite Keperawatan+Komite Nakes+Komite Medik+Ka.SPI	ADM	ADM				STAF SUB BAG UMUM
419	Riana Nurafni Novita, SE	STAF ADM UMUM	IX	3203600	500000	6	1	1	1	2	SUB BAG UMUM	19,2216	18	3	3	3	8	54,2216	0,05			ADM+Komite Keperawatan+Komite Nakes+Komite Medik+Ka.SPI	ADM	ADM				STAF SUB BAG UMUM
420	Ratna Dewi Ria 	STAF ADM UMUM	IV/a	4847300	500000	7	1	1	1	2	KOMITE MEDIK	29,0838	21	3	3	3	8	67,0838	0			ADM+Komite Keperawatan+Komite Nakes+Komite Medik+Ka.SPI	ADM	ADM				STAF KOMITE MEDIK
421	SIRAJUDDIN	STAF ADM UMUM	V	2511500	500000	3	1	1	1	2	SUB BAG UMUM	15,069	9	3	3	3	8	41,069	0			ADM+Komite Keperawatan+Komite Nakes+Komite Medik+Ka.SPI	ADM	ADM				STAF SUB BAG UMUM
422	Suratno	STAF ADM UMUM	II/a	2756200	500000	3	1	1	1	2	SUB BAG UMUM	16,5372	9	3	3	3	8	42,5372	0,05			ADM+Komite Keperawatan+Komite Nakes+Komite Medik+Ka.SPI	ADM	ADM				STAF SUB BAG UMUM
423	Suyatno	STAF ADM UMUM	II/d	3219200	500000	3	1	1	1	2	SUB BAG UMUM	19,3152	9	3	3	3	8	45,3152	0			ADM+Komite Keperawatan+Komite Nakes+Komite Medik+Ka.SPI	ADM	ADM				STAF SUB BAG UMUM
424	YOKE TIARA, S.Pd	STAF ADM UMUM	IX	3203600	500000	6	1	1	1	2	PUSAT KRISIS DAN DATA KESEHATAN	19,2216	18	3	3	3	8	54,2216	0,15			ADM+Komite Keperawatan+Komite Nakes+Komite Medik+Ka.SPI	ADM	ADM				STAF PUSAT KRISIS DAN DATA KESEHATAN
425	Ahmad Pandji Yudha	STAF ADM UMUM	II/c	3389700	500000	2	1	1	1	2	SUB BAG RT/PERLENGKAPAN	20,3382	6	3	3	3	8	43,3382	0,05			ADM+Komite Keperawatan+Komite Nakes+Komite Medik+Ka.SPI	ADM	ADM				STAF SUB BAG RT/PERLENGKAPAN
426	Budi Winarno	STAF ADM UMUM	II/b	2578800	500000	2	1	1	1	2	SUB BAG RT/PERLENGKAPAN	15,4728	6	3	3	3	8	38,4728	0,05			ADM+Komite Keperawatan+Komite Nakes+Komite Medik+Ka.SPI	ADM	ADM				STAF SUB BAG RT/PERLENGKAPAN
427	Revy Susi Maryanti, S.Si	STAF ADM UMUM	IX	3203600	500000	6	1	1	1	2	SUB BAG RT/PERLENGKAPAN	19,2216	18	3	3	3	8	54,2216	0,05			ADM+Komite Keperawatan+Komite Nakes+Komite Medik+Ka.SPI	ADM	ADM				STAF SUB BAG RT/PERLENGKAPAN
428	Sulastri	STAF ADM UMUM	III/a	3570100	500000	3	1	1	1	2	SUB BAG RT/PERLENGKAPAN	21,4206	9	3	3	3	8	47,4206	0,05			ADM+Komite Keperawatan+Komite Nakes+Komite Medik+Ka.SPI	ADM	ADM				STAF SUB BAG RT/PERLENGKAPAN
429	Tiwinarti, S.Sos	STAF ADM UMUM	III/d	5022500	500000	6	1	1	1	2	SUB BAG RT/PERLENGKAPAN	30,135	18	3	3	3	8	65,135	0,15			ADM+Komite Keperawatan+Komite Nakes+Komite Medik+Ka.SPI	ADM	ADM				STAF SUB BAG RT/PERLENGKAPAN
430	Yulina Sofia, S.M	STAF ADM UMUM	III/b	3959200	500000	6	1	1	1	2	SUB BAG RT/PERLENGKAPAN	23,7552	18	3	3	3	8	58,7552	0,05			ADM+Komite Keperawatan+Komite Nakes+Komite Medik+Ka.SPI	ADM	ADM				STAF SUB BAG RT/PERLENGKAPAN
431	Ary Susiyanti, SE	STAF ADM UMUM	III/d	4301200	500000	6	1	1	1	2	SUB BAG KEPEGAWAIAN	25,8072	18	3	3	3	8	60,8072	0			ADM+Komite Keperawatan+Komite Nakes+Komite Medik+Ka.SPI	ADM	ADM				STAF SUB BAG KEPEGAWAIAN
432	AWALIATUL KHOIROH	STAF ADM UMUM	V	2511500	500000	3	1	1	1	2	SUB BAG KEPEGAWAIAN	15,069	9	3	3	3	8	41,069	0,05			ADM+Komite Keperawatan+Komite Nakes+Komite Medik+Ka.SPI	ADM	ADM				STAF SUB BAG KEPEGAWAIAN
433	DINNY PERDANA, S.IP	STAF ADM UMUM	IX	3203600	500000	6	1	1	1	2	SUB BAG KEPEGAWAIAN	19,2216	18	3	3	3	8	54,2216	0,05			ADM+Komite Keperawatan+Komite Nakes+Komite Medik+Ka.SPI	ADM	ADM				STAF SUB BAG KEPEGAWAIAN
434	Fatrullibramsah, SAP	STAF ADM UMUM	III/a	3527000	500000	6	1	1	1	2	SUB BAG KEPEGAWAIAN	21,162	18	3	3	3	8	56,162	0			ADM+Komite Keperawatan+Komite Nakes+Komite Medik+Ka.SPI	ADM	ADM				STAF SUB BAG KEPEGAWAIAN
435	Muhayati	STAF ADM UMUM	V	2511500	500000	3	1	1	1	2	SUB BAG KEPEGAWAIAN	15,069	9	3	3	3	8	41,069	0,05			ADM+Komite Keperawatan+Komite Nakes+Komite Medik+Ka.SPI	ADM	ADM				STAF SUB BAG KEPEGAWAIAN
436	RACHMAD RAINGGUAN T, S.Psi	STAF ADM UMUM	-	2300000	500000	3	1	1	1	2	SUB BAG KEPEGAWAIAN	13,8	9	3	3	3	8	39,8	0,05			ADM+Komite Keperawatan+Komite Nakes+Komite Medik+Ka.SPI	ADM	ADM				STAF SUB BAG KEPEGAWAIAN
437	Santi Febtina	STAF ADM UMUM	V	2511500	500000	3	1	1	1	2	SUB BAG KEPEGAWAIAN	15,069	9	3	3	3	8	41,069	0			ADM+Komite Keperawatan+Komite Nakes+Komite Medik+Ka.SPI	ADM	ADM				STAF SUB BAG KEPEGAWAIAN
438	SEPTIYANI, A.MD.KG	STAF ADM UMUM	III/b	3654000	500000	5	1	1	1	2	SUB BAG KEPEGAWAIAN	21,924	15	3	3	3	8	53,924	0,05			ADM+Komite Keperawatan+Komite Nakes+Komite Medik+Ka.SPI	ADM	ADM				STAF SUB BAG KEPEGAWAIAN
439	M. AMIRUDIN, Amd.Kep	STAF ADM UMUM	VII	2858800	500000	5	1	1	1	2	SUB BIDANG MUTU PELAYANAN KEPERAWATAN	17,1528	15	3	3	3	8	49,1528	0,05			ADM+Komite Keperawatan+Komite Nakes+Komite Medik+Ka.SPI	ADM	ADM				STAF SUB BIDANG MUTU PELAYANAN KEPERAWATAN
440	Mei Ferani, S.IP	STAF ADM UMUM	III/a	3682500	500000	6	1	1	1	2	SUB BIDANG MUTU PELAYANAN KEPERAWATAN	22,095	18	3	3	3	8	57,095	0			ADM+Komite Keperawatan+Komite Nakes+Komite Medik+Ka.SPI	ADM	ADM				STAF SUB BIDANG MUTU PELAYANAN KEPERAWATAN
441	Ns. Melinda Leona, S.Kep	STAF ADM UMUM	III/d	3518100	500000	7	1	1	1	2	SUB BIDANG MUTU PELAYANAN KEPERAWATAN	21,1086	21	3	3	3	8	59,1086	0			ADM+Komite Keperawatan+Komite Nakes+Komite Medik+Ka.SPI	ADM	ADM				STAF SUB BIDANG MUTU PELAYANAN KEPERAWATAN
442	BAMBANG HERWANTO, Amd.Kep	Nakes	VII	2858800	500000	5	12	12	1	2	INSTALASI BEDAH SENTRAL	17,1528	15	36	36	3	8	115,1528	0			ADM+Komite Keperawatan+Komite Nakes+Komite Medik+Ka.SPI	ADM	ADM				Nakes INSTALASI BEDAH SENTRAL
443	FATRISIA KOFA, A.MD KEB	STAF ADM UMUM	III/a	2830900	500000	5	1	1	1	2	SUB BIDANG SUMBER DAYA PELAYANAN KEP	16,9854	15	3	3	3	8	48,9854	0			ADM+Komite Keperawatan+Komite Nakes+Komite Medik+Ka.SPI	ADM	ADM				STAF SUB BIDANG SUMBER DAYA PELAYANAN KEP
444	HETI SEPTINUR, Amd.Keb	STAF ADM UMUM	VII	2858800	500000	5	1	1	1	2	SUB BIDANG SUMBER DAYA PELAYANAN KEP	17,1528	15	3	3	3	8	49,1528	0,05			ADM+Komite Keperawatan+Komite Nakes+Komite Medik+Ka.SPI	ADM	ADM				STAF SUB BIDANG SUMBER DAYA PELAYANAN KEP
445	Novi Lestari, A.Md. Kep	STAF ADM UMUM	III/b	3607500	500000	5	1	1	1	2	SUB BIDANG SUMBER DAYA PELAYANAN KEP	21,645	15	3	3	3	8	53,645	0			ADM+Komite Keperawatan+Komite Nakes+Komite Medik+Ka.SPI	ADM	ADM				STAF SUB BIDANG SUMBER DAYA PELAYANAN KEP
446	Bayu Dimas Satria	STAF ADM UMUM	V	2511500	500000	3	1	1	1	2	SUB BIDANG SUMBER DAYA PELAYANAN MEDIK	15,069	9	3	3	3	8	41,069	0,05			NAKES	NAKES	NAKES				STAF SUB BIDANG SUMBER DAYA PELAYANAN MEDIK
447	Desmalia	STAF ADM UMUM	V	2511500	500000	3	1	1	1	2	SUB BIDANG SUMBER DAYA PELAYANAN MEDIK	15,069	9	3	3	3	8	41,069	0,05			ADM+Komite Keperawatan+Komite Nakes+Komite Medik+Ka.SPI	ADM	ADM				STAF SUB BIDANG SUMBER DAYA PELAYANAN MEDIK
448	Ekawati M, SKM	STAF ADM UMUM	III/d	3799400	500000	6	1	1	1	2	SUB BIDANG SUMBER DAYA PELAYANAN MEDIK	22,7964	18	3	3	3	8	57,7964	0			ADM+Komite Keperawatan+Komite Nakes+Komite Medik+Ka.SPI	ADM	ADM				STAF SUB BIDANG SUMBER DAYA PELAYANAN MEDIK
449	HERU PURNOMO, S.E	STAF ADM UMUM	III/c	4126600	500000	6	1	1	1	2	SUB BIDANG SUMBER DAYA PELAYANAN MEDIK	24,7596	18	3	3	3	8	59,7596	0			ADM+Komite Keperawatan+Komite Nakes+Komite Medik+Ka.SPI	ADM	ADM				STAF SUB BIDANG SUMBER DAYA PELAYANAN MEDIK
450	Indah Suryahati, SE	STAF ADM UMUM	IX	3203600	500000	6	1	1	1	2	SUB BIDANG MUTU PELAYANAN MEDIK	19,2216	18	3	3	3	8	54,2216	0			ADM+Komite Keperawatan+Komite Nakes+Komite Medik+Ka.SPI	ADM	ADM				STAF SUB BIDANG MUTU PELAYANAN MEDIK
451	VERNAWATI, S.E	STAF ADM UMUM	IX	3203600	500000	6	1	1	1	2	SUB BIDANG MUTU PELAYANAN MEDIK	19,2216	18	3	3	3	8	54,2216	0,05			ADM+Komite Keperawatan+Komite Nakes+Komite Medik+Ka.SPI	ADM	ADM				STAF SUB BIDANG MUTU PELAYANAN MEDIK
452	MURNI SUKARYANTI, A.Md	STAF ADM UMUM	VII	2858800	500000	5	1	1	1	2	SUB BIDANG PERBEKALAN KESEHATAN	17,1528	15	3	3	3	8	49,1528	0,05			ADM+Komite Keperawatan+Komite Nakes+Komite Medik+Ka.SPI	ADM	ADM				STAF SUB BIDANG PERBEKALAN KESEHATAN
453	Virdina Rosari, SE	STAF ADM UMUM	III/b	3043600	500000	6	1	1	1	2	SUB BIDANG PERBEKALAN KESEHATAN	18,2616	18	3	3	3	8	53,2616	0,05			ADM+Komite Keperawatan+Komite Nakes+Komite Medik+Ka.SPI	ADM	ADM				STAF SUB BIDANG PERBEKALAN KESEHATAN
454	WIDODO	STAF ADM UMUM	III/c	4528900	500000	5	1	1	1	2	SUB BIDANG PERBEKALAN KESEHATAN	27,1734	15	3	3	3	8	59,1734	0			ADM+Komite Keperawatan+Komite Nakes+Komite Medik+Ka.SPI	ADM	ADM				STAF SUB BIDANG PERBEKALAN KESEHATAN
455	Eka Darmawati, S.Sos	STAF ADM UMUM	III/d	4436700	500000	6	1	1	1	2	SUB BIDANG PERBEKALAN FARMASI	26,6202	18	3	3	3	8	61,6202	0,05			ADM+Komite Keperawatan+Komite Nakes+Komite Medik+Ka.SPI	ADM	ADM				STAF SUB BIDANG PERBEKALAN FARMASI
456	VIVIN GINA BINARTIN, A.Md	STAF ADM UMUM	VII	2858800	500000	5	1	1	1	2	SUB BIDANG PERBEKALAN FARMASI	17,1528	15	3	3	3	8	49,1528	0,05			ADM+Komite Keperawatan+Komite Nakes+Komite Medik+Ka.SPI	ADM	ADM				STAF SUB BIDANG PERBEKALAN FARMASI
457	WULANDARI, S.Pi	STAF ADM UMUM	IX	3203600	500000	6	1	1	1	2	SUB BIDANG PERBEKALAN FARMASI	19,2216	18	3	3	3	8	54,2216	0,05			ADM+Komite Keperawatan+Komite Nakes+Komite Medik+Ka.SPI	ADM	ADM				STAF SUB BIDANG PERBEKALAN FARMASI
458	Dewi Elmasari	STAF ADM UMUM	II/d	3425200	500000	3	1	1	1	2	SUB BIDANG PENGEMB. MEDIK & KEPERAWATAN	20,5512	9	3	3	3	8	46,5512	0,05			ADM+Komite Keperawatan+Komite Nakes+Komite Medik+Ka.SPI	ADM	ADM				STAF SUB BIDANG PENGEMB. MEDIK & KEPERAWATAN
459	ELSITA HAFIZHA SUHAILI,S.Tr. Keb	STAF ADM UMUM	IX	3203600	500000	6	1	1	1	2	SUB BIDANG PENGEMB. MEDIK & KEPERAWATAN	19,2216	18	3	3	3	8	54,2216	0,05			ADM+Komite Keperawatan+Komite Nakes+Komite Medik+Ka.SPI	ADM	ADM				STAF SUB BIDANG PENGEMB. MEDIK & KEPERAWATAN
460	FATMA KIRANA, SE, MM	STAF ADM UMUM	IX	3203600	500000	6	1	1	1	2	SUB BIDANG PENGEMB. MEDIK & KEPERAWATAN	19,2216	18	3	3	3	8	54,2216	0,05			ADM+Komite Keperawatan+Komite Nakes+Komite Medik+Ka.SPI	ADM	ADM				STAF SUB BIDANG PENGEMB. MEDIK & KEPERAWATAN
461	RIA PUTRI SANJAYA, S.K.M	STAF ADM UMUM	IX	3203600	500000	6	1	1	1	2	SUB BIDANG PENGEMB. MEDIK & KEPERAWATAN	19,2216	18	3	3	3	8	54,2216	0,05			ADM+Komite Keperawatan+Komite Nakes+Komite Medik+Ka.SPI	ADM	ADM				STAF SUB BIDANG PENGEMB. MEDIK & KEPERAWATAN
462	Junaidi Abdullah	STAF ADM UMUM	I	1938500	500000	1	1	1	1	2	SUB BIDANG PENGEMB. TENAGA KESEHATAN	11,631	3	3	3	3	8	31,631	0,05			ADM+Komite Keperawatan+Komite Nakes+Komite Medik+Ka.SPI	ADM	ADM				STAF SUB BIDANG PENGEMB. TENAGA KESEHATAN
463	Ridwansyah	STAF ADM UMUM	III/b	4482000	500000	3	1	1	1	2	SUB BIDANG PENGEMB. TENAGA KESEHATAN	26,892	9	3	3	3	8	52,892	0,05			ADM+Komite Keperawatan+Komite Nakes+Komite Medik+Ka.SPI	ADM	ADM				STAF SUB BIDANG PENGEMB. TENAGA KESEHATAN
464	YOSI PRATAMA MURITA, Amd.Keb	STAF ADM UMUM	VII	2858800	500000	5	1	1	1	2	SUB BIDANG PENGEMB. TENAGA KESEHATAN	17,1528	15	3	3	3	8	49,1528	0,05			ADM+Komite Keperawatan+Komite Nakes+Komite Medik+Ka.SPI	ADM	ADM				STAF SUB BIDANG PENGEMB. TENAGA KESEHATAN
465	Donni Ferdinan S.I.Kom	STAF ADM UMUM	IX	3203600	500000	6	1	1	1	2	SUB BIDANG HUKUM & PERLINDUNGAN SDM	19,2216	18	3	3	3	8	54,2216	0,05			ADM+Komite Keperawatan+Komite Nakes+Komite Medik+Ka.SPI	ADM	ADM				STAF SUB BIDANG HUKUM & PERLINDUNGAN SDM
466	RETIAS DEWI JAYANTI, S.Kep, MH	STAF ADM UMUM	III/b	3607500	500000	8	2	1	1	2	SUB BAG PERBEND & MOBILISASI DANA	21,645	24	6	3	3	8	65,645	0,05			ADM+Komite Keperawatan+Komite Nakes+Komite Medik+Ka.SPI	ADM	ADM				STAF SUB BAG PERBEND & MOBILISASI DANA
467	SOFRIYANI, S.E	STAF ADM UMUM	IX	3203600	500000	6	1	1	1	2	SUB BIDANG HUKUM & PERLINDUNGAN SDM	19,2216	18	3	3	3	8	54,2216	0,15			ADM+Komite Keperawatan+Komite Nakes+Komite Medik+Ka.SPI	ADM	ADM				STAF SUB BIDANG HUKUM & PERLINDUNGAN SDM
468	Feri Febriyanti	STAF ADM UMUM	V	2511500	500000	3	1	1	1	2	SUB BIDANG KERJASAMA ANTAR LEMBAGA	15,069	9	3	3	3	8	41,069	0,15			ADM+Komite Keperawatan+Komite Nakes+Komite Medik+Ka.SPI	ADM	ADM				STAF SUB BIDANG KERJASAMA ANTAR LEMBAGA
469	Siti Novalda Rigayo, S.H	STAF ADM UMUM	IX	3203600	500000	6	1	1	1	2	SUB BIDANG KERJASAMA ANTAR LEMBAGA	19,2216	18	3	3	3	8	54,2216	0,05			ADM+Komite Keperawatan+Komite Nakes+Komite Medik+Ka.SPI	ADM	ADM				STAF SUB BIDANG KERJASAMA ANTAR LEMBAGA
470	Ana Rosyana, S.IP	STAF ADM UMUM	III/b	4083900	500000	6	2	2	1	2	INSTALASI AMBULANCE DAN MOBIL JENAZAH	24,5034	18	6	6	3	8	65,5034	0,05			ADM+Komite Keperawatan+Komite Nakes+Komite Medik+Ka.SPI	ADM	ADM				STAF INSTALASI AMBULANCE DAN MOBIL JENAZAH
471	Dedi Sutono	STAF ADM UMUM	II/c	3425200	500000	3	2	2	1	2	INSTALASI AMBULANCE DAN MOBIL JENAZAH	20,5512	9	6	6	3	8	52,5512	0,05			ADM+Komite Keperawatan+Komite Nakes+Komite Medik+Ka.SPI	ADM	ADM				STAF INSTALASI AMBULANCE DAN MOBIL JENAZAH
472	Rudi Irwanto	STAF ADM UMUM	I/d	2643700	500000	1	2	2	1	2	INSTALASI AMBULANCE DAN MOBIL JENAZAH	15,8622	3	6	6	3	8	41,8622	0,05			ADM+Komite Keperawatan+Komite Nakes+Komite Medik+Ka.SPI	ADM	ADM				STAF INSTALASI AMBULANCE DAN MOBIL JENAZAH
473	Asep Wahyudi, S.Kom	STAF ADM UMUM	IX	3203600	500000	6	1	1	1	2	INSTALASI DIKLAT	19,2216	18	3	3	3	8	54,2216	0,15			ADM+Komite Keperawatan+Komite Nakes+Komite Medik+Ka.SPI	ADM	ADM				STAF INSTALASI DIKLAT
474	Eko Zahroni	STAF ADM UMUM	V	2511500	500000	3	1	1	1	2	INSTALASI DIKLAT	15,069	9	3	3	3	8	41,069	0,05			ADM+Komite Keperawatan+Komite Nakes+Komite Medik+Ka.SPI	ADM	ADM				STAF INSTALASI DIKLAT
475	Jamaludin	STAF ADM UMUM	V	2511500	500000	3	1	1	1	2	INSTALASI DIKLAT	15,069	9	3	3	3	8	41,069	0,05			ADM+Komite Keperawatan+Komite Nakes+Komite Medik+Ka.SPI	ADM	ADM				STAF INSTALASI DIKLAT
476	LUSI YULIYANTI, S.Kep.,M.Kes	STAF ADM UMUM	IV/a	3695500	500000	8	1	1	2	2	INSTALASI DIKLAT	22,173	24	3	3	6	16	74,173	0,15			ADM+Komite Keperawatan+Komite Nakes+Komite Medik+Ka.SPI	ADM	ADM				STAF INSTALASI DIKLAT
477	M. WAHYU IKHLASUL AMAL	STAF ADM UMUM	V	2511500	500000	3	1	1	1	2	INSTALASI DIKLAT	15,069	9	3	3	3	8	41,069	0,05			ADM+Komite Keperawatan+Komite Nakes+Komite Medik+Ka.SPI	ADM	ADM				STAF INSTALASI DIKLAT
478	Miyana, S.E.	STAF ADM UMUM	III/b	3721100	500000	6	1	1	1	2	INSTALASI DIKLAT	22,3266	18	3	3	3	8	57,3266	0,05			ADM+Komite Keperawatan+Komite Nakes+Komite Medik+Ka.SPI	ADM	ADM				STAF INSTALASI DIKLAT
479	Muhamad Yusuf	STAF ADM UMUM	V	2511500	500000	3	1	1	1	2	INSTALASI DIKLAT	15,069	9	3	3	3	8	41,069	0,05			ADM+Komite Keperawatan+Komite Nakes+Komite Medik+Ka.SPI	ADM	ADM				STAF INSTALASI DIKLAT
480	Ratna Andriani, SE	STAF ADM UMUM	III/c	4126600	500000	6	1	1	2	2	INSTALASI DIKLAT	24,7596	18	3	3	6	16	70,7596	0,15			ADM+Komite Keperawatan+Komite Nakes+Komite Medik+Ka.SPI	ADM	ADM				STAF INSTALASI DIKLAT
481	Sarmiatun S.IP	STAF ADM UMUM	III/b	3838300	500000	6	1	1	1	2	INSTALASI DIKLAT	23,0298	18	3	3	3	8	58,0298	0,15			ADM+Komite Keperawatan+Komite Nakes+Komite Medik+Ka.SPI	ADM	ADM				STAF INSTALASI DIKLAT
482	DEVI SARDIRIKA, A.Md	STAF ADM UMUM	-	2300000	500000	3	2	2	1	2	INSTALASI GAS MEDIK	13,8	9	6	6	3	8	45,8	0,05			ADM+Komite Keperawatan+Komite Nakes+Komite Medik+Ka.SPI	ADM	ADM				STAF INSTALASI GAS MEDIK
483	FERIKO ZORIAN, S. Kom	STAF ADM UMUM	III/d	5022500	500000	6	2	2	1	2	INSTALASI GAS MEDIK	30,135	18	6	6	3	8	71,135	0,05			ADM+Komite Keperawatan+Komite Nakes+Komite Medik+Ka.SPI	ADM	ADM				STAF INSTALASI GAS MEDIK
484	Lasimin	STAF ADM UMUM	II/c	3088600	500000	3	2	2	1	2	INSTALASI GAS MEDIK	18,5316	9	6	6	3	8	50,5316	0,05			ADM+Komite Keperawatan+Komite Nakes+Komite Medik+Ka.SPI	ADM	ADM				STAF INSTALASI GAS MEDIK
485	Maryono	STAF ADM UMUM	I	1938500	500000	1	2	2	1	2	INSTALASI GAS MEDIK	11,631	3	6	6	3	8	37,631	0,15			ADM+Komite Keperawatan+Komite Nakes+Komite Medik+Ka.SPI	ADM	ADM				STAF INSTALASI GAS MEDIK
486	SAHADI	STAF ADM UMUM	V	2511500	500000	3	2	2	1	2	INSTALASI GAS MEDIK	15,069	9	6	6	3	8	47,069	0,05			ADM+Komite Keperawatan+Komite Nakes+Komite Medik+Ka.SPI	ADM	ADM				STAF INSTALASI GAS MEDIK
487	Akhmad Faruk, ST	STAF ADM UMUM	III/b	3721100	500000	6	2	2	1	2	INSTALASI PEMELIHARAAN SARANA	22,3266	18	6	6	3	8	63,3266	0,05			ADM+Komite Keperawatan+Komite Nakes+Komite Medik+Ka.SPI	ADM	ADM				STAF INSTALASI PEMELIHARAAN SARANA
488	Amin Suprapto	STAF ADM UMUM	III/a	3918100	500000	3	2	2	1	2	INSTALASI PEMELIHARAAN SARANA	23,5086	9	6	6	3	8	55,5086	0,15			ADM+Komite Keperawatan+Komite Nakes+Komite Medik+Ka.SPI	ADM	ADM				STAF INSTALASI PEMELIHARAAN SARANA
489	Andi Erwandi	STAF ADM UMUM	V	2511500	500000	3	2	2	1	2	INSTALASI PEMELIHARAAN SARANA	15,069	9	6	6	3	8	47,069	0,15			ADM+Komite Keperawatan+Komite Nakes+Komite Medik+Ka.SPI	ADM	ADM				STAF INSTALASI PEMELIHARAAN SARANA
490	Ardi Waluyo, A.Md	STAF ADM UMUM	VII	2858800	500000	5	2	2	1	2	INSTALASI PEMELIHARAAN SARANA	17,1528	15	6	6	3	8	55,1528	0,15			ADM+Komite Keperawatan+Komite Nakes+Komite Medik+Ka.SPI	ADM	ADM				STAF INSTALASI PEMELIHARAAN SARANA
491	Aris Budiono	STAF ADM UMUM	III/a	3570100	500000	6	3	2	1	2	INSTALASI KESEHATAN LINGKUNGAN	21,4206	18	9	6	3	8	65,4206	0,15			ADM+Komite Keperawatan+Komite Nakes+Komite Medik+Ka.SPI	ADM	ADM				STAF INSTALASI KESEHATAN LINGKUNGAN
492	Ary Yanuardi	STAF ADM UMUM	III/a	3918100	500000	3	2	2	1	2	INSTALASI PEMELIHARAAN SARANA	23,5086	9	6	6	3	8	55,5086	0,15			ADM+Komite Keperawatan+Komite Nakes+Komite Medik+Ka.SPI	ADM	ADM				STAF INSTALASI PEMELIHARAAN SARANA
493	CICIH JUWARSIH, S.ST	STAF ADM UMUM	III/d	4576400	500000	6	2	2	1	2	INSTALASI PEMELIHARAAN SARANA	27,4584	18	6	6	3	8	68,4584	0,15			ADM+Komite Keperawatan+Komite Nakes+Komite Medik+Ka.SPI	ADM	ADM				STAF INSTALASI PEMELIHARAAN SARANA
494	Deddy Cahyadi, S.KOM	STAF ADM UMUM	IX	3203600	500000	6	2	2	1	2	INSTALASI PEMELIHARAAN PERALATAN MEDIS	19,2216	18	6	6	3	8	60,2216	0,05			ADM+Komite Keperawatan+Komite Nakes+Komite Medik+Ka.SPI	ADM	ADM				STAF INSTALASI PEMELIHARAAN PERALATAN MEDIS
495	HERMAN B	STAF ADM UMUM	III/a	4041500	500000	3	2	2	1	2	INSTALASI PEMELIHARAAN SARANA	24,249	9	6	6	3	8	56,249	0,05			ADM+Komite Keperawatan+Komite Nakes+Komite Medik+Ka.SPI	ADM	ADM				STAF INSTALASI PEMELIHARAAN SARANA
496	Jeki Saputra	STAF ADM UMUM	V	2511500	500000	3	1	1	1	2	SUB BAG RT/PERLENGKAPAN	15,069	9	3	3	3	8	41,069	0,05			ADM+Komite Keperawatan+Komite Nakes+Komite Medik+Ka.SPI	ADM	ADM				STAF SUB BAG RT/PERLENGKAPAN
497	Muhammad Ali Faisol	STAF ADM UMUM	III/a	3682500	500000	6	2	2	1	2	INSTALASI PEMELIHARAAN SARANA	22,095	18	6	6	3	8	63,095	0,05			ADM+Komite Keperawatan+Komite Nakes+Komite Medik+Ka.SPI	ADM	ADM				STAF INSTALASI PEMELIHARAAN SARANA
498	Novieta Eriyani, A.Md	STAF ADM UMUM	VII	2858800	500000	5	2	2	1	2	INSTALASI PEMELIHARAAN SARANA	17,1528	15	6	6	3	8	55,1528	0,15			ADM+Komite Keperawatan+Komite Nakes+Komite Medik+Ka.SPI	ADM	ADM				STAF INSTALASI PEMELIHARAAN SARANA
499	R. Sofyan Wahyudi,SE	STAF ADM UMUM	III/b	3721100	500000	6	2	2	1	2	INSTALASI PEMELIHARAAN SARANA	22,3266	18	6	6	3	8	63,3266	0,05			ADM+Komite Keperawatan+Komite Nakes+Komite Medik+Ka.SPI	ADM	ADM				STAF INSTALASI PEMELIHARAAN SARANA
500	Rabiman	STAF ADM UMUM	V	2511500	500000	3	2	2	1	2	INSTALASI PEMELIHARAAN SARANA	15,069	9	6	6	3	8	47,069	0,05			ADM+Komite Keperawatan+Komite Nakes+Komite Medik+Ka.SPI	ADM	ADM				STAF INSTALASI PEMELIHARAAN SARANA
501	Rolius Permadi	STAF ADM UMUM	V	2511500	500000	3	1	1	1	2	SUB BAG PEMASARAN, PENGELOLA  INFO PUBLIK	15,069	9	3	3	3	8	41,069	0,05			ADM+Komite Keperawatan+Komite Nakes+Komite Medik+Ka.SPI	ADM	ADM				STAF SUB BAG PEMASARAN, PENGELOLA  INFO PUBLIK
502	Seprizon	STAF ADM UMUM	III/a	3570100	500000	3	1	1	1	2	SUB BAG RT/PERLENGKAPAN	21,4206	9	3	3	3	8	47,4206	0,05			ADM+Komite Keperawatan+Komite Nakes+Komite Medik+Ka.SPI	ADM	ADM				STAF SUB BAG RT/PERLENGKAPAN
503	SLAMET RIYADI	STAF ADM UMUM	V	2511500	500000	3	2	2	1	2	INSTALASI PEMELIHARAAN SARANA	15,069	9	6	6	3	8	47,069	0,05			ADM+Komite Keperawatan+Komite Nakes+Komite Medik+Ka.SPI	ADM	ADM				STAF INSTALASI PEMELIHARAAN SARANA
504	Suprihatin	STAF ADM UMUM	III/a	3570100	500000	3	2	2	1	2	INSTALASI PEMELIHARAAN SARANA	21,4206	9	6	6	3	8	53,4206	0,15			ADM+Komite Keperawatan+Komite Nakes+Komite Medik+Ka.SPI	ADM	ADM				STAF INSTALASI PEMELIHARAAN SARANA
505	SUPRIYADI	STAF ADM UMUM	V	2511500	500000	3	2	2	1	2	INSTALASI PEMELIHARAAN SARANA	15,069	9	6	6	3	8	47,069	0,05			ADM+Komite Keperawatan+Komite Nakes+Komite Medik+Ka.SPI	ADM	ADM				STAF INSTALASI PEMELIHARAAN SARANA
506	Suratno	STAF ADM UMUM	II/c	3606500	500000	3	2	2	1	2	INSTALASI PEMELIHARAAN SARANA	21,639	9	6	6	3	8	53,639	0,15			ADM+Komite Keperawatan+Komite Nakes+Komite Medik+Ka.SPI	ADM	ADM				STAF INSTALASI PEMELIHARAAN SARANA
507	SUSI SUSANTI, S.KOM	STAF ADM UMUM	IX	3203600	500000	6	1	1	1	2	SUB BIDANG MUTU PELAYANAN KEPERAWATAN	19,2216	18	3	3	3	8	54,2216	0,05			ADM+Komite Keperawatan+Komite Nakes+Komite Medik+Ka.SPI	ADM	ADM				STAF SUB BIDANG MUTU PELAYANAN KEPERAWATAN
508	BIRGITA CLAUDIA WIDYANINGTYAS	STAF ADM UMUM	V	2511500	500000	3	1	1	1	2	KOMITE PENINGKATAN MUTU & KESELAMATAN	15,069	9	3	3	3	8	41,069	0,05			ADM+Komite Keperawatan+Komite Nakes+Komite Medik+Ka.SPI	ADM	ADM				STAF KOMITE PENINGKATAN MUTU & KESELAMATAN
509	Ridwan Hartono,S.Kep, MM	STAF ADM UMUM	IV/a	4920200	500000	8	1	1	1	2	KOMITE PENINGKATAN MUTU & KESELAMATAN	29,5212	24	3	3	3	8	70,5212	0,15			ADM+Komite Keperawatan+Komite Nakes+Komite Medik+Ka.SPI	ADM	ADM				STAF KOMITE PENINGKATAN MUTU & KESELAMATAN
510	Nuria Triyani	STAF ADM UMUM	III/a	3798500	500000	3	1	1	1	2	SUB BAG UMUM	22,791	9	3	3	3	8	48,791	0,05			ADM+Komite Keperawatan+Komite Nakes+Komite Medik+Ka.SPI	ADM	ADM				STAF SUB BAG UMUM
511	Yushendri Ali Subing	STAF ADM UMUM	III/a	3798500	500000	3	6	2	1	2	INSTALASI LOUNDRY	22,791	9	18	6	3	8	66,791	0,15			ADM+Komite Keperawatan+Komite Nakes+Komite Medik+Ka.SPI	ADM	ADM				STAF INSTALASI LOUNDRY
512	Ns.Bambang Hermanto, S.Kep., M.M	STAF ADM UMUM	IV/a	4920200	500000	8	1	1	1	2	SPI	29,5212	24	3	3	3	8	70,5212	0,15			ADM+Komite Keperawatan+Komite Nakes+Komite Medik+Ka.SPI	ADM	ADM				STAF SPI
513	RAHMAT FRISMANSYAH,A.MD. KEP	STAF ADM UMUM	III/a	3918100	500000	5	1	1	1	2	SPI	23,5086	15	3	3	3	8	55,5086	0,05			ADM+Komite Keperawatan+Komite Nakes+Komite Medik+Ka.SPI	ADM	ADM				STAF SPI
514	AGUSTINI, A.Md	STAF ADM UMUM	VII	2858800	500000	5	2	1	1	2	BPJS	17,1528	15	6	3	3	8	52,1528	0,15			ADM+Komite Keperawatan+Komite Nakes+Komite Medik+Ka.SPI	ADM	ADM				STAF BPJS
515	ARIF KURNIAWAN, SE	STAF ADM UMUM	IX	3203600	500000	6	2	1	1	2	BPJS	19,2216	18	6	3	3	8	57,2216	0,05			ADM+Komite Keperawatan+Komite Nakes+Komite Medik+Ka.SPI	ADM	ADM				STAF BPJS
516	Endy Erwan Sakti, S.E	STAF ADM UMUM	IX	3203600	500000	6	2	1	1	2	BPJS	19,2216	18	6	3	3	8	57,2216	0,15			ADM+Komite Keperawatan+Komite Nakes+Komite Medik+Ka.SPI	ADM	ADM				STAF BPJS
517	Erina	STAF ADM UMUM	V	2511500	500000	3	2	1	1	2	BPJS	15,069	9	6	3	3	8	44,069	0,05			ADM+Komite Keperawatan+Komite Nakes+Komite Medik+Ka.SPI	ADM	ADM				STAF BPJS
518	ERY SANJAYA, S.KEP, M.Kes	STAF ADM UMUM	III/c	3533900	500000	8	2	1	1	2	BPJS	21,2034	24	6	3	3	8	65,2034	0,05			ADM+Komite Keperawatan+Komite Nakes+Komite Medik+Ka.SPI	ADM	ADM				STAF BPJS
519	Fitri Anggraeni,S.Pd	STAF ADM UMUM	IX	3203600	500000	6	2	1	1	2	BPJS	19,2216	18	6	3	3	8	57,2216	0			ADM+Komite Keperawatan+Komite Nakes+Komite Medik+Ka.SPI	ADM	ADM				STAF BPJS
520	Lekat Azwan, A.Md	STAF ADM UMUM	VII	2858800	500000	5	2	1	1	2	BPJS	17,1528	15	6	3	3	8	52,1528	0,05			ADM+Komite Keperawatan+Komite Nakes+Komite Medik+Ka.SPI	ADM	ADM				STAF BPJS
521	M. Ekky Zulkaisar CN, SE	STAF ADM UMUM	IX	3203600	500000	6	2	1	1	2	SUB BAG PERBEND & MOBILISASI DANA	19,2216	18	6	3	3	8	57,2216	0,05			ADM+Komite Keperawatan+Komite Nakes+Komite Medik+Ka.SPI	ADM	ADM				STAF SUB BAG PERBEND & MOBILISASI DANA
522	RAISA RAHMAWATI, S.S.T	STAF ADM UMUM	IX	3203600	500000	6	2	1	1	2	BPJS	19,2216	18	6	3	3	8	57,2216	0,05			ADM+Komite Keperawatan+Komite Nakes+Komite Medik+Ka.SPI	ADM	ADM				STAF BPJS
523	RESKI FERNANDA, A.Md	STAF ADM UMUM	VII	2858800	500000	5	2	1	1	2	BPJS	17,1528	15	6	3	3	8	52,1528	0,05			ADM+Komite Keperawatan+Komite Nakes+Komite Medik+Ka.SPI	ADM	ADM				STAF BPJS
524	RICO DAPRIYUSDA, A.Md	STAF ADM UMUM	VII	2858800	500000	5	2	1	1	2	BPJS	17,1528	15	6	3	3	8	52,1528	0,05			ADM+Komite Keperawatan+Komite Nakes+Komite Medik+Ka.SPI	ADM	ADM				STAF BPJS
525	RIDUANSYAH	STAF ADM UMUM	V	2511500	500000	3	2	1	1	2	BPJS	15,069	9	6	3	3	8	44,069	0,05			ADM+Komite Keperawatan+Komite Nakes+Komite Medik+Ka.SPI	ADM	ADM				STAF BPJS
526	SRI SURYANI	STAF ADM UMUM	V	2511500	500000	3	2	1	1	2	BPJS	15,069	9	6	3	3	8	44,069	0,05			ADM+Komite Keperawatan+Komite Nakes+Komite Medik+Ka.SPI	ADM	ADM				STAF BPJS
527	VARAH LADYSTI, S.E	STAF ADM UMUM	IX	3203600	500000	6	2	1	1	2	BPJS	19,2216	18	6	3	3	8	57,2216	0,15			ADM+Komite Keperawatan+Komite Nakes+Komite Medik+Ka.SPI	ADM	ADM				STAF BPJS
528	WINDA JULIAN SARI, A.Md.Keb	STAF ADM UMUM	VII	2858800	500000	5	2	1	1	2	BPJS	17,1528	15	6	3	3	8	52,1528	0,05			ADM+Komite Keperawatan+Komite Nakes+Komite Medik+Ka.SPI	ADM	ADM				STAF BPJS
529	YUISMANIAR, A.MD.KEP	STAF ADM UMUM	III/c	4256600	500000	5	2	1	1	2	BPJS	25,5396	15	6	3	3	8	60,5396	0,05			ADM+Komite Keperawatan+Komite Nakes+Komite Medik+Ka.SPI	ADM	ADM				STAF BPJS
530	Ariyanti, S.Kom	STAF ADM UMUM	IX	3203600	500000	6	2	2	1	2	INSTALASI EDP-TI	19,2216	18	6	6	3	8	60,2216	0,05			ADM+Komite Keperawatan+Komite Nakes+Komite Medik+Ka.SPI	ADM	ADM				STAF INSTALASI EDP-TI
531	Cito Dewan Priarto, S.Kom	STAF ADM UMUM	-	2300000	500000	3	2	2	1	2	INSTALASI EDP-TI	13,8	9	6	6	3	8	45,8	0,15			ADM+Komite Keperawatan+Komite Nakes+Komite Medik+Ka.SPI	ADM	ADM				STAF INSTALASI EDP-TI
532	Danang Sukolaksono, S.Kom	STAF ADM UMUM	-	2300000	500000	3	2	2	1	2	INSTALASI EDP-TI	13,8	9	6	6	3	8	45,8	0,05			ADM+Komite Keperawatan+Komite Nakes+Komite Medik+Ka.SPI	ADM	ADM				STAF INSTALASI EDP-TI
533	Evie Susina, A.Md	STAF ADM UMUM	VII	2858800	500000	5	2	2	1	2	INSTALASI EDP-TI	17,1528	15	6	6	3	8	55,1528	0,05			ADM+Komite Keperawatan+Komite Nakes+Komite Medik+Ka.SPI	ADM	ADM				STAF INSTALASI EDP-TI
534	Febri Yoga, S.Kom	STAF ADM UMUM	IX	3023600	500000	6	2	2	1	2	INSTALASI EDP-TI	18,1416	18	6	6	3	8	59,1416	0,05			ADM+Komite Keperawatan+Komite Nakes+Komite Medik+Ka.SPI	ADM	ADM				STAF INSTALASI EDP-TI
535	Fitri Krisyanti, S.Kom	STAF ADM UMUM	IX	3203600	500000	6	2	2	1	2	INSTALASI EDP-TI	19,2216	18	6	6	3	8	60,2216	0,05			ADM+Komite Keperawatan+Komite Nakes+Komite Medik+Ka.SPI	ADM	ADM				STAF INSTALASI EDP-TI
536	LETISIA SUHANDRA, S.KOM	STAF ADM UMUM	IX	3203600	500000	6	2	2	1	2	INSTALASI EDP-TI	19,2216	18	6	6	3	8	60,2216	0,05			ADM+Komite Keperawatan+Komite Nakes+Komite Medik+Ka.SPI	ADM	ADM				STAF INSTALASI EDP-TI
537	Muhammad Faisal Adila, A.Md	STAF ADM UMUM	VII	2858800	500000	5	2	2	1	2	INSTALASI EDP-TI	17,1528	15	6	6	3	8	55,1528	0,05			ADM+Komite Keperawatan+Komite Nakes+Komite Medik+Ka.SPI	ADM	ADM				STAF INSTALASI EDP-TI
538	ROBIN B. ARITONANG,S.KOM	STAF ADM UMUM	IX	3203600	500000	6	2	2	1	2	INSTALASI EDP-TI	19,2216	18	6	6	3	8	60,2216	0,05			ADM+Komite Keperawatan+Komite Nakes+Komite Medik+Ka.SPI	ADM	ADM				STAF INSTALASI EDP-TI
539	Tutik Faryani,S.Kom	STAF ADM UMUM	IX	3203600	500000	6	2	2	1	2	INSTALASI EDP-TI	19,2216	18	6	6	3	8	60,2216	0,05			ADM+Komite Keperawatan+Komite Nakes+Komite Medik+Ka.SPI	ADM	ADM				STAF INSTALASI EDP-TI
540	WANSEHA, S. KOM	STAF ADM UMUM	IX	3203600	500000	6	2	2	1	2	INSTALASI EDP-TI	19,2216	18	6	6	3	8	60,2216	0,05			ADM+Komite Keperawatan+Komite Nakes+Komite Medik+Ka.SPI	ADM	ADM				STAF INSTALASI EDP-TI
541	Widiyanto, S.Kom	STAF ADM UMUM	IX	3203600	500000	6	2	2	1	2	INSTALASI EDP-TI	19,2216	18	6	6	3	8	60,2216	0,05			ADM+Komite Keperawatan+Komite Nakes+Komite Medik+Ka.SPI	ADM	ADM				STAF INSTALASI EDP-TI
542	Annisa Bayu Rini,S.IP	STAF ADM UMUM	III/b	3721100	500000	6	2	1	1	2	SUB BAG AKUNTANSI & VERIFIKASI	22,3266	18	6	3	3	8	60,3266	0,15			ADM+Komite Keperawatan+Komite Nakes+Komite Medik+Ka.SPI	ADM	ADM				STAF SUB BAG AKUNTANSI & VERIFIKASI
543	Budi Handoko	STAF ADM UMUM	III/a	3918100	500000	3	1	1	1	2	SUB BAG RT/PERLENGKAPAN	23,5086	9	3	3	3	8	49,5086	0,05			ADM+Komite Keperawatan+Komite Nakes+Komite Medik+Ka.SPI	ADM	ADM				STAF SUB BAG RT/PERLENGKAPAN
544	Siti Apriliani, S.Kom	STAF ADM UMUM	III/b	3721100	500000	6	1	1	1	2	SUB BAG RT/PERLENGKAPAN	22,3266	18	3	3	3	8	57,3266	0,15			ADM+Komite Keperawatan+Komite Nakes+Komite Medik+Ka.SPI	ADM	ADM				STAF SUB BAG RT/PERLENGKAPAN
545	Suliono	STAF ADM UMUM	III/a	4041500	500000	3	1	1	1	2	SUB BAG RT/PERLENGKAPAN	24,249	9	3	3	3	8	50,249	0,15			ADM+Komite Keperawatan+Komite Nakes+Komite Medik+Ka.SPI	ADM	ADM				STAF SUB BAG RT/PERLENGKAPAN
546	AHMAD JAZULI, A.MD.KEP	STAF ADM UMUM	III/b	4083900	500000	5	1	1	1	2	KOMITE KEPERAWATAN	24,5034	15	3	3	3	8	56,5034	0,15			ADM+Komite Keperawatan+Komite Nakes+Komite Medik+Ka.SPI	ADM	ADM				STAF KOMITE KEPERAWATAN
547	Maulida Zahra,SKM	STAF ADM UMUM	III/d	3410600	500000	6	1	1	1	2	KOMITE MEDIK	20,4636	18	3	3	3	8	55,4636	0,05			NAKES	NAKES	NAKES				STAF KOMITE MEDIK
548	DINA ARILIA, SKM	Nakes	IX	3203600	500000	6	2	2	1	2	INSTALASI PROMOSI KESEHATAN RS (PKRS)	19,2216	18	6	6	3	8	60,2216	0,15			NAKES	NAKES	NAKES				Nakes INSTALASI PROMOSI KESEHATAN RS (PKRS)
549	RIKA TRISNAWATI, SKM	Nakes	IX	3203600	500000	6	2	2	1	2	INSTALASI PROMOSI KESEHATAN RS (PKRS)	19,2216	18	6	6	3	8	60,2216	0,05			NAKES	NAKES	NAKES				Nakes INSTALASI PROMOSI KESEHATAN RS (PKRS)
550	Darminto, S.Kep	Nakes	III/b	4212500	500000	6	12	6	1	2	R. PBH LANTAI 1	25,275	18	36	18	3	8	108,275	0,05			NAKES	NAKES	NAKES				Nakes R. PBH LANTAI 1
551	DELFI, S.ST	Nakes	IV/c	5866400	500000	6	4	4	1	2	R. EKSEKUTIF	35,1984	18	12	12	3	8	88,1984	0,15			NAKES	NAKES	NAKES				Nakes R. EKSEKUTIF
552	Idha Kurniawati A, A.Md.F	Nakes	III/b	3607500	500000	5	2	2	1	2	INSTALASI REHABILITASI MEDIK	21,645	15	6	6	3	8	59,645	0,05			NAKES	NAKES	NAKES				Nakes INSTALASI REHABILITASI MEDIK
553	Ns. Almizi Usman, S.Kep	Nakes	IV/a	4920100	500000	7	12	12	1	2	INSTALASI BEDAH SENTRAL	29,5206	21	36	36	3	8	133,5206	0,05			NAKES	NAKES	NAKES				Nakes INSTALASI BEDAH SENTRAL
554	Ns. Arismiatini, S.Kep	Nakes	IV/a	5235000	500000	7	12	12	1	2	INSTALASI BEDAH SENTRAL	31,41	21	36	36	3	8	135,41	0,05			NAKES	NAKES	NAKES				Nakes INSTALASI BEDAH SENTRAL
555	Ns. DESNARITA, S.Kep	Nakes	III/d	5075200	500000	7	12	12	1	2	INSTALASI ANESTESI	30,4512	21	36	36	3	8	134,4512	0,15			NAKES	NAKES	NAKES				Nakes INSTALASI ANESTESI
556	Ns. ELSE YUSIANI, S.Kep	Nakes	III/d	4576400	500000	7	12	6	1	2	R. PBH LANTAI 1	27,4584	21	36	18	3	8	113,4584	0,05			NAKES	NAKES	NAKES				Nakes R. PBH LANTAI 1
557	Ns. Maryati, S.Kep	Nakes	IV/c	5687200	500000	7	12	6	1	2	INSTALASI HEMODIALISA	34,1232	21	36	18	3	8	120,1232	0,15			NAKES	NAKES	NAKES				Nakes INSTALASI HEMODIALISA
558	Ns. TITIN MARDIANA, S.Kep	Nakes	III/b	4126600	500000	5	4	4	1	2	R. EKSEKUTIF	24,7596	15	12	12	3	8	74,7596	0,05			NAKES	NAKES	NAKES				Nakes R. EKSEKUTIF
559	AMALIA, S.Kep., M.Kes	Nakes	IV/a	4920200	500000	8	2	2	1	2	IRJ	29,5212	24	6	6	3	8	76,5212	0,05			NAKES	NAKES	NAKES				Nakes IRJ
560	Antika Palupi, Amd.Kep	Nakes	III/a	3012000	500000	5	4	4	1	2	R. EKSEKUTIF	18,072	15	12	12	3	8	68,072	0			NAKES	NAKES	NAKES				Nakes R. EKSEKUTIF
561	Bdn. Nani Hernani, S.ST., M.Kes	Nakes	IV/c	5687200	500000	8	4	4	1	2	R. KEBIDANAN	34,1232	24	12	12	3	8	93,1232	0,05			NAKES	NAKES	NAKES				Nakes R. KEBIDANAN
562	CINDY HANDISAS ZULAN M,S.Tr.Kes	Nakes	III/b	3390500	500000	6	6	6	1	2	UNIT TRANSFUSI DARAH (UTD-RS)	20,343	18	18	18	3	8	85,343	0			NAKES	NAKES	NAKES				Nakes UNIT TRANSFUSI DARAH (UTD-RS)
563	FITRI APIATI, S.ST	Nakes	IV/c	5513600	500000	6	6	6	1	2	INSTALASI LAB PATOLOGI KLINIK	33,0816	18	18	18	3	8	98,0816	0,05			NAKES	NAKES	NAKES				Nakes INSTALASI LAB PATOLOGI KLINIK
564	Irmalia, A.Md.Kep	Nakes	III/b	3607200	500000	5	6	4	1	2	R. PINERE	21,6432	15	18	12	3	8	77,6432	0,05			NAKES	NAKES	NAKES				Nakes R. PINERE
565	ISTIAWAN, A.MD.AK	Nakes	II/d	2980800	500000	5	6	6	1	2	INSTALASI LAB PATOLOGI KLINIK	17,8848	15	18	18	3	8	79,8848	0,05			NAKES	NAKES	NAKES				Nakes INSTALASI LAB PATOLOGI KLINIK
566	Ns. Endah Tri Rahayu, S.Kep	Nakes	III/d	4720500	500000	7	4	4	1	2	R. NEUROLOGI	28,323	21	12	12	3	8	84,323	0			NAKES	NAKES	NAKES				Nakes R. NEUROLOGI
567	Ns. FITRIANI, S.Kep	Nakes	III/d	4576400	500000	7	12	6	1	2	R. ONKOLOGI TERPADU (KHEMOTERAPI)	27,4584	21	36	18	3	8	113,4584	0			NAKES	NAKES	NAKES				Nakes R. ONKOLOGI TERPADU (KHEMOTERAPI)
568	Ns. Herlina, S.Kep	Nakes	IV/c	5687200	500000	7	2	2	1	2	IRJ	34,1232	21	6	6	3	8	78,1232	0			NAKES	NAKES	NAKES				Nakes IRJ
569	Ns. M. Rusli, S.Kep	Nakes	III/c	4256600	500000	7	6	4	1	2	R. PINERE	25,5396	21	18	12	3	8	87,5396	0,05			NAKES	NAKES	NAKES				Nakes R. PINERE
570	Ns. Maria Magdalena K, S.Kep	Nakes	IV/c	5687200	500000	7	6	4	1	2	R. PENYAKIT DALAM INFEKSIUS	34,1232	21	18	12	3	8	96,1232	0,05			NAKES	NAKES	NAKES				Nakes R. PENYAKIT DALAM INFEKSIUS
571	Ns. Muhammad Ariadi R, S. Kep	Nakes	III/b	3186600	500000	7	6	4	1	2	R. PENYAKIT DALAM INFEKSIUS	19,1196	21	18	12	3	8	81,1196	0,05			NAKES	NAKES	NAKES				Nakes R. PENYAKIT DALAM INFEKSIUS
572	Ns. Nimas Ellin Mayasari, S.Kep	Nakes	III/d	4169900	500000	7	12	6	1	2	ICU / ICCU / PICU	25,0194	21	36	18	3	8	111,0194	0,05			NAKES	NAKES	NAKES				Nakes ICU / ICCU / PICU
573	Ns. SITI MASYITOH, S.Kep	Nakes	IV/b	5456400	500000	7	6	4	1	2	R. PELAYANAN JANTUNG TERPADU KLINIS	32,7384	21	18	12	3	8	94,7384	0,15			NAKES	NAKES	NAKES				Nakes R. PELAYANAN JANTUNG TERPADU KLINIS
574	Ns. TARMAN, S.Kep	Nakes	IV/b	5628300	500000	7	12	6	1	2	INSTALASI HEMODIALISA	33,7698	21	36	18	3	8	119,7698	0,15			NAKES	NAKES	NAKES				Nakes INSTALASI HEMODIALISA
575	Ns. TITIN HANDAYANI, S.Kep	Nakes	III/d	4301200	500000	7	6	4	1	2	R. ANAK	25,8072	21	18	12	3	8	87,8072	0,05			NAKES	NAKES	NAKES				Nakes R. ANAK
576	Ns. Umi Zahrok, S.Kep	Nakes	IV/c	5866400	500000	7	4	4	1	2	R. MATA	35,1984	21	12	12	3	8	91,1984	0,05			NAKES	NAKES	NAKES				Nakes R. MATA
577	Ns. YULI SANDRA, S.Kep	Nakes	III/c	4000600	500000	7	6	4	1	2	R. NEUROLOGI	24,0036	21	18	12	3	8	86,0036	0,15			NAKES	NAKES	NAKES				Nakes R. NEUROLOGI
578	Ns. JULITA SITEPU,S.Kep	Nakes	III/b	3497300	500000	7	4	4	1	2	R. BEDAH	20,9838	21	12	12	3	8	76,9838	0,15			NAKES	NAKES	NAKES				Nakes R. BEDAH
579	Sri Hastari, S.Kep	Nakes	IV/c	5866400	500000	6	4	4	1	2	R. PBH LANTAI 3	35,1984	18	12	12	3	8	88,1984	0,05			NAKES	NAKES	NAKES				Nakes R. PBH LANTAI 3
580	Sunardi, A.Md.Kep	Nakes	III/b	4623200	500000	5	12	6	1	2	ICU / ICCU / PICU	27,7392	15	36	18	3	8	107,7392	0,15			NAKES	NAKES	NAKES				Nakes ICU / ICCU / PICU
581	Ns. Ersa Junika Yenty, S.Kep	Nakes	III/b	3497300	500000	7	6	2	1	2	PPI RS	20,9838	21	18	6	3	8	76,9838	0,05			NAKES	NAKES	NAKES				Nakes PPI RS
582	Ns. Lusiana, S.Kep	Nakes	IV/b	5456400	500000	7	6	2	1	2	PPI RS	32,7384	21	18	6	3	8	88,7384	0,05			NAKES	NAKES	NAKES				Nakes PPI RS
583	Ns. M. IRHAS SAID, Sp.Kep.M.B	Nakes	III/d	3919100	500000	9	6	2	1	2	PPI RS	23,5146	27	18	6	3	8	85,5146	0,05			NAKES	NAKES	NAKES				Nakes PPI RS
584	Ns. Meni Kurniasih, S.Kep	Nakes	IV/c	5866400	500000	7	6	2	1	2	PPI RS	35,1984	21	18	6	3	8	91,1984	0,05			NAKES	NAKES	NAKES				Nakes PPI RS
585	Ns. Selviana Nisar, S.Kep	Nakes	III/c	3675300	500000	7	6	2	1	2	PPI RS	22,0518	21	18	6	3	8	78,0518	0,05			NAKES	NAKES	NAKES				Nakes PPI RS
586	Anita Carolina, Amd.Kep	Nakes	III/a	3252900	500000	5	2	2	1	2	IRJ	19,5174	15	6	6	3	8	57,5174	0,05			NAKES	NAKES	NAKES				Nakes IRJ
587	APRIDA HILAL	Nakes	II/d	3074700	500000	5	2	2	1	2	IRJ	18,4482	15	6	6	3	8	56,4482	0,05			NAKES	NAKES	NAKES				Nakes IRJ
588	Dahniar, A.Md.Kep	Nakes	III/d	5022500	500000	5	2	2	1	2	IRJ	30,135	15	6	6	3	8	68,135	0			NAKES	NAKES	NAKES				Nakes IRJ
589	DWI RUMIYANTI, Amd. TG	Nakes	VII	2858800	500000	5	2	2	1	2	IRJ	17,1528	15	6	6	3	8	55,1528	0,05			NAKES	NAKES	NAKES				Nakes IRJ
590	Eldaduwiguna, S.Kep	Nakes	III/a	3012000	500000	6	6	6	1	2	R. PELAYANAN JANTUNG TERPADU KLINIS	18,072	18	18	18	3	8	83,072	0,05			NAKES	NAKES	NAKES				Nakes R. PELAYANAN JANTUNG TERPADU KLINIS
591	Endang Sumarni, A.Md. kep	Nakes	III/d	0	500000	0	0	0	0	0	IRJ	0	0	0	0	0	0	0	0,05			NAKES	NAKES	NAKES				Nakes IRJ
592	Erna Mutiawati, A.Md.Kep	Nakes	III/b	3838300	500000	5	2	2	1	2	IRJ	23,0298	15	6	6	3	8	61,0298	0,15			NAKES	NAKES	NAKES				Nakes IRJ
593	FENSIANA MUTIA, Amd. TG	Nakes	VII	2858800	500000	5	2	2	1	2	IRJ	17,1528	15	6	6	3	8	55,1528	0			NAKES	NAKES	NAKES				Nakes IRJ
594	GILAR GUMILAR, A.Md.R.O	Nakes	II/d	3025600	500000	5	6	2	1	2	IRJ	18,1536	15	18	6	3	8	68,1536	0			NAKES	NAKES	NAKES				Nakes IRJ
595	IIS YULISDAWATI, Amd.Kep	Nakes	VII	2858800	500000	5	6	2	1	2	IRJ	17,1528	15	18	6	3	8	67,1528	0,05			NAKES	NAKES	NAKES				Nakes IRJ
596	ILMA MUFTIA, A.Md. TG	Nakes	III/a	3153600	500000	5	2	2	1	2	IRJ	18,9216	15	6	6	3	8	56,9216	0,05			NAKES	NAKES	NAKES				Nakes IRJ
597	Jansyah Interamuda, A.Md.Kep	Nakes	III/b	3497300	500000	5	12	2	1	2	IRJ	20,9838	15	36	6	3	8	88,9838	0			NAKES	NAKES	NAKES				Nakes IRJ
598	Naomi Chintya Hartbian, A.Md.Keb	Nakes	III/c	3612000	500000	5	2	2	1	2	IRJ	21,672	15	6	6	3	8	59,672	0,05			NAKES	NAKES	NAKES				Nakes IRJ
599	NELI NOVITASARI, A.MD.KG	Nakes	III/b	3721100	500000	5	2	2	1	2	IRJ	22,3266	15	6	6	3	8	60,3266	0			NAKES	NAKES	NAKES				Nakes IRJ
600	Netti Adriani, SST	Nakes	IV/a	5235000	500000	6	2	2	1	2	IRJ	31,41	18	6	6	3	8	72,41	0,05			NAKES	NAKES	NAKES				Nakes IRJ
601	NOVA SURIANTI, S.KEP	Nakes	IV/c	5866400	500000	6	2	4	1	2	IRJ	35,1984	18	6	12	3	8	82,1984	0,05			NAKES	NAKES	NAKES				Nakes IRJ
602	Novita Oktavia, S.Kep., Ners	Nakes	III/b	3497300	500000	7	2	2	1	2	IRJ	20,9838	21	6	6	3	8	64,9838	0			NAKES	NAKES	NAKES				Nakes IRJ
603	Ns, YUFIA LENSI, S.Kep	Nakes	III/b	3287000	500000	7	2	2	1	2	IRJ	19,722	21	6	6	3	8	63,722	0,05			NAKES	NAKES	NAKES				Nakes IRJ
604	NS. AISYAH, S.KEP	Nakes	IV/c	5687200	500000	7	2	2	1	2	IRJ	34,1232	21	6	6	3	8	78,1232	0,05			NAKES	NAKES	NAKES				Nakes IRJ
605	NS. Irina, S.Kep	Nakes	IV/c	5866400	500000	7	6	2	1	2	IRJ	35,1984	21	18	6	3	8	91,1984	0,05			NAKES	NAKES	NAKES				Nakes IRJ
606	Ns. LULIK NIA FAJRIN, S.Kep	Nakes	X	3339100	500000	7	2	2	1	2	IRJ	20,0346	21	6	6	3	8	64,0346	0			NAKES	NAKES	NAKES				Nakes IRJ
607	Ns. NI WAYAN SUWARTI, S.KEP	Nakes	IV/b	5289800	500000	7	6	6	1	2	R. PARU	31,7388	21	18	18	3	8	99,7388	0,05			NAKES	NAKES	NAKES				Nakes R. PARU
608	Ns. SERLI ERWAN SAKTI, S.Kep	Nakes	X	3339100	500000	7	2	2	1	2	IRJ	20,0346	21	6	6	3	8	64,0346	0			NAKES	NAKES	NAKES				Nakes IRJ
609	Ns. YENI RAHMAWATI, S.KEP	Nakes	III/b	3445500	500000	7	2	2	1	2	IRJ	20,673	21	6	6	3	8	64,673	0			NAKES	NAKES	NAKES				Nakes IRJ
610	Ns.Farida Ariani, S.Kep	Nakes	III/d	4436700	500000	7	2	2	1	2	IRJ	26,6202	21	6	6	3	8	70,6202	0			NAKES	NAKES	NAKES				Nakes IRJ
611	Ns.Loto Iskandardinata,S.Kep	Nakes	III/d	4720500	500000	7	2	2	1	2	IRJ	28,323	21	6	6	3	8	72,323	0			NAKES	NAKES	NAKES				Nakes IRJ
612	Ns.Mia Arini, S.Kep	Nakes	III/d	4042500	500000	7	2	2	1	2	IRJ	24,255	21	6	6	3	8	68,255	0			NAKES	NAKES	NAKES				Nakes IRJ
613	NURAINITA, A.MD. KEP	Nakes	III/b	3721100	500000	5	2	4	1	2	IRJ	22,3266	15	6	12	3	8	66,3266	0,05			NAKES	NAKES	NAKES				Nakes IRJ
614	Resi Septa Mailendra, A.Md.Keb	Nakes	II/d	2889800	500000	5	2	2	1	2	IRJ	17,3388	15	6	6	3	8	55,3388	0,15			NAKES	NAKES	NAKES				Nakes IRJ
615	Resty Sri Lestari, A.Md. Keb	Nakes	III/b	3497300	500000	5	2	2	1	2	IRJ	20,9838	15	6	6	3	8	58,9838	0,15			NAKES	NAKES	NAKES				Nakes IRJ
616	Rindha Yudikarifi, A.Md.KG	Nakes	III/a	3252900	500000	5	2	2	1	2	IRJ	19,5174	15	6	6	3	8	57,5174	0,05			NAKES	NAKES	NAKES				Nakes IRJ
617	Riza Yulita, S.Keb	Nakes	III/c	3760100	500000	6	2	2	1	2	IRJ	22,5606	18	6	6	3	8	63,5606	0,05			NAKES	NAKES	NAKES				Nakes IRJ
618	Roiyana, S.Kep	Nakes	IV/c	5866400	500000	6	2	2	1	2	IRJ	35,1984	18	6	6	3	8	76,1984	0,05			NAKES	NAKES	NAKES				Nakes IRJ
619	ROSWITA, Amd.Kep	Nakes	VII	2858800	500000	5	2	4	1	2	IRJ	17,1528	15	6	12	3	8	61,1528	0,05			NAKES	NAKES	NAKES				Nakes IRJ
620	SAMRUNI ROHIMI, Amd. Kep	Nakes	VII	2858800	500000	5	2	2	1	2	IRJ	17,1528	15	6	6	3	8	55,1528	0			NAKES	NAKES	NAKES				Nakes IRJ
621	SITI AZENI, S.Kep	Nakes	III/d	4576400	500000	6	2	2	1	2	IRJ	27,4584	18	6	6	3	8	68,4584	0			NAKES	NAKES	NAKES				Nakes IRJ
622	SONDANG HELDINA PANGARIBUAN A.Md.Kep	Nakes	III/a	2920100	500000	5	12	6	1	2	R. PBH LANTAI 1	17,5206	15	36	18	3	8	97,5206	0			NAKES	NAKES	NAKES				Nakes R. PBH LANTAI 1
623	Sri Kusdianti, A.Md.Kep	Nakes	II/d	2980800	500000	5	6	2	1	2	IRJ	17,8848	15	18	6	3	8	67,8848	0			NAKES	NAKES	NAKES				Nakes IRJ
624	Susi Kurniawati,Amd.KG	Nakes	III/d	5022500	500000	5	2	2	1	2	IRJ	30,135	15	6	6	3	8	68,135	0,05			NAKES	NAKES	NAKES				Nakes IRJ
625	Sutami, A.Mk	Nakes	II/d	3120900	500000	5	2	2	1	2	IRJ	18,7254	15	6	6	3	8	56,7254	0,05			NAKES	NAKES	NAKES				Nakes IRJ
626	Yessimay, A.Md.Kep	Nakes	III/c	3760100	500000	5	12	6	1	2	R. PBH LANTAI 1	22,5606	15	36	18	3	8	102,5606	0			NAKES	NAKES	NAKES				Nakes R. PBH LANTAI 1
627	Yuliyanti, A.Md Kep	Nakes	III/d	5022500	500000	5	2	2	1	2	IRJ	30,135	15	6	6	3	8	68,135	0,05			NAKES	NAKES	NAKES				Nakes IRJ
628	YUNI FITRIANTI, Amd.Kep	Nakes	VII	2858800	500000	5	2	2	1	2	IRJ	17,1528	15	6	6	3	8	55,1528	0,05			NAKES	NAKES	NAKES				Nakes IRJ
629	Yuniar Mayasari, A.Md.Kep	Nakes	III/c	4256600	500000	5	2	2	1	2	IRJ	25,5396	15	6	6	3	8	63,5396	0,05			NAKES	NAKES	NAKES				Nakes IRJ
630	Yunita Safitri, A.Md.Kep	Nakes	III/b	3721100	500000	5	6	2	1	2	IRJ	22,3266	15	18	6	3	8	72,3266	0			NAKES	NAKES	NAKES				Nakes IRJ
631	Ns.Bejo Sumarwoto, S.Kep	Nakes	III/b	3139400	500000	7	4	4	1	2	R. NEUROLOGI	18,8364	21	12	12	3	8	74,8364	0,05			NAKES	NAKES	NAKES				Nakes R. NEUROLOGI
632	CHINTIA DWI RIZKI, Amd.Keb	Nakes	VII	2858800	500000	5	4	4	1	2	R. NEUROLOGI	17,1528	15	12	12	3	8	67,1528	0,05			NAKES	NAKES	NAKES				Nakes R. NEUROLOGI
633	Ns. Desi Risna Rita, S.Kep	Nakes	III/b	3721100	500000	7	4	4	1	2	R. NEUROLOGI	22,3266	21	12	12	3	8	78,3266	0,05			NAKES	NAKES	NAKES				Nakes R. NEUROLOGI
634	EKA SELVIANA ADHA, Amd.Kep	Nakes	VII	2858800	500000	5	4	4	1	2	R. NEUROLOGI	17,1528	15	12	12	3	8	67,1528	0			NAKES	NAKES	NAKES				Nakes R. NEUROLOGI
635	FAISAL ABDA'OU, A.MD.KEP	Nakes	II/c	2564200	500000	5	4	4	1	2	R. NEUROLOGI	15,3852	15	12	12	3	8	65,3852	0,05			NAKES	NAKES	NAKES				Nakes R. NEUROLOGI
636	JAUHARI, Amd.Kep	Nakes	VII	2858800	500000	5	6	4	1	2	R. NEUROLOGI	17,1528	15	18	12	3	8	73,1528	0,05			NAKES	NAKES	NAKES				Nakes R. NEUROLOGI
637	Kus Apri Wibowo, A.Md.Kep	Nakes	II/d	3120900	500000	5	4	4	1	2	R. NEUROLOGI	18,7254	15	12	12	3	8	68,7254	0			NAKES	NAKES	NAKES				Nakes R. NEUROLOGI
638	LISTIANA, Amd.Kep	Nakes	VII	2858800	500000	5	4	4	1	2	R. NEUROLOGI	17,1528	15	12	12	3	8	67,1528	0,05			NAKES	NAKES	NAKES				Nakes R. NEUROLOGI
639	NOVILIANI DWI SYAHPUTRI,S.Tr.Keb	Nakes	IX	3203600	500000	6	4	4	1	2	R. NEUROLOGI	19,2216	18	12	12	3	8	72,2216	0			NAKES	NAKES	NAKES				Nakes R. NEUROLOGI
640	NS. MARGARETHA ISMIWIRYANI,S.KEP	Nakes	IV/c	5726800	500000	7	4	4	1	2	R. NEUROLOGI	34,3608	21	12	12	3	8	90,3608	0,05			NAKES	NAKES	NAKES				Nakes R. NEUROLOGI
641	Ns. QUEEN TWO BERTISA, S.Kep	Nakes	X	3339100	500000	7	6	4	1	2	R. NEUROLOGI	20,0346	21	18	12	3	8	82,0346	0,05			NAKES	NAKES	NAKES				Nakes R. NEUROLOGI
642	Ns. SURYA PRATAMA. S.Tr. Kep	Nakes	III/b	2995000	500000	7	4	4	1	2	R. NEUROLOGI	17,97	21	12	12	3	8	73,97	0,05			NAKES	NAKES	NAKES				Nakes R. NEUROLOGI
643	NUGRAH KRISTIANI, A.MD.KEP	Nakes	III/c	3878500	500000	5	6	4	1	2	R. NEUROLOGI	23,271	15	18	12	3	8	79,271	0,05			NAKES	NAKES	NAKES				Nakes R. NEUROLOGI
644	Putriyeni Septiana, A.Md.Kep	Nakes	III/b	3607500	500000	5	4	4	1	2	R. NEUROLOGI	21,645	15	12	12	3	8	71,645	0,15			NAKES	NAKES	NAKES				Nakes R. NEUROLOGI
645	RATNA DIANINGSIH, Amd.Kep	Nakes	VII	2858800	500000	5	4	4	1	2	R. NEUROLOGI	17,1528	15	12	12	3	8	67,1528	0,05			NAKES	NAKES	NAKES				Nakes R. NEUROLOGI
646	RESTI DIANA, Amd.Kep	Nakes	VII	2858800	500000	5	4	4	1	2	R. NEUROLOGI	17,1528	15	12	12	3	8	67,1528	0,05			NAKES	NAKES	NAKES				Nakes R. NEUROLOGI
647	RIA CITRA WULAN, Amd. Keb	Nakes	VII	2858800	500000	5	4	4	1	2	R. NEUROLOGI	17,1528	15	12	12	3	8	67,1528	0,05			NAKES	NAKES	NAKES				Nakes R. NEUROLOGI
648	RYAN ANDIKA , Amd,Kep	Nakes	VII	2858800	500000	5	4	4	1	2	R. NEUROLOGI	17,1528	15	12	12	3	8	67,1528	0,05			NAKES	NAKES	NAKES				Nakes R. NEUROLOGI
649	SACHARINA RESTY S, A.MD. KEP	Nakes	III/a	2920100	500000	5	4	4	1	2	R. NEUROLOGI	17,5206	15	12	12	3	8	67,5206	0			NAKES	NAKES	NAKES				Nakes R. NEUROLOGI
650	Wahyu Arifiyanto, A.Md.F	Nakes	III/a	3607500	500000	5	2	2	1	2	R. NEUROLOGI	21,645	15	6	6	3	8	59,645	0			NAKES	NAKES	NAKES				Nakes R. NEUROLOGI
651	WULAN FEBRIYANI, Amd. Kep	Nakes	VII	2858800	500000	5	4	4	1	2	R. NEUROLOGI	17,1528	15	12	12	3	8	67,1528	0,05			NAKES	NAKES	NAKES				Nakes R. NEUROLOGI
652	Agustina Haruri Jusat, Amd.Keb	Nakes	III/b	3607500	500000	5	12	4	1	2	R. KEBIDANAN	21,645	15	36	12	3	8	95,645	0,05			NAKES	NAKES	NAKES				Nakes R. KEBIDANAN
653	Anis Sofia, Amd.Keb	Nakes	III/b	3497300	500000	5	4	4	1	2	R. KEBIDANAN	20,9838	15	12	12	3	8	70,9838	0,05			NAKES	NAKES	NAKES				Nakes R. KEBIDANAN
654	ARNELIA INDAH PRATAMA, S.Tr.Keb	Nakes	III/b	3186600	500000	6	4	4	1	2	R. KEBIDANAN	19,1196	18	12	12	3	8	72,1196	0			NAKES	NAKES	NAKES				Nakes R. KEBIDANAN
655	AYU JELIANI SAPUTRI, Amd.Keb	Nakes	VII	2858800	500000	5	4	4	1	2	R. KEBIDANAN	17,1528	15	12	12	3	8	67,1528	0,05			NAKES	NAKES	NAKES				Nakes R. KEBIDANAN
656	AYU LESTARI RAHMA Y.S.Tr.Keb.Bdn	Nakes	IX	3203600	500000	7	4	4	1	2	R. KEBIDANAN	19,2216	21	12	12	3	8	75,2216	0,05			NAKES	NAKES	NAKES				Nakes R. KEBIDANAN
657	Bd.Arum Sartika Gerdawati, S.Keb	Nakes	III/b	3497300	500000	7	4	4	1	2	R. KEBIDANAN	20,9838	21	12	12	3	8	76,9838	0,05			NAKES	NAKES	NAKES				Nakes R. KEBIDANAN
658	Bdn. Dela Nanda Putri, SST	Nakes	III/d	3919100	500000	7	12	4	1	2	R. KEBIDANAN	23,5146	21	36	12	3	8	103,5146	0			NAKES	NAKES	NAKES				Nakes R. KEBIDANAN
659	CLARIA HARDIANTI, Amd.Keb	Nakes	VII	2858800	500000	5	4	4	1	2	R. KEBIDANAN	17,1528	15	12	12	3	8	67,1528	0,15			NAKES	NAKES	NAKES				Nakes R. KEBIDANAN
660	Diah Ayu Setyorini, Amd.Keb	Nakes	III/c	3760100	500000	5	12	4	1	2	R. KEBIDANAN	22,5606	15	36	12	3	8	96,5606	0			NAKES	NAKES	NAKES				Nakes R. KEBIDANAN
661	Diyah Rosiana, Amd. Keb	Nakes	III/a	3461100	500000	5	4	4	1	2	R. KEBIDANAN	20,7666	15	12	12	3	8	70,7666	0			NAKES	NAKES	NAKES				Nakes R. KEBIDANAN
662	FEBRINA DIAH RAMADHANI, Amd.Keb	Nakes	VII	2858800	500000	5	4	4	1	2	R. KEBIDANAN	17,1528	15	12	12	3	8	67,1528	0,05			NAKES	NAKES	NAKES				Nakes R. KEBIDANAN
663	Fitria Semenguk, A.Md.Keb	Nakes	III/b	3497300	500000	5	4	4	1	2	R. KEBIDANAN	20,9838	15	12	12	3	8	70,9838	0,05			NAKES	NAKES	NAKES				Nakes R. KEBIDANAN
664	HAYATUN NUFUS, Amd. Keb	Nakes	VII	2858800	500000	5	4	4	1	2	R. KEBIDANAN	17,1528	15	12	12	3	8	67,1528	0,05			NAKES	NAKES	NAKES				Nakes R. KEBIDANAN
665	HENI YULIA SARI, S.Tr. Keb	Nakes	IX	3203600	500000	6	4	4	1	2	R. KEBIDANAN	19,2216	18	12	12	3	8	72,2216	0,05			NAKES	NAKES	NAKES				Nakes R. KEBIDANAN
666	Henita Apriana, S.Keb	Nakes	III/c	3760100	500000	6	4	4	1	2	R. KEBIDANAN	22,5606	18	12	12	3	8	75,5606	0,05			NAKES	NAKES	NAKES				Nakes R. KEBIDANAN
667	IIN CAHAYA SAGITA, A.MD.KEB	Nakes	III/b	3497300	500000	5	4	4	1	2	R. KEBIDANAN	20,9838	15	12	12	3	8	70,9838	0,05			NAKES	NAKES	NAKES				Nakes R. KEBIDANAN
668	Juwita Ismiyani, A.Md.Keb	Nakes	III/b	3607500	500000	5	4	4	1	2	R. KEBIDANAN	21,645	15	12	12	3	8	71,645	0			NAKES	NAKES	NAKES				Nakes R. KEBIDANAN
669	Kasini, SST	Nakes	IV/b	5866400	500000	6	4	4	1	2	R. KEBIDANAN	35,1984	18	12	12	3	8	88,1984	0			NAKES	NAKES	NAKES				Nakes R. KEBIDANAN
670	Martha Adelia, S.Keb	Nakes	III/b	3497300	500000	6	12	4	1	2	R. KEBIDANAN	20,9838	18	36	12	3	8	97,9838	0			NAKES	NAKES	NAKES				Nakes R. KEBIDANAN
671	MARYANI, A.MD.KEB	Nakes	III/b	3497300	500000	5	4	4	1	2	R. KEBIDANAN	20,9838	15	12	12	3	8	70,9838	0			NAKES	NAKES	NAKES				Nakes R. KEBIDANAN
672	Masnah, A.Md. Keb	Nakes	III/b	3607500	500000	5	4	4	1	2	R. KEBIDANAN	21,645	15	12	12	3	8	71,645	0			NAKES	NAKES	NAKES				Nakes R. KEBIDANAN
673	Meliyana, SST.,M.Tr.Keb	Nakes	III/d	3919100	500000	8	4	4	1	2	R. KEBIDANAN	23,5146	24	12	12	3	8	82,5146	0			NAKES	NAKES	NAKES				Nakes R. KEBIDANAN
674	Monalisa, A.Md.Keb	Nakes	VII	2858800	500000	5	4	4	1	2	R. BEDAH	17,1528	15	12	12	3	8	67,1528	0			NAKES	NAKES	NAKES				Nakes R. BEDAH
675	NUR ANNISA AMMALIA, Amd.Keb	Nakes	VII	2858800	500000	5	4	4	1	2	R. KEBIDANAN	17,1528	15	12	12	3	8	67,1528	0			NAKES	NAKES	NAKES				Nakes R. KEBIDANAN
676	NURHAYATI, A.MD.KEB	Nakes	III/d	4869200	500000	5	12	4	1	2	R. KEBIDANAN	29,2152	15	36	12	3	8	103,2152	0,05			NAKES	NAKES	NAKES				Nakes R. KEBIDANAN
677	Otty Faradina, S.Tr.Keb	Nakes	III/d	4042500	500000	6	12	4	1	2	R. KEBIDANAN	24,255	18	36	12	3	8	101,255	0			NAKES	NAKES	NAKES				Nakes R. KEBIDANAN
678	SERLIANA AKRIN, S.Tr. Keb	Nakes	IX	3203600	500000	6	4	4	1	2	R. KEBIDANAN	19,2216	18	12	12	3	8	72,2216	0,05			NAKES	NAKES	NAKES				Nakes R. KEBIDANAN
679	TRI OKTARIANI, Amd.Keb	Nakes	VII	2858800	500000	5	4	4	1	2	R. KEBIDANAN	17,1528	15	12	12	3	8	67,1528	0,05			NAKES	NAKES	NAKES				Nakes R. KEBIDANAN
680	Yeni Supriyanti, A.Md.Keb	Nakes	III/c	3612000	500000	5	6	4	1	2	R. PENYAKIT DALAM INFEKSIUS	21,672	15	18	12	3	8	77,672	0			NAKES	NAKES	NAKES				Nakes R. PENYAKIT DALAM INFEKSIUS
681	YUANITA, S.Keb	Nakes	III/d	4301200	500000	6	4	4	1	2	R. KEBIDANAN	25,8072	18	12	12	3	8	78,8072	0			NAKES	NAKES	NAKES				Nakes R. KEBIDANAN
682	Yuni Supiatun, A.Md.Keb	Nakes	III/b	3497300	500000	5	12	4	1	2	R. KEBIDANAN	20,9838	15	36	12	3	8	94,9838	0,05			NAKES	NAKES	NAKES				Nakes R. KEBIDANAN
683	YUSNITA DWI, Amd. Keb	Nakes	VII	2858800	500000	5	4	4	1	2	R. KEBIDANAN	17,1528	15	12	12	3	8	67,1528	0,05			NAKES	NAKES	NAKES				Nakes R. KEBIDANAN
684	Yuniarti, SST	Nakes	IV/b	5289800	500000	6	4	4	1	2	R. KEBIDANAN	31,7388	18	12	12	3	8	84,7388	0			NAKES	NAKES	NAKES				Nakes R. KEBIDANAN
685	HENDRA MP HALIL, Amd.Kep	Nakes	VII	2858800	500000	5	6	4	1	2	R. PELAYANAN JANTUNG TERPADU KLINIS	17,1528	15	18	12	3	8	73,1528	0,05			NAKES	NAKES	NAKES				Nakes R. PELAYANAN JANTUNG TERPADU KLINIS
686	HIDIR, Amd.Kep	Nakes	VII	2858800	500000	5	6	4	1	2	R. PELAYANAN JANTUNG TERPADU KLINIS	17,1528	15	18	12	3	8	73,1528	0,05			NAKES	NAKES	NAKES				Nakes R. PELAYANAN JANTUNG TERPADU KLINIS
687	Ns. Dwi Arisanti, S.Kep	Nakes	III/c	3645200	500000	7	6	4	1	2	R. PELAYANAN JANTUNG TERPADU KLINIS	21,8712	21	18	12	3	8	83,8712	0			NAKES	NAKES	NAKES				Nakes R. PELAYANAN JANTUNG TERPADU KLINIS
688	Ns. Dwi Lestari, S.ST	Nakes	III/c	4126600	500000	7	6	4	1	2	R. PELAYANAN JANTUNG TERPADU KLINIS	24,7596	21	18	12	3	8	86,7596	0			NAKES	NAKES	NAKES				Nakes R. PELAYANAN JANTUNG TERPADU KLINIS
689	Ns. IDHO QODRI, S.Kep	Nakes	X	3339100	500000	7	6	4	1	2	R. PELAYANAN JANTUNG TERPADU KLINIS	20,0346	21	18	12	3	8	82,0346	0,05			NAKES	NAKES	NAKES				Nakes R. PELAYANAN JANTUNG TERPADU KLINIS
690	NS. RAHMA METALIA, S.KEP	Nakes	III/a	3057300	500000	7	6	4	1	2	R. PELAYANAN JANTUNG TERPADU KLINIS	18,3438	21	18	12	3	8	80,3438	0			NAKES	NAKES	NAKES				Nakes R. PELAYANAN JANTUNG TERPADU KLINIS
691	Ns. SRI MAINIAH, S.Kep	Nakes	III/d	4576400	500000	7	6	4	1	2	R. PELAYANAN JANTUNG TERPADU KLINIS	27,4584	21	18	12	3	8	89,4584	0,05			NAKES	NAKES	NAKES				Nakes R. PELAYANAN JANTUNG TERPADU KLINIS
692	Ns.Benediktus Reza Anggara,S.Kep	Nakes	III/b	3607500	500000	7	12	12	1	2	INSTALASI BEDAH SENTRAL	21,645	21	36	36	3	8	125,645	0,05			NAKES	NAKES	NAKES				Nakes INSTALASI BEDAH SENTRAL
693	NURHASANAH, Amd. Kep	Nakes	VII	2858800	500000	5	6	4	1	2	R. PELAYANAN JANTUNG TERPADU KLINIS	17,1528	15	18	12	3	8	73,1528	0,15			NAKES	NAKES	NAKES				Nakes R. PELAYANAN JANTUNG TERPADU KLINIS
694	PANJI INDRA B, A.MD.KEP	Nakes	II/c	2564700	500000	5	6	4	1	2	R. PELAYANAN JANTUNG TERPADU KLINIS	15,3882	15	18	12	3	8	71,3882	0,05			NAKES	NAKES	NAKES				Nakes R. PELAYANAN JANTUNG TERPADU KLINIS
695	Rahmat Affandi, A.Md.Kep	Nakes	II/d	3355400	500000	5	6	4	1	2	R. PELAYANAN JANTUNG TERPADU KLINIS	20,1324	15	18	12	3	8	76,1324	0,05			NAKES	NAKES	NAKES				Nakes R. PELAYANAN JANTUNG TERPADU KLINIS
696	RETNO FITRAH CANTIKA, Amd.Kep	Nakes	VII	2858800	500000	5	6	4	1	2	R. PELAYANAN JANTUNG TERPADU KLINIS	17,1528	15	18	12	3	8	73,1528	0			NAKES	NAKES	NAKES				Nakes R. PELAYANAN JANTUNG TERPADU KLINIS
697	RIKI APRIANTO, Amd.Kep	Nakes	VII	2858800	500000	5	6	4	1	2	R. PELAYANAN JANTUNG TERPADU KLINIS	17,1528	15	18	12	3	8	73,1528	0			NAKES	NAKES	NAKES				Nakes R. PELAYANAN JANTUNG TERPADU KLINIS
698	TRI LESTARI, Amd.Kep	Nakes	VII	2858800	500000	5	6	4	1	2	R. PELAYANAN JANTUNG TERPADU KLINIS	17,1528	15	18	12	3	8	73,1528	0			NAKES	NAKES	NAKES				Nakes R. PELAYANAN JANTUNG TERPADU KLINIS
699	VINA YULIANTIKA, A.MD.KEP	Nakes	II/c	2564200	500000	5	6	4	1	2	R. PELAYANAN JANTUNG TERPADU KLINIS	15,3852	15	18	12	3	8	71,3852	0			NAKES	NAKES	NAKES				Nakes R. PELAYANAN JANTUNG TERPADU KLINIS
700	YENI PURBIANTI, Amd.Kep	Nakes	VII	2858800	500000	5	6	4	1	2	R. PELAYANAN JANTUNG TERPADU KLINIS	17,1528	15	18	12	3	8	73,1528	0			NAKES	NAKES	NAKES				Nakes R. PELAYANAN JANTUNG TERPADU KLINIS
701	Afria Susanti, A.Md.Kep	Nakes	III/a	3012000	500000	5	12	4	1	2	R. ANAK	18,072	15	36	12	3	8	92,072	0			NAKES	NAKES	NAKES				Nakes R. ANAK
702	AGUSTIN PRASETIA LUKITA ,Amd.Kep	Nakes	VII	2858800	500000	5	12	4	1	2	R. ANAK	17,1528	15	36	12	3	8	91,1528	0			NAKES	NAKES	NAKES				Nakes R. ANAK
703	Ardian Dwi Kurniawan, Amd.Kep	Nakes	III/b	3390500	500000	5	12	4	1	2	R. ANAK	20,343	15	36	12	3	8	94,343	0			NAKES	NAKES	NAKES				Nakes R. ANAK
704	Argi Astuti, Amd.Kep	Nakes	III/b	3238300	500000	5	12	4	1	2	R. ANAK	19,4298	15	36	12	3	8	93,4298	0,05			NAKES	NAKES	NAKES				Nakes R. ANAK
705	DIAN ANGGRAINI, A.Md. Kep	Nakes	II/d	2843700	500000	5	6	4	1	2	R. ANAK	17,0622	15	18	12	3	8	73,0622	0			NAKES	NAKES	NAKES				Nakes R. ANAK
706	DIAN ANITA, Amd. Kep	Nakes	VII	2858800	500000	5	6	4	1	2	R. ANAK	17,1528	15	18	12	3	8	73,1528	0			NAKES	NAKES	NAKES				Nakes R. ANAK
707	Didi Arif Piseska, Amd.Kep	Nakes	III/b	3497300	500000	5	12	4	1	2	R. ANAK	20,9838	15	36	12	3	8	94,9838	0,05			NAKES	NAKES	NAKES				Nakes R. ANAK
708	ELI MULYANI, A.MD.KEP	Nakes	III/c	4301200	500000	5	6	4	1	2	R. ANAK	25,8072	15	18	12	3	8	81,8072	0,05			NAKES	NAKES	NAKES				Nakes R. ANAK
709	ELSA DWI PUTRI, Amd.Keb	Nakes	VII	2858800	500000	5	6	4	1	2	R. ANAK	17,1528	15	18	12	3	8	73,1528	0,05			NAKES	NAKES	NAKES				Nakes R. ANAK
710	Eva Kurnia, A.Md.Kep	Nakes	III/a	3461100	500000	5	6	4	1	2	R. ANAK	20,7666	15	18	12	3	8	76,7666	0			NAKES	NAKES	NAKES				Nakes R. ANAK
711	FITRIA NINGSIH, S.Tr. Keb	Nakes	IX	3203600	500000	6	6	4	1	2	R. ANAK	19,2216	18	18	12	3	8	78,2216	0			NAKES	NAKES	NAKES				Nakes R. ANAK
712	IKA YULINDA, Amd.Kep	Nakes	VII	2858800	500000	5	6	4	1	2	R. ANAK	17,1528	15	18	12	3	8	73,1528	0,05			NAKES	NAKES	NAKES				Nakes R. ANAK
713	ILMI, Amd.Kep	Nakes	VII	2858800	500000	5	6	4	1	2	R. ANAK	17,1528	15	18	12	3	8	73,1528	0			NAKES	NAKES	NAKES				Nakes R. ANAK
714	KUSTININGSIH, A.Md.KEP	Nakes	III/c	4818700	500000	5	12	4	1	2	R. ANAK	28,9122	15	36	12	3	8	102,9122	0,05			NAKES	NAKES	NAKES				Nakes R. ANAK
715	MUHAMMAD EKA SAPUTRA, Amd.Kep	Nakes	VII	2858800	500000	5	6	4	1	2	R. ANAK	17,1528	15	18	12	3	8	73,1528	0			NAKES	NAKES	NAKES				Nakes R. ANAK
716	Nova Indriana, A.Md.Kep	Nakes	III/b	3497300	500000	5	12	4	1	2	R. ANAK	20,9838	15	36	12	3	8	94,9838	0,05			NAKES	NAKES	NAKES				Nakes R. ANAK
717	Ns. MERI SETRIANA.S.Kep	Nakes	X	3339100	500000	7	6	4	1	2	R. ANAK	20,0346	21	18	12	3	8	82,0346	0,05			NAKES	NAKES	NAKES				Nakes R. ANAK
718	Ns. RAHMAWATI, S. Kep	Nakes	IV/b	0	500000	0	0	0	0	0	R. ANAK	0	0	0	0	0	0	0	0,05			NAKES	NAKES	NAKES				Nakes R. ANAK
719	Ns.PUTRI IDAWATI, S.KEP	Nakes	III/c	3878500	500000	7	6	4	1	2	R. ANAK	23,271	21	18	12	3	8	85,271	0			NAKES	NAKES	NAKES				Nakes R. ANAK
720	NURUL KHAIRUNISA, Amd.Keb	Nakes	VII	2858800	500000	5	6	4	1	2	R. ANAK	17,1528	15	18	12	3	8	73,1528	0			NAKES	NAKES	NAKES				Nakes R. ANAK
721	PUJI LESTARI. Amd. Kep	Nakes	VII	2858800	500000	5	12	4	1	2	R. ANAK	17,1528	15	36	12	3	8	91,1528	0			NAKES	NAKES	NAKES				Nakes R. ANAK
722	PUSYA PARADHITA, Amd.Keb	Nakes	VII	2858800	500000	5	6	4	1	2	R. ANAK	17,1528	15	18	12	3	8	73,1528	0			NAKES	NAKES	NAKES				Nakes R. ANAK
723	Ratika Oktaresa, A.Md.Keb	Nakes	VII	2858800	500000	5	6	4	1	2	R. ANAK	17,1528	15	18	12	3	8	73,1528	0			NAKES	NAKES	NAKES				Nakes R. ANAK
724	RIMA SEPTIA  AR, Amd.Kep	Nakes	VII	2858800	500000	5	6	4	1	2	R. ANAK	17,1528	15	18	12	3	8	73,1528	0			NAKES	NAKES	NAKES				Nakes R. ANAK
725	RIZKI YOGI KURNIAWAN, Amd. Kep	Nakes	VII	2858800	500000	5	6	4	1	2	R. ANAK	17,1528	15	18	12	3	8	73,1528	0,15			NAKES	NAKES	NAKES				Nakes R. ANAK
726	Servia Oktafiana, A.Md.Keb	Nakes	VII	2858800	500000	5	6	4	1	2	R. ANAK	17,1528	15	18	12	3	8	73,1528	0			NAKES	NAKES	NAKES				Nakes R. ANAK
727	YUNITA RISKA  APRIYANI, Amd.Kep	Nakes	VII	2858800	500000	5	6	4	1	2	R. ANAK	17,1528	15	18	12	3	8	73,1528	0			NAKES	NAKES	NAKES				Nakes R. ANAK
728	AFRIAN DWI CAHYA, A.MD. KEP	Nakes	III/a	3798500	500000	5	6	6	1	2	R. PARU	22,791	15	18	18	3	8	84,791	0,05			NAKES	NAKES	NAKES				Nakes R. PARU
729	Ahmad Albar, A.Md.Kep	Nakes	II/d	3120900	500000	5	6	6	1	2	R. PARU	18,7254	15	18	18	3	8	80,7254	0,05			NAKES	NAKES	NAKES				Nakes R. PARU
730	DEVI ANGGRAINI MODEREN, Amd, Kep	Nakes	VII	2858800	500000	5	6	6	1	2	R. PARU	17,1528	15	18	18	3	8	79,1528	0			NAKES	NAKES	NAKES				Nakes R. PARU
731	DEVI DIANA SURI, S.Kep	Nakes	III/a	3355400	500000	7	6	6	1	2	R. PARU	20,1324	21	18	18	3	8	88,1324	0,05			NAKES	NAKES	NAKES				Nakes R. PARU
732	Fantri Indria Susanti, A.Md.Kep	Nakes	III/b	3838300	500000	5	6	6	1	2	R. PARU	23,0298	15	18	18	3	8	85,0298	0,05			NAKES	NAKES	NAKES				Nakes R. PARU
733	FEBRIANTI, S.Tr. Keb	Nakes	IX	3203600	500000	6	6	6	1	2	R. PARU	19,2216	18	18	18	3	8	84,2216	0,05			NAKES	NAKES	NAKES				Nakes R. PARU
734	FEBY SYAFTRIANA, Amd,Kep	Nakes	VII	2858800	500000	5	6	6	1	2	R. PARU	17,1528	15	18	18	3	8	79,1528	0			NAKES	NAKES	NAKES				Nakes R. PARU
735	HARYO WIDODO. Amd. Kep	Nakes	VII	2858800	500000	5	6	6	1	2	R. PARU	17,1528	15	18	18	3	8	79,1528	0,05			NAKES	NAKES	NAKES				Nakes R. PARU
736	Hepi Leo Saputra, S.Kep	Nakes	III/d	4576400	500000	7	6	6	1	2	R. PARU	27,4584	21	18	18	3	8	95,4584	0			NAKES	NAKES	NAKES				Nakes R. PARU
737	INDAH DWI PANGESTI, Amd.Kep	Nakes	II/c	2564200	500000	5	6	6	1	2	R. PARU	15,3852	15	18	18	3	8	77,3852	0,05			NAKES	NAKES	NAKES				Nakes R. PARU
738	Irawati, A.Md.Kep	Nakes	III/b	3607500	500000	5	6	6	1	2	R. PARU	21,645	15	18	18	3	8	83,645	0,15			NAKES	NAKES	NAKES				Nakes R. PARU
739	NILA NOVITASARI, Amd. Kep	Nakes	VII	2858800	500000	5	6	6	1	2	R. PARU	17,1528	15	18	18	3	8	79,1528	0			NAKES	NAKES	NAKES				Nakes R. PARU
740	Ns. Boiman, S.Kep	Nakes	III/c	4256600	500000	7	6	6	1	2	R. PARU	25,5396	21	18	18	3	8	93,5396	0			NAKES	NAKES	NAKES				Nakes R. PARU
741	Ns. DHARMA SAPUTRA, S.Kep	Nakes	X	3339100	500000	7	6	6	1	2	R. PARU	20,0346	21	18	18	3	8	88,0346	0,05			NAKES	NAKES	NAKES				Nakes R. PARU
742	Ns. MAWADDAH YUSPITA, S.Kep	Nakes	X	3339100	500000	7	6	6	1	2	R. PARU	20,0346	21	18	18	3	8	88,0346	0			NAKES	NAKES	NAKES				Nakes R. PARU
743	NUGRA DWI PUTRI, Amd. Keb	Nakes	VII	2858800	500000	5	6	6	1	2	R. PARU	17,1528	15	18	18	3	8	79,1528	0			NAKES	NAKES	NAKES				Nakes R. PARU
744	PUTRI EKA SETIAWATI, Amd.Keb	Nakes	VII	2858800	500000	5	6	6	1	2	R. PARU	17,1528	15	18	18	3	8	79,1528	0			NAKES	NAKES	NAKES				Nakes R. PARU
745	RENI MUSLIMAH, Amd, Kep	Nakes	VII	2858800	500000	5	6	6	1	2	R. PARU	17,1528	15	18	18	3	8	79,1528	0,05			NAKES	NAKES	NAKES				Nakes R. PARU
746	REZA WIDYA, Amd. Kep	Nakes	VII	2858800	500000	5	12	6	1	2	R. PBH LANTAI 1	17,1528	15	36	18	3	8	97,1528	0			NAKES	NAKES	NAKES				Nakes R. PBH LANTAI 1
747	RINI TUGIYATMI, Amd.Kep	Nakes	II/c	2564200	500000	5	6	6	1	2	R. PARU	15,3852	15	18	18	3	8	77,3852	0			NAKES	NAKES	NAKES				Nakes R. PARU
748	ULI MASTAMI ARIEF, Amd.Keb	Nakes	VII	2858800	500000	5	6	6	1	2	R. PARU	17,1528	15	18	18	3	8	79,1528	0			NAKES	NAKES	NAKES				Nakes R. PARU
749	YUDI NOVRIYANSYAH, Amd. Kep	Nakes	VII	2858800	500000	5	6	6	1	2	R. PARU	17,1528	15	18	18	3	8	79,1528	0,05			NAKES	NAKES	NAKES				Nakes R. PARU
750	ANDINE TIKA PUSPITA, A.Md.Kep.	Nakes	II/c	2564200	500000	5	6	6	1	2	R. PERINATOLOGI	15,3852	15	18	18	3	8	77,3852	0,05			NAKES	NAKES	NAKES				Nakes R. PERINATOLOGI
751	Aprina Sari, Amd.Kep	Nakes	III/b	3238300	500000	5	6	6	1	2	R. PERINATOLOGI	19,4298	15	18	18	3	8	81,4298	0,05			NAKES	NAKES	NAKES				Nakes R. PERINATOLOGI
752	APRIZA IRMA SARI, S.Tr. Keb	Nakes	IX	3203600	500000	6	6	6	1	2	R. PERINATOLOGI	19,2216	18	18	18	3	8	84,2216	0,05			NAKES	NAKES	NAKES				Nakes R. PERINATOLOGI
753	ARIE FITRIANI, Amd.Keb	Nakes	VII	2858800	500000	5	6	6	1	2	R. PERINATOLOGI	17,1528	15	18	18	3	8	79,1528	0,05			NAKES	NAKES	NAKES				Nakes R. PERINATOLOGI
754	BENDSIA GENOVICHA, S.Tr.Keb	Nakes	IX	3203600	500000	6	6	6	1	2	R. PERINATOLOGI	19,2216	18	18	18	3	8	84,2216	0			NAKES	NAKES	NAKES				Nakes R. PERINATOLOGI
755	Budiarti, Amd. Kep	Nakes	III/b	3607500	500000	5	6	6	1	2	R. PERINATOLOGI	21,645	15	18	18	3	8	83,645	0,05			NAKES	NAKES	NAKES				Nakes R. PERINATOLOGI
756	Cherly Desvia Nunyai, A.md.Keb	Nakes	III/a	3153600	500000	6	6	6	1	2	R. PERINATOLOGI	18,9216	18	18	18	3	8	83,9216	0			NAKES	NAKES	NAKES				Nakes R. PERINATOLOGI
757	DERISTA HARTATI, A.MD.KEP	Nakes	II/c	2564200	500000	5	6	6	1	2	R. PERINATOLOGI	15,3852	15	18	18	3	8	77,3852	0,05			NAKES	NAKES	NAKES				Nakes R. PERINATOLOGI
758	Desna Annisa, S.Kep.Ners	Nakes	III/b	3607500	500000	7	6	6	1	2	R. PERINATOLOGI	21,645	21	18	18	3	8	89,645	0			NAKES	NAKES	NAKES				Nakes R. PERINATOLOGI
759	EDI GUNAWAN, Amd.Kep	Nakes	VII	2858800	500000	5	6	6	1	2	R. PERINATOLOGI	17,1528	15	18	18	3	8	79,1528	0			NAKES	NAKES	NAKES				Nakes R. PERINATOLOGI
760	EKA NURUL ISWANTI, Amd.Kep	Nakes	III/c	3760100	500000	5	12	6	1	2	R. PERINATOLOGI	22,5606	15	36	18	3	8	102,5606	0			NAKES	NAKES	NAKES				Nakes R. PERINATOLOGI
761	ELYA HARTINA, S.ST	Nakes	IV/c	5687200	500000	6	6	6	1	2	R. PERINATOLOGI	34,1232	18	18	18	3	8	99,1232	0			NAKES	NAKES	NAKES				Nakes R. PERINATOLOGI
762	FARLESSIA NADIANI M. P. Amd,Keb	Nakes	VII	2858800	500000	5	6	6	1	2	R. PERINATOLOGI	17,1528	15	18	18	3	8	79,1528	0,05			NAKES	NAKES	NAKES				Nakes R. PERINATOLOGI
763	FEBRIANTI MONICA, Amd.Kep	Nakes	VII	2858800	500000	5	12	6	1	2	R. PERINATOLOGI	17,1528	15	36	18	3	8	97,1528	0			NAKES	NAKES	NAKES				Nakes R. PERINATOLOGI
764	GITA PURNAMA SARI, S.Tr. Keb	Nakes	IX	3203600	500000	6	6	6	1	2	R. PERINATOLOGI	19,2216	18	18	18	3	8	84,2216	0,05			NAKES	NAKES	NAKES				Nakes R. PERINATOLOGI
765	IRA MARSELLA AMRI, Amd.Kep	Nakes	VII	2858800	500000	5	6	6	1	2	R. PERINATOLOGI	17,1528	15	18	18	3	8	79,1528	0			NAKES	NAKES	NAKES				Nakes R. PERINATOLOGI
766	JEFRYANSYAH RIDUAN, A.MD.KEP	Nakes	II/c	2564200	500000	5	6	6	1	2	R. PERINATOLOGI	15,3852	15	18	18	3	8	77,3852	0,05			NAKES	NAKES	NAKES				Nakes R. PERINATOLOGI
767	KARLINA OKTAVIA, A.MD.KEP	Nakes	II/c	2564200	500000	5	6	6	1	2	R. PERINATOLOGI	15,3852	15	18	18	3	8	77,3852	0			NAKES	NAKES	NAKES				Nakes R. PERINATOLOGI
768	Mainun, SST	Nakes	III/b	3497300	500000	6	12	6	1	2	R. PERINATOLOGI	20,9838	18	36	18	3	8	103,9838	0			NAKES	NAKES	NAKES				Nakes R. PERINATOLOGI
769	MAISAROH. Amd. Kep	Nakes	VII	2858800	500000	5	6	6	1	2	R. PERINATOLOGI	17,1528	15	18	18	3	8	79,1528	0			NAKES	NAKES	NAKES				Nakes R. PERINATOLOGI
770	NOPI PRAWITA. Amd. Keb	Nakes	VII	2858800	500000	5	6	6	1	2	R. PERINATOLOGI	17,1528	15	18	18	3	8	79,1528	0			NAKES	NAKES	NAKES				Nakes R. PERINATOLOGI
771	NOVALIA SAFITRI, Amd.Keb	Nakes	VII	2858800	500000	5	6	6	1	2	R. PERINATOLOGI	17,1528	15	18	18	3	8	79,1528	0,05			NAKES	NAKES	NAKES				Nakes R. PERINATOLOGI
772	Ns. DESI EKA WIJAYA, S.Kep	Nakes	III/d	4169900	500000	7	12	6	1	2	R. PERINATOLOGI	25,0194	21	36	18	3	8	111,0194	0,05			NAKES	NAKES	NAKES				Nakes R. PERINATOLOGI
773	Ns. ENDRI SETIAWAN, S.Kep	Nakes	III/c	4126600	500000	7	12	6	1	2	R. PERINATOLOGI	24,7596	21	36	18	3	8	110,7596	0,05			NAKES	NAKES	NAKES				Nakes R. PERINATOLOGI
774	Ns. MISTI AZIZAH, S.KEP	Nakes	III/d	4576400	500000	7	6	6	1	2	R. PERINATOLOGI	27,4584	21	18	18	3	8	95,4584	0,05			NAKES	NAKES	NAKES				Nakes R. PERINATOLOGI
775	Ns.Eka Agustiana Dewi,S.Kep	Nakes	III/d	4042500	500000	7	12	6	1	2	R. PERINATOLOGI	24,255	21	36	18	3	8	110,255	0			NAKES	NAKES	NAKES				Nakes R. PERINATOLOGI
776	Ns.Isrina Ramadhani, S.Kep	Nakes	III/a	3607500	500000	7	12	6	1	2	R. PERINATOLOGI	21,645	21	36	18	3	8	107,645	0,05			NAKES	NAKES	NAKES				Nakes R. PERINATOLOGI
777	OKTO YURISMAN, Amd. Kep	Nakes	II/c	2564200	500000	5	6	6	1	2	R. PERINATOLOGI	15,3852	15	18	18	3	8	77,3852	0			NAKES	NAKES	NAKES				Nakes R. PERINATOLOGI
778	Retno Yunita Sari, A.Md.Keb	Nakes	III/b	3497300	500000	5	6	6	1	2	R. PERINATOLOGI	20,9838	15	18	18	3	8	82,9838	0,05			NAKES	NAKES	NAKES				Nakes R. PERINATOLOGI
779	RINI TRI ASTUTI, Amd.Kep	Nakes	VII	2858800	500000	5	12	6	1	2	R. PERINATOLOGI	17,1528	15	36	18	3	8	97,1528	0,05			NAKES	NAKES	NAKES				Nakes R. PERINATOLOGI
780	RIZKA ANGRAINI. SST	Nakes	IX	3203600	500000	6	6	6	1	2	R. PERINATOLOGI	19,2216	18	18	18	3	8	84,2216	0			NAKES	NAKES	NAKES				Nakes R. PERINATOLOGI
781	RIZKA OCTAVIANA PUTRI, Amd.Kep	Nakes	II/c	2564200	500000	5	6	6	1	2	R. PERINATOLOGI	15,3852	15	18	18	3	8	77,3852	0			NAKES	NAKES	NAKES				Nakes R. PERINATOLOGI
782	SEPTA WAHYU RUSMANTO, Amd.Kep	Nakes	VII	2858800	500000	5	12	6	1	2	R. PERINATOLOGI	17,1528	15	36	18	3	8	97,1528	0,05			NAKES	NAKES	NAKES				Nakes R. PERINATOLOGI
783	WINDA SEFRINA HUTASOIT, A.Md.Kep	Nakes	II/d	2843700	500000	5	12	6	1	2	R. PERINATOLOGI	17,0622	15	36	18	3	8	97,0622	0,05			NAKES	NAKES	NAKES				Nakes R. PERINATOLOGI
784	YUNIARTI, Amd.Kep	Nakes	VII	2858800	500000	5	6	6	1	2	R. PERINATOLOGI	17,1528	15	18	18	3	8	79,1528	0			NAKES	NAKES	NAKES				Nakes R. PERINATOLOGI
785	Zaituni, Amd.Kep	Nakes	III/d	5022500	500000	5	6	6	1	2	R. PERINATOLOGI	30,135	15	18	18	3	8	92,135	0			NAKES	NAKES	NAKES				Nakes R. PERINATOLOGI
786	ATRIA NINGSIH, Amd.Kep	Nakes	VII	2858800	500000	5	4	4	1	2	R. PAV SUDHA NIRMALA A	17,1528	15	12	12	3	8	67,1528	0			NAKES	NAKES	NAKES				Nakes R. PAV SUDHA NIRMALA A
787	Eny Widyastuti, Amd.Kep	Nakes	III/b	3497300	500000	5	4	4	1	2	R. PAV SUDHA NIRMALA A	20,9838	15	12	12	3	8	70,9838	0,05			NAKES	NAKES	NAKES				Nakes R. PAV SUDHA NIRMALA A
788	FITRI HANDAYANI, Amd.Kep	Nakes	VII	2858800	500000	5	4	4	1	2	R. PAV SUDHA NIRMALA A	17,1528	15	12	12	3	8	67,1528	0			NAKES	NAKES	NAKES				Nakes R. PAV SUDHA NIRMALA A
789	HENI SULISTIARA, S.Tr. Keb	Nakes	IX	3203600	500000	6	4	4	1	2	R. BEDAH	19,2216	18	12	12	3	8	72,2216	0			NAKES	NAKES	NAKES				Nakes R. BEDAH
790	INTAN PURNAMASARI, Amd.Keb	Nakes	VII	2858800	500000	5	4	4	1	2	R. PAV SUDHA NIRMALA A	17,1528	15	12	12	3	8	67,1528	0			NAKES	NAKES	NAKES				Nakes R. PAV SUDHA NIRMALA A
791	MEILIA RATNA ISWARI . Amd.Kep	Nakes	VII	2858800	500000	5	4	4	1	2	R. PAV SUDHA NIRMALA A	17,1528	15	12	12	3	8	67,1528	0,05			NAKES	NAKES	NAKES				Nakes R. PAV SUDHA NIRMALA A
792	MUHAMMAD RIVAN ALENTINO,A.MD.KEP	Nakes	II/c	2564200	500000	5	4	4	1	2	R. PAV SUDHA NIRMALA A	15,3852	15	12	12	3	8	65,3852	0,05			NAKES	NAKES	NAKES				Nakes R. PAV SUDHA NIRMALA A
793	NOVITA MULYA SARI, A.MD.KEP	Nakes	II/c	2564200	500000	5	4	4	1	2	R. PAV SUDHA NIRMALA A	15,3852	15	12	12	3	8	65,3852	0,05			NAKES	NAKES	NAKES				Nakes R. PAV SUDHA NIRMALA A
794	Ns LANA GUSTINA, S.Kep	Nakes	X	3339100	500000	7	4	4	1	2	R. PAV SUDHA NIRMALA A	20,0346	21	12	12	3	8	76,0346	0			NAKES	NAKES	NAKES				Nakes R. PAV SUDHA NIRMALA A
795	Ns. FITRI MARLISA PUTRI, S.Kep	Nakes	X	3339100	500000	7	4	4	1	2	R. PAV SUDHA NIRMALA A	20,0346	21	12	12	3	8	76,0346	0			NAKES	NAKES	NAKES				Nakes R. PAV SUDHA NIRMALA A
796	Ns. HAFIIZ JULIANTO, S.Kep	Nakes	III/b	2995000	500000	7	4	4	1	2	R. PAV SUDHA NIRMALA A	17,97	21	12	12	3	8	73,97	0			NAKES	NAKES	NAKES				Nakes R. PAV SUDHA NIRMALA A
797	Ns. TRI SUSFENSIADI, S.Kep	Nakes	X	3339100	500000	7	4	4	1	2	R. BEDAH	20,0346	21	12	12	3	8	76,0346	0			NAKES	NAKES	NAKES				Nakes R. BEDAH
798	TAUFIQUR RAHMAN, Amd,Kep	Nakes	VII	2858800	500000	5	4	4	1	2	R. PAV SUDHA NIRMALA A	17,1528	15	12	12	3	8	67,1528	0			NAKES	NAKES	NAKES				Nakes R. PAV SUDHA NIRMALA A
799	Isnaeni Nurul Khotimah, A.Md.Kep	Nakes	III/b	3497300	500000	5	4	4	1	2	R. EKSEKUTIF	20,9838	15	12	12	3	8	70,9838	0,15			NAKES	NAKES	NAKES				Nakes R. EKSEKUTIF
800	Iwan Juniawan	Nakes	II/d	0	500000	0	0	0	0	0	R. EKSEKUTIF	0	0	0	0	0	0	0	0,15			NAKES	NAKES	NAKES				Nakes R. EKSEKUTIF
801	Ns. DESTI RIZKI ANANDA, S.Kep	Nakes	X	3339100	500000	7	4	4	1	2	R. EKSEKUTIF	20,0346	21	12	12	3	8	76,0346	0			NAKES	NAKES	NAKES				Nakes R. EKSEKUTIF
802	Ns. M. BAGUS WIBISONO, S.Kep	Nakes	III/b	2995000	500000	7	4	4	1	2	R. EKSEKUTIF	17,97	21	12	12	3	8	73,97	0			NAKES	NAKES	NAKES				Nakes R. EKSEKUTIF
803	RISKI AYU. Amd.Kep	Nakes	VII	2858800	500000	5	4	4	1	2	R. EKSEKUTIF	17,1528	15	12	12	3	8	67,1528	0			NAKES	NAKES	NAKES				Nakes R. EKSEKUTIF
804	Sofitania, A.Md.Keb	Nakes	VII	2858800	500000	5	4	4	1	2	R. EKSEKUTIF	17,1528	15	12	12	3	8	67,1528	0,05			NAKES	NAKES	NAKES				Nakes R. EKSEKUTIF
805	Ummi Ulfa Utamy, A.Md.Kes	Nakes	III/a	2920100	500000	5	4	4	1	2	R. EKSEKUTIF	17,5206	15	12	12	3	8	67,5206	0,05			NAKES	NAKES	NAKES				Nakes R. EKSEKUTIF
806	Ummul Fadhillah, A.Md.Kep	Nakes	III/b	3390500	500000	5	4	4	1	2	R. EKSEKUTIF	20,343	15	12	12	3	8	70,343	0,05			NAKES	NAKES	NAKES				Nakes R. EKSEKUTIF
807	WINDARTI DWI PUTRI, Amd.Kep	Nakes	II/c	2564200	500000	5	4	4	1	2	R. EKSEKUTIF	15,3852	15	12	12	3	8	65,3852	0,05			NAKES	NAKES	NAKES				Nakes R. EKSEKUTIF
808	YACI EVASARA, A.MD.KEP	Nakes	II/d	2756800	500000	5	4	4	1	2	R. EKSEKUTIF	16,5408	15	12	12	3	8	66,5408	0,05			NAKES	NAKES	NAKES				Nakes R. EKSEKUTIF
809	ANNA BERTIANA, Amd.Kep	Nakes	VII	2858800	500000	5	12	6	1	2	R. ONKOLOGI TERPADU (KHEMOTERAPI)	17,1528	15	36	18	3	8	97,1528	0			NAKES	NAKES	NAKES				Nakes R. ONKOLOGI TERPADU (KHEMOTERAPI)
810	Bdn. Norberta Alda Sakti, S.ST	Nakes	III/b	3497300	500000	7	12	6	1	2	R. ONKOLOGI TERPADU (KHEMOTERAPI)	20,9838	21	36	18	3	8	106,9838	0,05			NAKES	NAKES	NAKES				Nakes R. ONKOLOGI TERPADU (KHEMOTERAPI)
811	Dwi Mahendra, Amd.Kep	Nakes	II/d	3320600	500000	5	12	6	1	2	R. ONKOLOGI TERPADU (KHEMOTERAPI)	19,9236	15	36	18	3	8	99,9236	0			NAKES	NAKES	NAKES				Nakes R. ONKOLOGI TERPADU (KHEMOTERAPI)
812	FENNY MALINDA, Amd.Kep	Nakes	VII	2858800	500000	5	12	6	1	2	R. ONKOLOGI TERPADU (KHEMOTERAPI)	17,1528	15	36	18	3	8	97,1528	0,05			NAKES	NAKES	NAKES				Nakes R. ONKOLOGI TERPADU (KHEMOTERAPI)
813	HERRI WIDIYANTO, Amd.Kep	Nakes	VII	2858800	500000	5	12	6	1	2	R. ONKOLOGI TERPADU (KHEMOTERAPI)	17,1528	15	36	18	3	8	97,1528	0,05			NAKES	NAKES	NAKES				Nakes R. ONKOLOGI TERPADU (KHEMOTERAPI)
814	Ns. FARIDA, S.Kep	Nakes	X	3339100	500000	7	12	6	1	2	R. ONKOLOGI TERPADU (KHEMOTERAPI)	20,0346	21	36	18	3	8	106,0346	0			NAKES	NAKES	NAKES				Nakes R. ONKOLOGI TERPADU (KHEMOTERAPI)
815	Ns. Umsani, S.Kep	Nakes	III/b	3497300	500000	7	12	6	1	2	R. ONKOLOGI TERPADU (KHEMOTERAPI)	20,9838	21	36	18	3	8	106,9838	0			NAKES	NAKES	NAKES				Nakes R. ONKOLOGI TERPADU (KHEMOTERAPI)
816	ROMI RONIDA, S.Kep	Nakes	III/d	4436700	500000	6	12	6	1	2	R. ONKOLOGI TERPADU (KHEMOTERAPI)	26,6202	18	36	18	3	8	109,6202	0,05			NAKES	NAKES	NAKES				Nakes R. ONKOLOGI TERPADU (KHEMOTERAPI)
817	SANTI DINASTIWI, Amd. Kep	Nakes	VII	2858800	500000	5	12	6	1	2	R. ONKOLOGI TERPADU (KHEMOTERAPI)	17,1528	15	36	18	3	8	97,1528	0			NAKES	NAKES	NAKES				Nakes R. ONKOLOGI TERPADU (KHEMOTERAPI)
818	TRI KHUSNUL KHOTIMAH, Amd.Kep	Nakes	VII	2858800	500000	5	12	6	1	2	R. ONKOLOGI TERPADU (KHEMOTERAPI)	17,1528	15	36	18	3	8	97,1528	0,15			NAKES	NAKES	NAKES				Nakes R. ONKOLOGI TERPADU (KHEMOTERAPI)
819	XANTIA NOVITA, Amd.Kep	Nakes	VII	2858800	500000	5	12	6	1	2	R. ONKOLOGI TERPADU (KHEMOTERAPI)	17,1528	15	36	18	3	8	97,1528	0			NAKES	NAKES	NAKES				Nakes R. ONKOLOGI TERPADU (KHEMOTERAPI)
820	-RIZKI SEPTA NURRANGGA, Amd.Kep -	Nakes	VII	2858800	500000	5	4	4	1	2	R. MATA	17,1528	15	12	12	3	8	67,1528	0,05			NAKES	NAKES	NAKES				Nakes R. MATA
821	MERISA PUTRI, Amd.Kep	Nakes	VII	2858800	500000	5	4	4	1	2	R. MATA	17,1528	15	12	12	3	8	67,1528	0,05			NAKES	NAKES	NAKES				Nakes R. MATA
822	Ns. Tri Sukamti P, S.Kep	Nakes	IV/b	5628300	500000	7	4	4	1	2	R. MATA	33,7698	21	12	12	3	8	89,7698	0			NAKES	NAKES	NAKES				Nakes R. MATA
823	Sri Paduka, S.ST	Nakes	IV/c	5289800	500000	6	4	4	1	2	R. MATA	31,7388	18	12	12	3	8	84,7388	0			NAKES	NAKES	NAKES				Nakes R. MATA
824	YANITA TRIATI, Amd. Keb	Nakes	VII	2858800	500000	5	4	4	1	2	R. MATA	17,1528	15	12	12	3	8	67,1528	0			NAKES	NAKES	NAKES				Nakes R. MATA
825	ELTIA GEMPITA, Amd.Kep	Nakes	VII	2858800	500000	5	4	4	1	2	R. THT	17,1528	15	12	12	3	8	67,1528	0			NAKES	NAKES	NAKES				Nakes R. THT
826	M. Ariefandi	Nakes	II/d	3644300	500000	5	4	4	1	2	R. THT	21,8658	15	12	12	3	8	71,8658	0			NAKES	NAKES	NAKES				Nakes R. THT
827	Ns. RIZNA MEUTHIA  AYU, S.Kep	Nakes	X	3339100	500000	7	4	4	1	2	R. THT	20,0346	21	12	12	3	8	76,0346	0,05			NAKES	NAKES	NAKES				Nakes R. THT
828	Ns. SRI MINARTI, S,Kep	Nakes	X	3339100	500000	7	4	4	1	2	R. THT	20,0346	21	12	12	3	8	76,0346	0,05			NAKES	NAKES	NAKES				Nakes R. THT
829	Ns.Siska Aprillia DS,S.Kep.	Nakes	III/b	3607500	500000	7	4	4	1	2	R. THT	21,645	21	12	12	3	8	77,645	0,05			NAKES	NAKES	NAKES				Nakes R. THT
830	Wirdawati Eka Novia, S.Kep	Nakes	III/b	4623200	500000	6	2	2	1	2	IRJ	27,7392	18	6	6	3	8	68,7392	0			NAKES	NAKES	NAKES				Nakes IRJ
831	YUNITA, S.KEP	Nakes	III/b	4212500	500000	6	4	4	1	2	R. THT	25,275	18	12	12	3	8	78,275	0			NAKES	NAKES	NAKES				Nakes R. THT
832	ARUM FITRIANI, Amd.Kep	Nakes	VII	2858800	500000	5	4	4	1	2	R. PBH LANTAI 2	17,1528	15	12	12	3	8	67,1528	0			NAKES	NAKES	NAKES				Nakes R. PBH LANTAI 2
833	Dwi Maya Wulandari, Amd.Kep	Nakes	III/b	3390500	500000	5	4	4	1	2	R. PBH LANTAI 2	20,343	15	12	12	3	8	70,343	0			NAKES	NAKES	NAKES				Nakes R. PBH LANTAI 2
834	ELA SUSILA WATI, Amd.Kep	Nakes	VII	2858800	500000	5	4	4	1	2	R. PBH LANTAI 2	17,1528	15	12	12	3	8	67,1528	0			NAKES	NAKES	NAKES				Nakes R. PBH LANTAI 2
835	Feni Agustiarini, A.Md.Kep	Nakes	III/b	3607500	500000	5	4	4	1	2	R. PBH LANTAI 2	21,645	15	12	12	3	8	71,645	0,05			NAKES	NAKES	NAKES				Nakes R. PBH LANTAI 2
836	HARNI YULITA,A.Md.Kep	Nakes	III/c	4390700	500000	5	4	4	1	2	R. PBH LANTAI 2	26,3442	15	12	12	3	8	76,3442	0			NAKES	NAKES	NAKES				Nakes R. PBH LANTAI 2
837	HERAWATI, Amd. Keb	Nakes	VII	2858800	500000	5	4	4	1	2	R. PBH LANTAI 2	17,1528	15	12	12	3	8	67,1528	0			NAKES	NAKES	NAKES				Nakes R. PBH LANTAI 2
838	LINDA LESTARI, Amd. Kep	Nakes	VII	2858800	500000	5	4	4	1	2	R. PBH LANTAI 2	17,1528	15	12	12	3	8	67,1528	0			NAKES	NAKES	NAKES				Nakes R. PBH LANTAI 2
839	Muhammad Darsono, A.Md.Kep	Nakes	III/b	3497300	500000	5	4	4	1	2	R. PBH LANTAI 2	20,9838	15	12	12	3	8	70,9838	0			NAKES	NAKES	NAKES				Nakes R. PBH LANTAI 2
840	NITA RILFIYANA, Amd.Keb	Nakes	VII	2858800	500000	5	4	4	1	2	R. PBH LANTAI 2	17,1528	15	12	12	3	8	67,1528	0,05			NAKES	NAKES	NAKES				Nakes R. PBH LANTAI 2
841	Ns. DIAH ARUNIAWATI, S.Kep	Nakes	IV/b	4971700	500000	7	4	4	1	2	R. PBH LANTAI 2	29,8302	21	12	12	3	8	85,8302	0			NAKES	NAKES	NAKES				Nakes R. PBH LANTAI 2
842	OCTAVIANI KESUMA PUTRI, Amd.Keb	Nakes	VII	2858800	500000	5	4	4	1	2	R. PBH LANTAI 2	17,1528	15	12	12	3	8	67,1528	0			NAKES	NAKES	NAKES				Nakes R. PBH LANTAI 2
843	Rinayati, A.Md.Kep	Nakes	III/d	4301200	500000	5	4	4	1	2	R. PBH LANTAI 2	25,8072	15	12	12	3	8	75,8072	0			NAKES	NAKES	NAKES				Nakes R. PBH LANTAI 2
844	Rosdiana, A.Md.Kep	Nakes	III/c	3481600	500000	5	4	4	1	2	R. PBH LANTAI 2	20,8896	15	12	12	3	8	70,8896	0			NAKES	NAKES	NAKES				Nakes R. PBH LANTAI 2
845	ROSLINA, Amd.Kep	Nakes	VII	2858800	500000	5	4	4	1	2	R. PBH LANTAI 2	17,1528	15	12	12	3	8	67,1528	0,05			NAKES	NAKES	NAKES				Nakes R. PBH LANTAI 2
846	Agung Candra Wicaksana, Amd.Kep	Nakes	II/d	2889800	500000	5	4	4	1	2	R. PBH LANTAI 4	17,3388	15	12	12	3	8	67,3388	0,15			NAKES	NAKES	NAKES				Nakes R. PBH LANTAI 4
847	Dedy Ermawan, Amd. Kep	Nakes	II/d	3320600	500000	5	4	4	1	2	R. PBH LANTAI 3	19,9236	15	12	12	3	8	69,9236	0			NAKES	NAKES	NAKES				Nakes R. PBH LANTAI 3
848	DEWI YANI, Amd.Keb	Nakes	VII	2858800	500000	5	4	4	1	2	R. PBH LANTAI 3	17,1528	15	12	12	3	8	67,1528	0			NAKES	NAKES	NAKES				Nakes R. PBH LANTAI 3
849	Imam Khudori, A.Md.Kep	Nakes	II/d	2889800	500000	5	4	4	1	2	R. PBH LANTAI 3	17,3388	15	12	12	3	8	67,3388	0			NAKES	NAKES	NAKES				Nakes R. PBH LANTAI 3
850	Ns. ARDHIKA RENDY KURNIA, S.Kep	Nakes	X	3339100	500000	7	4	4	1	2	R. PBH LANTAI 3	20,0346	21	12	12	3	8	76,0346	0,05			NAKES	NAKES	NAKES				Nakes R. PBH LANTAI 3
851	Ns. DEA TRI SEPTIANA, S.Kep	Nakes	X	3339100	500000	7	4	4	1	2	R. PBH LANTAI 3	20,0346	21	12	12	3	8	76,0346	0			NAKES	NAKES	NAKES				Nakes R. PBH LANTAI 3
852	Reni Yuliana, A.md.Keb	Nakes	VII	2858800	500000	5	4	4	1	2	R. PBH LANTAI 3	17,1528	15	12	12	3	8	67,1528	0			NAKES	NAKES	NAKES				Nakes R. PBH LANTAI 3
853	RISDIANI, Amd.Kep	Nakes	VII	2858800	500000	5	4	4	1	2	R. PBH LANTAI 3	17,1528	15	12	12	3	8	67,1528	0			NAKES	NAKES	NAKES				Nakes R. PBH LANTAI 3
854	SITI FATHONAH, Amd.Keb	Nakes	VIII	2858800	500000	5	4	4	1	2	R. PBH LANTAI 3	17,1528	15	12	12	3	8	67,1528	0,05			NAKES	NAKES	NAKES				Nakes R. PBH LANTAI 3
855	SRI HANDAYANI S, Amd.Kep	Nakes	VII	2858800	500000	5	4	4	1	2	R. PBH LANTAI 3	17,1528	15	12	12	3	8	67,1528	0,05			NAKES	NAKES	NAKES				Nakes R. PBH LANTAI 3
856	RIA KRISTIANA, Amd.Kep	Nakes	VII	2858800	500000	5	4	4	1	2	R. PBH LANTAI 3	17,1528	15	12	12	3	8	67,1528	0,05			NAKES	NAKES	NAKES				Nakes R. PBH LANTAI 3
857	Sugiarti, SST	Nakes	III/d	5022500	500000	6	4	4	1	2	R. PBH LANTAI 4	30,135	18	12	12	3	8	83,135	0			NAKES	NAKES	NAKES				Nakes R. PBH LANTAI 4
858	DEPITAYANA, Amd. Kep	Nakes	VII	2858800	500000	5	4	4	1	2	R. PBH LANTAI 4	17,1528	15	12	12	3	8	67,1528	0			NAKES	NAKES	NAKES				Nakes R. PBH LANTAI 4
859	DWYNA GUSTIN SARI, Amd.Kep	Nakes	VII	2858800	500000	5	4	4	1	2	R. PBH LANTAI 4	17,1528	15	12	12	3	8	67,1528	0			NAKES	NAKES	NAKES				Nakes R. PBH LANTAI 4
860	LIA ANGGRAINI, Amd. Kep	Nakes	VII	2858800	500000	5	4	4	1	2	R. PBH LANTAI 4	17,1528	15	12	12	3	8	67,1528	0			NAKES	NAKES	NAKES				Nakes R. PBH LANTAI 4
861	M. YASIN AGUNG NUGROHO, Amd. Kep	Nakes	VII	2858800	500000	5	4	4	1	2	R. PBH LANTAI 4	17,1528	15	12	12	3	8	67,1528	0			NAKES	NAKES	NAKES				Nakes R. PBH LANTAI 4
862	Ns. CHICA ANDRIANI, S.Tr. Kep	Nakes	X	3339100	500000	7	4	4	1	2	R. PBH LANTAI 4	20,0346	21	12	12	3	8	76,0346	0			NAKES	NAKES	NAKES				Nakes R. PBH LANTAI 4
863	NURITA, Amd,Kep	Nakes	VII	2858800	500000	5	4	4	1	2	R. PBH LANTAI 4	17,1528	15	12	12	3	8	67,1528	0			NAKES	NAKES	NAKES				Nakes R. PBH LANTAI 4
864	REZA UTAMI MEILAN, Amd. Keb	Nakes	VII	2858800	500000	5	4	4	1	2	R. PBH LANTAI 4	17,1528	15	12	12	3	8	67,1528	0			NAKES	NAKES	NAKES				Nakes R. PBH LANTAI 4
865	SULISTIYOWATI, Amd,Kep	Nakes	VII	2858800	500000	5	4	4	1	2	R. PBH LANTAI 4	17,1528	15	12	12	3	8	67,1528	0,15			NAKES	NAKES	NAKES				Nakes R. PBH LANTAI 4
866	SURYA REZKI AMALLIA, Amd.Kep	Nakes	VII	2858800	500000	5	4	4	1	2	R. PBH LANTAI 4	17,1528	15	12	12	3	8	67,1528	0			NAKES	NAKES	NAKES				Nakes R. PBH LANTAI 4
867	UCHI DEBI SILVIA, S.ST	Nakes	IX	3203600	500000	6	4	4	1	2	R. PBH LANTAI 4	19,2216	18	12	12	3	8	72,2216	0,05			NAKES	NAKES	NAKES				Nakes R. PBH LANTAI 4
868	Ns. ASMAWATI, S.KEP	Nakes	IV/a	5235000	500000	7	4	4	1	2	R. PBH LANTAI 4	31,41	21	12	12	3	8	87,41	0,05			NAKES	NAKES	NAKES				Nakes R. PBH LANTAI 4
869	WINDA KUMALA SARI, Amd.Kep	Nakes	VII	2858800	500000	5	4	4	1	2	R. PBH LANTAI 3	17,1528	15	12	12	3	8	67,1528	0,05			NAKES	NAKES	NAKES				Nakes R. PBH LANTAI 3
870	AJENG ANDARINI, Amd. Kep	Nakes	VII	2858800	500000	5	4	4	1	2	R. BEDAH	17,1528	15	12	12	3	8	67,1528	0,05			NAKES	NAKES	NAKES				Nakes R. BEDAH
871	ANDIKA SAPUTRA, Amd.Kep	Nakes	VII	2858800	500000	5	12	12	1	2	INSTALASI HEMODIALISA	17,1528	15	36	36	3	8	115,1528	0,05			NAKES	NAKES	NAKES				Nakes INSTALASI HEMODIALISA
872	ASLIASARI, A.MD. KEP	Nakes	III/c	4390700	500000	5	4	4	1	2	R. BEDAH	26,3442	15	12	12	3	8	76,3442	0			NAKES	NAKES	NAKES				Nakes R. BEDAH
873	AULIA ULFA, Amd.Kep	Nakes	II/c	2564200	500000	5	4	4	1	2	R. BEDAH	15,3852	15	12	12	3	8	65,3852	0			NAKES	NAKES	NAKES				Nakes R. BEDAH
874	AYU WIDYA NINGTYA, Amd. Kep	Nakes	VII	2858800	500000	5	4	4	1	2	R. BEDAH	17,1528	15	12	12	3	8	67,1528	0			NAKES	NAKES	NAKES				Nakes R. BEDAH
875	BAGUS SADEWA, Amd.Kep	Nakes	VII	2858800	500000	5	4	4	1	2	R. BEDAH	17,1528	15	12	12	3	8	67,1528	0			NAKES	NAKES	NAKES				Nakes R. BEDAH
876	CITRA YUNISA FIRDALINA, S.Tr.Keb	Nakes	IX	3203600	500000	6	4	4	1	2	R. BEDAH	19,2216	18	12	12	3	8	72,2216	0			NAKES	NAKES	NAKES				Nakes R. BEDAH
877	DEBY YUNITA, S.Tr.Keb	Nakes	IX	3203600	500000	6	4	4	1	2	R. BEDAH	19,2216	18	12	12	3	8	72,2216	0,05			NAKES	NAKES	NAKES				Nakes R. BEDAH
878	DESMIYANTI, A.MD.KEP	Nakes	III/b	3959200	500000	5	4	4	1	2	R. THT	23,7552	15	12	12	3	8	73,7552	0,15			NAKES	NAKES	NAKES				Nakes R. THT
879	DWI FITRIA LETHA. Amd. Kep	Nakes	VII	2858800	500000	5	4	4	1	2	R. BEDAH	17,1528	15	12	12	3	8	67,1528	0			NAKES	NAKES	NAKES				Nakes R. BEDAH
880	EMMA RAHMI, Amd.Kep	Nakes	VII	2858800	500000	5	4	4	1	2	R. BEDAH	17,1528	15	12	12	3	8	67,1528	0			NAKES	NAKES	NAKES				Nakes R. BEDAH
881	ERVALIANA SUFANDARI E, Amd.Kep	Nakes	VII	2858800	500000	5	4	4	1	2	R. BEDAH	17,1528	15	12	12	3	8	67,1528	0			NAKES	NAKES	NAKES				Nakes R. BEDAH
882	FADHEL SYAMSU ANWAR, Amd.Kep	Nakes	VII	2858800	500000	5	4	4	1	2	R. BEDAH	17,1528	15	12	12	3	8	67,1528	0			NAKES	NAKES	NAKES				Nakes R. BEDAH
883	FANNY MALINDA, Amd.Kep	Nakes	VII	2858800	500000	5	4	4	1	2	R. BEDAH	17,1528	15	12	12	3	8	67,1528	0			NAKES	NAKES	NAKES				Nakes R. BEDAH
884	FERA ASTARINA, A.MD. KEP	Nakes	II/c	2564200	500000	5	4	4	1	2	R. BEDAH	15,3852	15	12	12	3	8	65,3852	0,05			NAKES	NAKES	NAKES				Nakes R. BEDAH
885	HENDRI SAPUTRA. Amd.Kep	Nakes	VII	2858800	500000	5	6	4	1	2	R. PINERE	17,1528	15	18	12	3	8	73,1528	0			NAKES	NAKES	NAKES				Nakes R. PINERE
886	Hertati, A.Md.Kep	Nakes	II/d	3320600	500000	5	4	4	1	2	R. THT	19,9236	15	12	12	3	8	69,9236	0,05			NAKES	NAKES	NAKES				Nakes R. THT
887	MARIA SELFI, Amd.Kep	Nakes	VII	2858800	500000	5	4	4	1	2	R. BEDAH	17,1528	15	12	12	3	8	67,1528	0,05			NAKES	NAKES	NAKES				Nakes R. BEDAH
888	Ns. DENI KURNIAWAN, S.Tr. Kep	Nakes	X	3339100	500000	7	4	4	1	2	R. BEDAH	20,0346	21	12	12	3	8	76,0346	0			NAKES	NAKES	NAKES				Nakes R. BEDAH
889	Ns. FRANSISCO BAGUS P, S.Kep	Nakes	X	3339100	500000	7	12	6	1	2	R. ONKOLOGI TERPADU (KHEMOTERAPI)	20,0346	21	36	18	3	8	106,0346	0			NAKES	NAKES	NAKES				Nakes R. ONKOLOGI TERPADU (KHEMOTERAPI)
890	Ns. Laila Sari, S.Kep	Nakes	III/d	4301208	500000	7	4	4	1	2	R. BEDAH	25,807248	21	12	12	3	8	81,807248	0,05			NAKES	NAKES	NAKES				Nakes R. BEDAH
891	Ns. NOVIANTI, S.KEP	Nakes	III/b	3390500	500000	6	4	4	1	2	R. PENYAKIT DALAM NON INFEKSIUS	20,343	18	12	12	3	8	73,343	0			NAKES	NAKES	NAKES				Nakes R. PELAYANAN JANTUNG TERPADU KLINIS
892	NURLIAN TIPTIANI K, Amd.Kep	Nakes	VII	2858800	500000	5	4	4	1	2	R. BEDAH	17,1528	15	12	12	3	8	67,1528	0			NAKES	NAKES	NAKES				Nakes R. BEDAH
893	RAISA RITA DWINA, A.Md.Kep	Nakes	II/d	2843700	500000	5	4	4	1	2	R. BEDAH	17,0622	15	12	12	3	8	67,0622	0			NAKES	NAKES	NAKES				Nakes R. BEDAH
894	RIZKI RAMADHAN JAYA, Amd.Kep	Nakes	VII	2858800	500000	5	6	4	1	2	R. PINERE	17,1528	15	18	12	3	8	73,1528	0			NAKES	NAKES	NAKES				Nakes R. PINERE
895	ROSI INDAH ASDALENA,Amd.Kep	Nakes	VII	2858800	500000	5	4	4	1	2	R. BEDAH	17,1528	15	12	12	3	8	67,1528	0,05			NAKES	NAKES	NAKES				Nakes R. BEDAH
896	SITI MAYSAROH, Amd.Kep	Nakes	VII	2858800	500000	5	4	4	1	2	R. BEDAH	17,1528	15	12	12	3	8	67,1528	0,05			NAKES	NAKES	NAKES				Nakes R. BEDAH
897	Srinora Manurung, A.Md.Kep	Nakes	III/a	2920100	500000	5	4	4	1	2	R. BEDAH	17,5206	15	12	12	3	8	67,5206	0			NAKES	NAKES	NAKES				Nakes R. BEDAH
898	Surati, SST	Nakes	IV/b	5289800	500000	6	4	4	1	2	R. BEDAH	31,7388	18	12	12	3	8	84,7388	0			NAKES	NAKES	NAKES				Nakes R. BEDAH
899	TIWI PUSPITA SARI, Amd.Kep	Nakes	VII	2858800	500000	5	4	4	1	2	R. BEDAH	17,1528	15	12	12	3	8	67,1528	0			NAKES	NAKES	NAKES				Nakes R. BEDAH
900	TOMY SEPTIAN PRANATA, Amd,Kep	Nakes	VII	2858800	500000	5	4	4	1	2	R. BEDAH	17,1528	15	12	12	3	8	67,1528	0			NAKES	NAKES	NAKES				Nakes R. BEDAH
901	ZUBAIDAH, AMD.KEP	Nakes	II/c	2564200	500000	5	4	4	1	2	R. BEDAH	15,3852	15	12	12	3	8	65,3852	0,05			NAKES	NAKES	NAKES				Nakes R. BEDAH
902	Bina Riani	Nakes	II/d	3185800	500000	3	4	4	1	2	R. PENYAKIT DALAM NON INFEKSIUS	19,1148	9	12	12	3	8	63,1148	0			NAKES	NAKES	NAKES				Nakes R. PENYAKIT DALAM NON INFEKSIUS
903	CITRA ARIANTI, Amd.Keb	Nakes	VII	2858800	500000	5	4	4	1	2	R. PENYAKIT DALAM NON INFEKSIUS	17,1528	15	12	12	3	8	67,1528	0			NAKES	NAKES	NAKES				Nakes R. PENYAKIT DALAM NON INFEKSIUS
904	Dahlia Ningsih, A.Md.Kep	Nakes	III/c	4256600	500000	5	4	4	1	2	R. PENYAKIT DALAM NON INFEKSIUS	25,5396	15	12	12	3	8	75,5396	0,05			NAKES	NAKES	NAKES				Nakes R. PENYAKIT DALAM NON INFEKSIUS
905	DIAN CERIA SARI, A.Md.Kep	Nakes	II/d	2843700	500000	5	4	4	1	2	R. PENYAKIT DALAM NON INFEKSIUS	17,0622	15	12	12	3	8	67,0622	0			NAKES	NAKES	NAKES				Nakes R. PENYAKIT DALAM NON INFEKSIUS
906	DINA MIRANDA, S.Kep	Nakes	III/a	3607500	500000	5	4	4	1	2	R. PENYAKIT DALAM NON INFEKSIUS	21,645	15	12	12	3	8	71,645	0			NAKES	NAKES	NAKES				Nakes R. PENYAKIT DALAM NON INFEKSIUS
907	Dobi Nurmanita, Amd.Kep	Nakes	III/b	3390500	500000	5	4	4	1	2	R. PENYAKIT DALAM NON INFEKSIUS	20,343	15	12	12	3	8	70,343	0			NAKES	NAKES	NAKES				Nakes R. PENYAKIT DALAM NON INFEKSIUS
908	FERDARA RANTIKA. AN, Amd.Kep	Nakes	VII	2858800	500000	5	4	4	1	2	R. PENYAKIT DALAM NON INFEKSIUS	17,1528	15	12	12	3	8	67,1528	0			NAKES	NAKES	NAKES				Nakes R. PENYAKIT DALAM NON INFEKSIUS
909	GALIH NUGROHO, AMD. Kep	Nakes	VII	2858800	500000	5	4	4	1	2	R. PENYAKIT DALAM NON INFEKSIUS	17,1528	15	12	12	3	8	67,1528	0,05			NAKES	NAKES	NAKES				Nakes R. PENYAKIT DALAM NON INFEKSIUS
910	Hepy Mardiana, A.Md.Kep	Nakes	III/b	3238300	500000	5	4	4	1	2	R. PENYAKIT DALAM NON INFEKSIUS	19,4298	15	12	12	3	8	69,4298	0,05			NAKES	NAKES	NAKES				Nakes R. PENYAKIT DALAM NON INFEKSIUS
911	ISTIQOMAH, Amd. Kep	Nakes	VII	2858800	500000	5	4	4	1	2	R. PENYAKIT DALAM NON INFEKSIUS	17,1528	15	12	12	3	8	67,1528	0,05			NAKES	NAKES	NAKES				Nakes R. PENYAKIT DALAM NON INFEKSIUS
912	LAILATUL RAHMAH, A.MD. KEP	Nakes	II/c	2645000	500000	5	4	4	1	2	R. PENYAKIT DALAM NON INFEKSIUS	15,87	15	12	12	3	8	65,87	0,05			NAKES	NAKES	NAKES				Nakes R. PENYAKIT DALAM NON INFEKSIUS
913	NOKA RIZANA, Amd.Kep	Nakes	VII	2858800	500000	5	4	4	1	2	R. PENYAKIT DALAM NON INFEKSIUS	17,1528	15	12	12	3	8	67,1528	0			NAKES	NAKES	NAKES				Nakes R. PENYAKIT DALAM NON INFEKSIUS
914	NOVIYANA, Amd.Kep	Nakes	VII	2858800	500000	5	4	4	1	2	R. PENYAKIT DALAM NON INFEKSIUS	17,1528	15	12	12	3	8	67,1528	0			NAKES	NAKES	NAKES				Nakes R. PENYAKIT DALAM NON INFEKSIUS
915	Ns, ANWAR ROSYID, S.Kep	Nakes	X	3339100	500000	7	4	4	1	2	R. PENYAKIT DALAM NON INFEKSIUS	20,0346	21	12	12	3	8	76,0346	0,05			NAKES	NAKES	NAKES				Nakes R. PENYAKIT DALAM NON INFEKSIUS
916	Ns.Elida Gusti, S.Kep	Nakes	III/b	3390500	500000	7	4	4	1	2	R. PENYAKIT DALAM NON INFEKSIUS	20,343	21	12	12	3	8	76,343	0,05			NAKES	NAKES	NAKES				Nakes R. PENYAKIT DALAM NON INFEKSIUS
917	OKTIA HAENI, Amd.Kep	Nakes	VII	2858800	500000	5	4	4	1	2	R. PENYAKIT DALAM NON INFEKSIUS	17,1528	15	12	12	3	8	67,1528	0			NAKES	NAKES	NAKES				Nakes R. PENYAKIT DALAM NON INFEKSIUS
918	Rika Tri Purwanti, A.md.Keb	Nakes	VII	2858800	500000	5	4	4	1	2	R. PENYAKIT DALAM NON INFEKSIUS	17,1528	15	12	12	3	8	67,1528	0			NAKES	NAKES	NAKES				Nakes R. PENYAKIT DALAM NON INFEKSIUS
919	Ns.Sarwanto, S. Kep	Nakes	II/d	3644300	500000	3	4	4	1	2	R. PENYAKIT DALAM NON INFEKSIUS	21,8658	9	12	12	3	8	65,8658	0,05			NAKES	NAKES	NAKES				Nakes R. PENYAKIT DALAM NON INFEKSIUS
920	SELVIANI MALLA SARI, Amd,Keb	Nakes	VII	2858800	500000	5	4	4	1	2	R. PENYAKIT DALAM NON INFEKSIUS	17,1528	15	12	12	3	8	67,1528	0			NAKES	NAKES	NAKES				Nakes R. PENYAKIT DALAM NON INFEKSIUS
921	Siti Aminah, A.Md.Kep	Nakes	III/b	3497300	500000	5	4	4	1	2	R. PENYAKIT DALAM NON INFEKSIUS	20,9838	15	12	12	3	8	70,9838	0			NAKES	NAKES	NAKES				Nakes R. PENYAKIT DALAM NON INFEKSIUS
922	WIDIANA SARI, Amd. Kep	Nakes	VII	2858800	500000	5	4	4	1	2	R. PENYAKIT DALAM NON INFEKSIUS	17,1528	15	12	12	3	8	67,1528	0			NAKES	NAKES	NAKES				Nakes R. PENYAKIT DALAM NON INFEKSIUS
923	YUSMILA SARI, Amd.Kep	Nakes	VII	2858800	500000	5	4	4	1	2	R. PENYAKIT DALAM NON INFEKSIUS	17,1528	15	12	12	3	8	67,1528	0,05			NAKES	NAKES	NAKES				Nakes R. PENYAKIT DALAM NON INFEKSIUS
924	APRITA SARI, SST	Nakes	IX	3203600	500000	6	6	4	1	2	R. PENYAKIT DALAM INFEKSIUS	19,2216	18	18	12	3	8	78,2216	0			NAKES	NAKES	NAKES				Nakes R. PENYAKIT DALAM INFEKSIUS
925	ASRI LUTHFITA DEWI, Amd.Kep	Nakes	VII	2858800	500000	5	6	4	1	2	R. PENYAKIT DALAM INFEKSIUS	17,1528	15	18	12	3	8	73,1528	0			NAKES	NAKES	NAKES				Nakes R. PENYAKIT DALAM INFEKSIUS
926	EVA ZULHARIA, Amd.Keb	Nakes	VII	2858800	500000	5	6	4	1	2	R. PENYAKIT DALAM INFEKSIUS	17,1528	15	18	12	3	8	73,1528	0			NAKES	NAKES	NAKES				Nakes R. PENYAKIT DALAM INFEKSIUS
927	FERA SULISTIA, Amd.Kep	Nakes	VII	2858800	500000	5	6	4	1	2	R. PENYAKIT DALAM INFEKSIUS	17,1528	15	18	12	3	8	73,1528	0,05			NAKES	NAKES	NAKES				Nakes R. PENYAKIT DALAM INFEKSIUS
928	FITRIA WULANDARI, Amd.Keb	Nakes	VII	2858800	500000	5	6	4	1	2	R. PENYAKIT DALAM INFEKSIUS	17,1528	15	18	12	3	8	73,1528	0			NAKES	NAKES	NAKES				Nakes R. PENYAKIT DALAM INFEKSIUS
929	INDRI LOVELY AURIA, S.Tr. Keb	Nakes	IX	3203600	500000	6	6	4	1	2	R. PENYAKIT DALAM INFEKSIUS	19,2216	18	18	12	3	8	78,2216	0,05			NAKES	NAKES	NAKES				Nakes R. PENYAKIT DALAM INFEKSIUS
930	Junaidi, A.Md.Kep	Nakes	III/d	4169900	500000	5	6	4	1	2	R. PENYAKIT DALAM INFEKSIUS	25,0194	15	18	12	3	8	81,0194	0,15			NAKES	NAKES	NAKES				Nakes R. PENYAKIT DALAM INFEKSIUS
931	Lia Agustina Makki, A.Md.Kep	Nakes	III/d	4576400	500000	5	6	4	1	2	R. PENYAKIT DALAM INFEKSIUS	27,4584	15	18	12	3	8	83,4584	0			NAKES	NAKES	NAKES				Nakes R. PENYAKIT DALAM INFEKSIUS
932	NENDEN KURNIASIH, A.Md. KEP	Nakes	VII	2858800	500000	5	6	4	1	2	R. PENYAKIT DALAM INFEKSIUS	17,1528	15	18	12	3	8	73,1528	0			NAKES	NAKES	NAKES				Nakes R. PENYAKIT DALAM INFEKSIUS
933	NOVIA DEWININGSIH, Amd.Kep	Nakes	VII	2858800	500000	5	6	4	1	2	R. PENYAKIT DALAM INFEKSIUS	17,1528	15	18	12	3	8	73,1528	0			NAKES	NAKES	NAKES				Nakes R. PENYAKIT DALAM INFEKSIUS
934	Ns. ANITA SURYA, S.Kep	Nakes	X	3339100	500000	7	6	4	1	2	R. PENYAKIT DALAM INFEKSIUS	20,0346	21	18	12	3	8	82,0346	0			NAKES	NAKES	NAKES				Nakes R. PENYAKIT DALAM INFEKSIUS
935	Ns. NISSA SEPTINA, S.Kep	Nakes	X	3339100	500000	7	6	4	1	2	R. PENYAKIT DALAM INFEKSIUS	20,0346	21	18	12	3	8	82,0346	0			NAKES	NAKES	NAKES				Nakes R. PENYAKIT DALAM INFEKSIUS
936	NURMALA HAYATI, Amd.Kep	Nakes	VII	2858800	500000	5	6	4	1	2	R. PENYAKIT DALAM INFEKSIUS	17,1528	15	18	12	3	8	73,1528	0			NAKES	NAKES	NAKES				Nakes R. PENYAKIT DALAM INFEKSIUS
937	NURMASARI, Amd.Kep	Nakes	VII	2858800	500000	5	6	4	1	2	R. PENYAKIT DALAM INFEKSIUS	17,1528	15	18	12	3	8	73,1528	0			NAKES	NAKES	NAKES				Nakes R. PENYAKIT DALAM INFEKSIUS
938	PERI LENI, Amd. Kep	Nakes	III/d	4169900	500000	5	6	4	1	2	R. PENYAKIT DALAM INFEKSIUS	25,0194	15	18	12	3	8	81,0194	0			NAKES	NAKES	NAKES				Nakes R. PENYAKIT DALAM INFEKSIUS
939	WAHYU MAHKOTA, Amd.Kep	Nakes	VII	2858800	500000	5	6	4	1	2	R. PENYAKIT DALAM INFEKSIUS	17,1528	15	18	12	3	8	73,1528	0			NAKES	NAKES	NAKES				Nakes R. PENYAKIT DALAM INFEKSIUS
940	ANJARWANI SEKAR L, Amd. Keb	Nakes	VII	2858800	500000	5	4	4	1	2	R. BEDAH	17,1528	15	12	12	3	8	67,1528	0			NAKES	NAKES	NAKES				Nakes R. BEDAH
941	BUDI MYLANDI, Amd.Kep	Nakes	VII	2858800	500000	5	6	4	1	2	R. PINERE	17,1528	15	18	12	3	8	73,1528	0,05			NAKES	NAKES	NAKES				Nakes R. PINERE
942	Dwi Harsono, A.Md.Kep	Nakes	III/c	4256600	500000	5	12	6	1	2	R. PBH LANTAI 1	25,5396	15	36	18	3	8	105,5396	0,05			NAKES	NAKES	NAKES				Nakes R. PBH LANTAI 1
943	INTAN AGUSTINA. Amd.Keb	Nakes	VII	2858800	500000	5	6	4	1	2	R. PINERE	17,1528	15	18	12	3	8	73,1528	0,05			NAKES	NAKES	NAKES				Nakes R. PINERE
944	Putra Aji Wibawa, A.Md. Kep	Nakes	II/d	3320600	500000	5	6	4	1	2	R. PINERE	19,9236	15	18	12	3	8	75,9236	0			NAKES	NAKES	NAKES				Nakes R. PINERE
945	TRI UTARI, A.MD. KEP	Nakes	II/c	2564200	500000	5	6	4	1	2	R. PINERE	15,3852	15	18	12	3	8	71,3852	0			NAKES	NAKES	NAKES				Nakes R. PINERE
946	ADE FEBRI SARTIAN, SST	Nakes	IX	3203600	500000	6	6	4	1	2	R. PINERE	19,2216	18	18	12	3	8	78,2216	0,05			NAKES	NAKES	NAKES				Nakes R. PINERE
947	DIAN ANDRIANI, Amd.Kep	Nakes	VII	2858800	500000	5	6	4	1	2	R. PINERE	17,1528	15	18	12	3	8	73,1528	0			NAKES	NAKES	NAKES				Nakes R. PINERE
948	DIENA PUSPITA SARI, S.Keb. Bd	Nakes	IX	3203600	500000	7	4	4	1	2	R. BEDAH	19,2216	21	12	12	3	8	75,2216	0			NAKES	NAKES	NAKES				Nakes R. BEDAH
949	RINA ELA PRIANA SARI, Amd.Kep	Nakes	VII	2858800	500000	5	6	4	1	2	R. PINERE	17,1528	15	18	12	3	8	73,1528	0			NAKES	NAKES	NAKES				Nakes R. PINERE
950	ROBBI'ATUL ADAWIYAH, Amd.Kep	Nakes	VII	2858800	500000	5	6	4	1	2	R. PINERE	17,1528	15	18	12	3	8	73,1528	0			NAKES	NAKES	NAKES				Nakes R. PINERE
951	VITA VERIA EKA PUTRI, Amd.Kep	Nakes	VII	2858800	500000	5	6	4	1	2	R. PINERE	17,1528	15	18	12	3	8	73,1528	0,05			NAKES	NAKES	NAKES				Nakes R. PINERE
952	ANDI RIYADI, A.MD. KEP	Nakes	II/c	2564200	500000	5	12	6	1	2	R. CVCU JANTUNG	15,3852	15	36	18	3	8	95,3852	0			NAKES	NAKES	NAKES				Nakes R. CVCU JANTUNG
953	DIAH MULYATI SUGA, A.MD.KEP	Nakes	II/c	2645000	500000	5	12	6	1	2	R. CVCU JANTUNG	15,87	15	36	18	3	8	95,87	0,05			NAKES	NAKES	NAKES				Nakes R. CVCU JANTUNG
954	FAHRIYANSYAH, Amd.Kep	Nakes	VII	2858800	500000	5	12	6	1	2	R. CVCU JANTUNG	17,1528	15	36	18	3	8	97,1528	0			NAKES	NAKES	NAKES				Nakes R. CVCU JANTUNG
955	HARIS SAFARI, A.MD.KEP	Nakes	II/c	2564200	500000	5	12	6	1	2	R. CVCU JANTUNG	15,3852	15	36	18	3	8	95,3852	0,05			NAKES	NAKES	NAKES				Nakes R. CVCU JANTUNG
956	HERAYANTI, Amd. Kep	Nakes	VII	2858800	500000	5	12	6	1	2	R. CVCU JANTUNG	17,1528	15	36	18	3	8	97,1528	0			NAKES	NAKES	NAKES				Nakes R. CVCU JANTUNG
957	M. Agung Dwi Huda, A.Md.Kep	Nakes	II/d	2889800	500000	5	12	6	1	2	R. CVCU JANTUNG	17,3388	15	36	18	3	8	97,3388	0			NAKES	NAKES	NAKES				Nakes R. CVCU JANTUNG
958	MONANG HALOMOAN HUTABARAT A.MD.KEP	Nakes	II/c	2645000	500000	5	12	6	1	2	R. CVCU JANTUNG	15,87	15	36	18	3	8	95,87	0			NAKES	NAKES	NAKES				Nakes R. CVCU JANTUNG
959	Ns. SITI NURLAELY, S.Kep	Nakes	X	3339100	500000	7	12	6	1	2	R. CVCU JANTUNG	20,0346	21	36	18	3	8	106,0346	0			NAKES	NAKES	NAKES				Nakes R. CVCU JANTUNG
960	Ns. STEVIAN AHMAD Y, S.Kep	Nakes	X	3339100	500000	7	12	6	1	2	R. CVCU JANTUNG	20,0346	21	36	18	3	8	106,0346	0			NAKES	NAKES	NAKES				Nakes R. CVCU JANTUNG
961	Ns. Zainab, S.Kep	Nakes	III/c	4256600	500000	7	12	6	1	2	R. CVCU JANTUNG	25,5396	21	36	18	3	8	111,5396	0			NAKES	NAKES	NAKES				Nakes R. CVCU JANTUNG
962	PUJI RAHARJO, Amd. Kep	Nakes	VII	2858800	500000	5	12	6	1	2	R. CVCU JANTUNG	17,1528	15	36	18	3	8	97,1528	0,05			NAKES	NAKES	NAKES				Nakes R. CVCU JANTUNG
963	AHMAD AMRIZAL , Amd.Kep	Nakes	VII	2858800	500000	5	6	12	1	2	IGD	17,1528	15	18	36	3	8	97,1528	0			NAKES	NAKES	NAKES				Nakes IGD
964	ANDORIA SILVIA BR. M, AMD.KEP	Nakes	III/c	3704300	500000	5	6	12	1	2	IGD	22,2258	15	18	36	3	8	102,2258	0			NAKES	NAKES	NAKES				Nakes IGD
965	ARSINOTO, Amd.Kep	Nakes	VII	2858800	500000	5	6	12	1	2	IGD	17,1528	15	18	36	3	8	97,1528	0			NAKES	NAKES	NAKES				Nakes IGD
966	ASY SYAKUURU DEVI ANA, Amd.Kep	Nakes	VII	2858800	500000	5	6	12	1	2	IGD	17,1528	15	18	36	3	8	97,1528	0,15			NAKES	NAKES	NAKES				Nakes IGD
967	BAYU INDRA SETIAWAN, A.MD.KEP	Nakes	II/c	2564200	500000	5	6	12	1	2	IGD	15,3852	15	18	36	3	8	95,3852	0,05			NAKES	NAKES	NAKES				Nakes IGD
968	DANI PRASETYO, A.MD.KEP	Nakes	II/c	2564200	500000	5	6	12	1	2	IGD	15,3852	15	18	36	3	8	95,3852	0,05			NAKES	NAKES	NAKES				Nakes IGD
969	Dea Yudha Anggisa, S.Keb	Nakes	III/b	3139400	500000	6	6	12	1	2	IGD	18,8364	18	18	36	3	8	101,8364	0,05			NAKES	NAKES	NAKES				Nakes IGD
970	DEFI PERMATA SARI, A.MD.KEP	Nakes	II/c	2564200	500000	5	6	12	1	2	IGD	15,3852	15	18	36	3	8	95,3852	0,05			NAKES	NAKES	NAKES				Nakes IGD
971	Dessy Oktaviana, A.md.Kep	Nakes	III/a	3461100	500000	5	6	12	1	2	IGD	20,7666	15	18	36	3	8	100,7666	0,05			NAKES	NAKES	NAKES				Nakes IGD
972	EDY PURWANTO, A.Md.Kep	Nakes	II/d	3759100	500000	5	6	12	1	2	IGD	22,5546	15	18	36	3	8	102,5546	0,05			NAKES	NAKES	NAKES				Nakes IGD
973	ENDRO SUSANTO, S.Kep,Ns	Nakes	X	3339100	500000	7	6	12	1	2	IGD	20,0346	21	18	36	3	8	106,0346	0,05			NAKES	NAKES	NAKES				Nakes IGD
974	ERIS RETNOWATI, A.MD.KEP	Nakes	II/d	3644300	500000	5	6	12	1	2	IGD	21,8658	15	18	36	3	8	101,8658	0			NAKES	NAKES	NAKES				Nakes IGD
975	GUSTIAWATI ZUBAINI, Amd.Keb	Nakes	VII	2858800	500000	5	6	12	1	2	IGD	17,1528	15	18	36	3	8	97,1528	0			NAKES	NAKES	NAKES				Nakes IGD
976	KING WANGSA OBIKA, Amd.Kep	Nakes	VII	2858800	500000	5	6	12	1	2	IGD	17,1528	15	18	36	3	8	97,1528	0			NAKES	NAKES	NAKES				Nakes IGD
977	MEGA ANGGRIA DARMAWAN, Amd.Kep	Nakes	II/c	2564200	500000	5	6	12	1	2	IGD	15,3852	15	18	36	3	8	95,3852	0			NAKES	NAKES	NAKES				Nakes IGD
978	MEILINDA UTAMI, Amd.Kep	Nakes	VII	2858800	500000	5	6	12	1	2	IGD	17,1528	15	18	36	3	8	97,1528	0			NAKES	NAKES	NAKES				Nakes IGD
979	META AYU NOVITA, A.Md.Kep	Nakes	II/d	2843700	500000	5	6	12	1	2	IGD	17,0622	15	18	36	3	8	97,0622	0			NAKES	NAKES	NAKES				Nakes IGD
980	Mirnasari, S.Kep., Ners	Nakes	III/b	3390500	500000	7	6	12	1	2	IGD	20,343	21	18	36	3	8	106,343	0			NAKES	NAKES	NAKES				Nakes IGD
981	MUTIARA AYU PUTRI R, Amd.Kep	Nakes	VII	2858800	500000	5	6	12	1	2	IGD	17,1528	15	18	36	3	8	97,1528	0			NAKES	NAKES	NAKES				Nakes IGD
982	NANDA TRI OKTAVIA, Amd.Kep	Nakes	VII	2858800	500000	5	6	12	1	2	IGD	17,1528	15	18	36	3	8	97,1528	0,05			NAKES	NAKES	NAKES				Nakes IGD
983	NAURI ZULFA, Amd.Keb	Nakes	VII	2858800	500000	5	6	12	1	2	IGD	17,1528	15	18	36	3	8	97,1528	0,05			NAKES	NAKES	NAKES				Nakes IGD
984	Ns. Dewi Andriani, S.Kep	Nakes	IV/b	5128300	500000	7	6	12	1	2	IGD	30,7698	21	18	36	3	8	116,7698	0			NAKES	NAKES	NAKES				Nakes IGD
985	Ns. DWI NOVITA SARI,S.Kep	Nakes	X	3339100	500000	7	6	12	1	2	IGD	20,0346	21	18	36	3	8	106,0346	0,15			NAKES	NAKES	NAKES				Nakes IGD
986	Ns. DWI PUTRI PERTIWI, S.Kep	Nakes	X	3339100	500000	7	6	12	1	2	IGD	20,0346	21	18	36	3	8	106,0346	0,05			NAKES	NAKES	NAKES				Nakes IGD
987	Ns. JUHANDA DWI SAPUTRA, S.Kep	Nakes	X	3339100	500000	7	6	12	1	2	IGD	20,0346	21	18	36	3	8	106,0346	0,05			NAKES	NAKES	NAKES				Nakes IGD
988	Ns. SRI YULIANI, S.Kep	Nakes	X	3339100	500000	7	6	12	1	2	IGD	20,0346	21	18	36	3	8	106,0346	0,05			NAKES	NAKES	NAKES				Nakes IGD
989	Ns. Susi Lestari, S.Kep	Nakes	III/c	3760100	500000	7	6	12	1	2	IGD	22,5606	21	18	36	3	8	108,5606	0			NAKES	NAKES	NAKES				Nakes IGD
990	Rabiul Anwar, A.Md.Kep	Nakes	III/b	3012000	500000	5	6	12	1	2	IGD	18,072	15	18	36	3	8	98,072	0			NAKES	NAKES	NAKES				Nakes IGD
991	Rahmah Nurkhasanah, A.Md.Kep	Nakes	III/b	3607500	500000	5	6	12	1	2	IGD	21,645	15	18	36	3	8	101,645	0,05			NAKES	NAKES	NAKES				Nakes IGD
992	RESTI AISYAH,A.MD. KEP	Nakes	II/c	2564200	500000	5	6	12	1	2	IGD	15,3852	15	18	36	3	8	95,3852	0,05			NAKES	NAKES	NAKES				Nakes IGD
993	RINI AINUL FITRI, Amd.Keb	Nakes	VII	2858800	500000	5	6	12	1	2	IGD	17,1528	15	18	36	3	8	97,1528	0,05			NAKES	NAKES	NAKES				Nakes IGD
994	SRI WURYANTI, Amd.Kep	Nakes	VII	2858800	500000	5	6	12	1	2	IGD	17,1528	15	18	36	3	8	97,1528	0,05			NAKES	NAKES	NAKES				Nakes IGD
995	SULAINI, Amd.Kep	Nakes	VII	2858800	500000	5	6	12	1	2	IGD	17,1528	15	18	36	3	8	97,1528	0,05			NAKES	NAKES	NAKES				Nakes IGD
996	SURYO WIBOWO.Amd.Kep	Nakes	VII	2858800	500000	5	6	12	1	2	IGD	17,1528	15	18	36	3	8	97,1528	0			NAKES	NAKES	NAKES				Nakes IGD
997	ULFA HESTI APRIYANTI, A.Md.Kep	Nakes	II/c	2728300	500000	5	6	12	1	2	IGD	16,3698	15	18	36	3	8	96,3698	0,05			NAKES	NAKES	NAKES				Nakes IGD
998	WINDAH ARIYANI, A.MD. KEP	Nakes	II/c	2645200	500000	5	6	12	1	2	IGD	15,8712	15	18	36	3	8	95,8712	0			NAKES	NAKES	NAKES				Nakes IGD
999	YUNI SABTIANI, A.Md.Kep	Nakes	II/d	2843700	500000	5	6	12	1	2	IGD	17,0622	15	18	36	3	8	97,0622	0,05			NAKES	NAKES	NAKES				Nakes IGD
1000	Anggiasari Hayani, A.Md.Keb	Nakes	III/b	3287000	500000	5	6	12	1	2	PONEK IGD	19,722	15	18	36	3	8	99,722	0			NAKES	NAKES	NAKES				Nakes PONEK IGD
1001	AYU ANGGRAINI, S.Tr. Keb	Nakes	IX	3203600	500000	6	6	12	1	2	PONEK IGD	19,2216	18	18	36	3	8	102,2216	0			NAKES	NAKES	NAKES				Nakes PONEK IGD
1002	AYU PRATIWI, Amd. Keb	Nakes	VII	2858800	500000	5	6	12	1	2	PONEK IGD	17,1528	15	18	36	3	8	97,1528	0,05			NAKES	NAKES	NAKES				Nakes PONEK IGD
1003	Bdn. Emiliya, S.ST., M.KM	Nakes	IV/c	5866400	500000	8	6	12	1	2	PONEK IGD	35,1984	24	18	36	3	8	124,1984	0,05			NAKES	NAKES	NAKES				Nakes PONEK IGD
1004	Eka Yunita Sari, Amd.Keb	Nakes	III/b	3497300	500000	5	6	12	1	2	PONEK IGD	20,9838	15	18	36	3	8	100,9838	0,05			NAKES	NAKES	NAKES				Nakes PONEK IGD
1005	Jihad Afana, A.Md.Keb	Nakes	III/b	3497300	500000	5	6	12	1	2	PONEK IGD	20,9838	15	18	36	3	8	100,9838	0,05			NAKES	NAKES	NAKES				Nakes PONEK IGD
1006	MAHARANI CAHYA KUSUMA, S.Tr.Keb	Nakes	IX	3203600	500000	6	6	12	1	2	PONEK IGD	19,2216	18	18	36	3	8	102,2216	0			NAKES	NAKES	NAKES				Nakes PONEK IGD
1007	Merisya, A.Md.Keb	Nakes	VII	2858800	500000	5	6	12	1	2	PONEK IGD	17,1528	15	18	36	3	8	97,1528	0,05			NAKES	NAKES	NAKES				Nakes PONEK IGD
1008	NOPI TAMALA, Amd.Keb	Nakes	VII	2858800	500000	5	6	12	1	2	PONEK IGD	17,1528	15	18	36	3	8	97,1528	0,15			NAKES	NAKES	NAKES				Nakes PONEK IGD
1009	PRICILLIA RAHAYU, S.Tr.Keb	Nakes	III/b	3186600	500000	6	6	12	1	2	PONEK IGD	19,1196	18	18	36	3	8	102,1196	0,05			NAKES	NAKES	NAKES				Nakes PONEK IGD
1010	RAFIKA OKTAVIANI, S.Tr.Keb	Nakes	IX	3203600	500000	6	6	12	1	2	PONEK IGD	19,2216	18	18	36	3	8	102,2216	0,05			NAKES	NAKES	NAKES				Nakes PONEK IGD
1011	RETNO HAYU PANGESTI, S.Tr.Keb	Nakes	III/b	3186600	500000	6	6	12	1	2	PONEK IGD	19,1196	18	18	36	3	8	102,1196	0,05			NAKES	NAKES	NAKES				Nakes PONEK IGD
1012	RINDI ANTIKA, A.MD.KEB	Nakes	IX	3203600	500000	6	6	12	1	2	PONEK IGD	19,2216	18	18	36	3	8	102,2216	0,05			NAKES	NAKES	NAKES				Nakes PONEK IGD
1013	RISKA PUJA KESUMA, S.ST	Nakes	III/d	4301200	500000	6	6	12	1	2	PONEK IGD	25,8072	18	18	36	3	8	108,8072	0,15			NAKES	NAKES	NAKES				Nakes PONEK IGD
1014	SELVI RHOMAWATI. Amd.Keb	Nakes	VII	2858800	500000	5	6	12	1	2	PONEK IGD	17,1528	15	18	36	3	8	97,1528	0,05			NAKES	NAKES	NAKES				Nakes PONEK IGD
1015	Susi Ekowati, A.Md.Keb	Nakes	III/b	3139400	500000	5	6	12	1	2	PONEK IGD	18,8364	15	18	36	3	8	98,8364	0,05			NAKES	NAKES	NAKES				Nakes PONEK IGD
1016	KASWANDA. Amd. Kep	Nakes	VII	2858800	500000	5	6	4	1	2	R. PINERE	17,1528	15	18	12	3	8	73,1528	0,05			NAKES	NAKES	NAKES				Nakes R. PINERE
1017	Bekti Noviandari, Amd. Kep	Nakes	III/a	3355400	500000	5	12	12	1	2	INSTALASI BEDAH SENTRAL	20,1324	15	36	36	3	8	118,1324	0,15			NAKES	NAKES	NAKES				Nakes INSTALASI BEDAH SENTRAL
1018	BINTANG DAYA CAHYONO, Amd.Kep	Nakes	VII	2858800	500000	5	12	12	1	2	INSTALASI BEDAH SENTRAL	17,1528	15	36	36	3	8	115,1528	0,15			NAKES	NAKES	NAKES				Nakes INSTALASI BEDAH SENTRAL
1019	DAYU JAYSENDIRA, Amd.Kep	Nakes	VII	2858800	500000	5	12	12	1	2	INSTALASI BEDAH SENTRAL	17,1528	15	36	36	3	8	115,1528	0,15			NAKES	NAKES	NAKES				Nakes INSTALASI BEDAH SENTRAL
1020	EDY ARMANSYAH, A.Md.Kep	Nakes	III/b	4212500	500000	5	12	12	1	2	INSTALASI BEDAH SENTRAL	25,275	15	36	36	3	8	123,275	0,15			NAKES	NAKES	NAKES				Nakes INSTALASI BEDAH SENTRAL
1021	EKA DINA APRILIA, A.Md.KEP	Nakes	III/a	3012000	500000	5	12	12	1	2	INSTALASI BEDAH SENTRAL	18,072	15	36	36	3	8	116,072	0,15			NAKES	NAKES	NAKES				Nakes INSTALASI BEDAH SENTRAL
1022	Hardiyanto, SKM	Nakes	III/d	5180700	500000	6	12	12	1	2	INSTALASI BEDAH SENTRAL	31,0842	18	36	36	3	8	132,0842	0,15			NAKES	NAKES	NAKES				Nakes INSTALASI BEDAH SENTRAL
1023	Ns. Harys Sutanto, S.KEP	Nakes	III/c	4390700	500000	7	12	12	1	2	INSTALASI BEDAH SENTRAL	26,3442	21	36	36	3	8	130,3442	0,05			NAKES	NAKES	NAKES				Nakes INSTALASI BEDAH SENTRAL
1024	INDRI PURWANTI, Amd.Kep	Nakes	VII	2858800	500000	5	12	12	1	2	INSTALASI BEDAH SENTRAL	17,1528	15	36	36	3	8	115,1528	0,15			NAKES	NAKES	NAKES				Nakes INSTALASI BEDAH SENTRAL
1025	Isnaini, A.Md.Keb	Nakes	III/c	3760100	500000	5	12	12	1	2	INSTALASI BEDAH SENTRAL	22,5606	15	36	36	3	8	120,5606	0			NAKES	NAKES	NAKES				Nakes INSTALASI BEDAH SENTRAL
1026	Lucia Endang Partiningsih, SST	Nakes	IV/b	5456400	500000	6	12	12	1	2	INSTALASI BEDAH SENTRAL	32,7384	18	36	36	3	8	133,7384	0			NAKES	NAKES	NAKES				Nakes INSTALASI BEDAH SENTRAL
1027	M. Arief Budiman, A.Md.Kep	Nakes	III/a	3355400	500000	5	12	12	1	2	INSTALASI BEDAH SENTRAL	20,1324	15	36	36	3	8	118,1324	0,05			NAKES	NAKES	NAKES				Nakes INSTALASI BEDAH SENTRAL
1028	Ns. AGUNG OCTANIHANDO R,S.Tr.Kep	Nakes	III/b	2995000	500000	7	12	12	1	2	INSTALASI BEDAH SENTRAL	17,97	21	36	36	3	8	121,97	0,05			NAKES	NAKES	NAKES				Nakes INSTALASI BEDAH SENTRAL
1029	Ns. Anton Sugito, S.Kep	Nakes	III/d	4436700	500000	7	12	12	1	2	INSTALASI BEDAH SENTRAL	26,6202	21	36	36	3	8	130,6202	0,05			NAKES	NAKES	NAKES				Nakes INSTALASI BEDAH SENTRAL
1030	Ns. Dewi Puspita Sari, S.Kep	Nakes	III/b	3390500	500000	7	12	12	1	2	INSTALASI BEDAH SENTRAL	20,343	21	36	36	3	8	124,343	0,05			NAKES	NAKES	NAKES				Nakes INSTALASI BEDAH SENTRAL
1031	Ns. Endang Supriadi, S.Kep	Nakes	IV/a	4770000	500000	7	12	12	1	2	INSTALASI BEDAH SENTRAL	28,62	21	36	36	3	8	132,62	0			NAKES	NAKES	NAKES				Nakes INSTALASI BEDAH SENTRAL
1032	Ns. HENDRI GUNAWAN, S.Kep	Nakes	III/b	3721500	500000	7	12	12	1	2	INSTALASI BEDAH SENTRAL	22,329	21	36	36	3	8	126,329	0,05			NAKES	NAKES	NAKES				Nakes INSTALASI BEDAH SENTRAL
1033	Ns. Muhammad Yunus, S.Kep	Nakes	III/d	4720500	500000	7	12	12	1	2	INSTALASI BEDAH SENTRAL	28,323	21	36	36	3	8	132,323	0,15			NAKES	NAKES	NAKES				Nakes INSTALASI BEDAH SENTRAL
1034	Ns. PARIYES SUSANTO, S.KEP	Nakes	III/b	3959200	500000	7	12	12	1	2	INSTALASI BEDAH SENTRAL	23,7552	21	36	36	3	8	127,7552	0			NAKES	NAKES	NAKES				Nakes INSTALASI BEDAH SENTRAL
1035	Ns. RAFULUDDIN MUKHLISIN, S.Kep	Nakes	IV/b	5456400	500000	7	12	12	1	2	INSTALASI BEDAH SENTRAL	32,7384	21	36	36	3	8	136,7384	0			NAKES	NAKES	NAKES				Nakes INSTALASI BEDAH SENTRAL
1036	Ns. Sartono, S.Kep	Nakes	IV/a	4920200	500000	7	12	12	1	2	INSTALASI BEDAH SENTRAL	29,5212	21	36	36	3	8	133,5212	0,05			NAKES	NAKES	NAKES				Nakes INSTALASI BEDAH SENTRAL
1037	Ns. Susmiati Ningsih, S.Kep	Nakes	IV/b	5628300	500000	7	12	12	1	2	INSTALASI BEDAH SENTRAL	33,7698	21	36	36	3	8	137,7698	0			NAKES	NAKES	NAKES				Nakes INSTALASI BEDAH SENTRAL
1038	Ns. Yunizar, S.Kep	Nakes	IV/c	5687200	500000	7	12	12	1	2	INSTALASI BEDAH SENTRAL	34,1232	21	36	36	3	8	138,1232	0			NAKES	NAKES	NAKES				Nakes INSTALASI BEDAH SENTRAL
1039	Ns.Faizal Ali, S.Kep	Nakes	IV/a	4624300	500000	7	12	12	1	2	INSTALASI BEDAH SENTRAL	27,7458	21	36	36	3	8	131,7458	0,05			NAKES	NAKES	NAKES				Nakes INSTALASI BEDAH SENTRAL
1040	Ns.Firdaus, S.Kep	Nakes	IV/a	4624300	500000	7	12	12	1	2	INSTALASI BEDAH SENTRAL	27,7458	21	36	36	3	8	131,7458	0			NAKES	NAKES	NAKES				Nakes INSTALASI BEDAH SENTRAL
1041	Ns.Nani Yulianti, S.Kep	Nakes	III/c	4528900	500000	7	12	12	1	2	INSTALASI BEDAH SENTRAL	27,1734	21	36	36	3	8	131,1734	0,15			NAKES	NAKES	NAKES				Nakes INSTALASI BEDAH SENTRAL
1042	NS.NI WAYAN FARIDA A, S.KEP	Nakes	IV/b	5628300	500000	7	12	12	1	2	INSTALASI BEDAH SENTRAL	33,7698	21	36	36	3	8	137,7698	0			NAKES	NAKES	NAKES				Nakes INSTALASI BEDAH SENTRAL
1043	RANDI ARIASTA MUKHLISIN, Amd.Kep	Nakes	VII	2858800	500000	5	12	12	1	2	INSTALASI BEDAH SENTRAL	17,1528	15	36	36	3	8	115,1528	0			NAKES	NAKES	NAKES				Nakes INSTALASI BEDAH SENTRAL
1044	RIESKAN ESA FANI, A.MD.KEP	Nakes	II/c	2645000	500000	5	12	12	1	2	INSTALASI BEDAH SENTRAL	15,87	15	36	36	3	8	113,87	0,05			NAKES	NAKES	NAKES				Nakes INSTALASI BEDAH SENTRAL
1045	Septin Munardi, SKM	Nakes	III/d	4869200	500000	6	12	12	1	2	INSTALASI BEDAH SENTRAL	29,2152	18	36	36	3	8	130,2152	0,05			NAKES	NAKES	NAKES				Nakes INSTALASI BEDAH SENTRAL
1046	Ns. Taufik Sofa, S.Kep	Nakes	III/b	3497300	500000	7	12	12	1	2	INSTALASI BEDAH SENTRAL	20,9838	21	36	36	3	8	124,9838	0			NAKES	NAKES	NAKES				Nakes INSTALASI BEDAH SENTRAL
1047	Yessy Septiana, A.Md.Kep	Nakes	III/c	4126600	500000	5	12	12	1	2	INSTALASI BEDAH SENTRAL	24,7596	15	36	36	3	8	122,7596	0			NAKES	NAKES	NAKES				Nakes INSTALASI BEDAH SENTRAL
1048	YULIANTO, A.MD.KEP	Nakes	III/c	4528900	500000	5	12	12	1	2	INSTALASI BEDAH SENTRAL	27,1734	15	36	36	3	8	125,1734	0,05			NAKES	NAKES	NAKES				Nakes INSTALASI BEDAH SENTRAL
1049	Joni Ardi	Nakes	II/c	3496400	500000	7	12	12	1	2	INSTALASI BEDAH SENTRAL	20,9784	21	36	36	3	8	124,9784	0			NAKES	NAKES	NAKES				Nakes INSTALASI BEDAH SENTRAL
1050	Ns. SUGIRI, S.Kep	Nakes	X	3339100	500000	7	12	12	1	2	INSTALASI BEDAH SENTRAL	20,0346	21	36	36	3	8	124,0346	0			NAKES	NAKES	NAKES				Nakes INSTALASI BEDAH SENTRAL
1051	Ns. Marleni Puspa Dewi, S.Kep	Nakes	IV/b	4971700	500000	7	12	12	1	2	INSTALASI BEDAH SENTRAL	29,8302	21	36	36	3	8	133,8302	0,05			NAKES	NAKES	NAKES				Nakes INSTALASI BEDAH SENTRAL
1052	AGNES RIAN PUSPITA, Amd.Kep	Nakes	II/c	2564200	500000	5	12	6	1	2	ICU / ICCU / PICU	15,3852	15	36	18	3	8	95,3852	0,05			NAKES	NAKES	NAKES				Nakes ICU / ICCU / PICU
1053	AGUS TOMI NUR, Amd.Kep	Nakes	VII	2858800	500000	5	12	6	1	2	ICU / ICCU / PICU	17,1528	15	36	18	3	8	97,1528	0			NAKES	NAKES	NAKES				Nakes ICU / ICCU / PICU
1054	ALI DEPRI ADISYAH, A.MD.KEP	Nakes	III/a	3153600	500000	5	12	6	1	2	ICU / ICCU / PICU	18,9216	15	36	18	3	8	98,9216	0			NAKES	NAKES	NAKES				Nakes ICU / ICCU / PICU
1055	ALMA'RUF KUSNAN YAN I, Amd. Kep	Nakes	VII	2858800	500000	5	12	6	1	2	ICU / ICCU / PICU	17,1528	15	36	18	3	8	97,1528	0,05			NAKES	NAKES	NAKES				Nakes ICU / ICCU / PICU
1056	ANDY INDIO HANDOKO, A.MD.KEP	Nakes	II/c	2645000	500000	5	12	6	1	2	ICU / ICCU / PICU	15,87	15	36	18	3	8	95,87	0,05			NAKES	NAKES	NAKES				Nakes ICU / ICCU / PICU
1057	Asri Effendi, Amd.Kep	Nakes	III/a	2889800	500000	5	12	6	1	2	ICU / ICCU / PICU	17,3388	15	36	18	3	8	97,3388	0,05			NAKES	NAKES	NAKES				Nakes ICU / ICCU / PICU
1058	BAGUS FANNI LUPUS, Amd.Kep	Nakes	VII	2858800	500000	5	12	6	1	2	ICU / ICCU / PICU	17,1528	15	36	18	3	8	97,1528	0,05			NAKES	NAKES	NAKES				Nakes ICU / ICCU / PICU
1059	DESSY ARIZONA, A.MD.KEP	Nakes	II/d	3533100	500000	5	12	6	1	2	ICU / ICCU / PICU	21,1986	15	36	18	3	8	101,1986	0,05			NAKES	NAKES	NAKES				Nakes ICU / ICCU / PICU
1060	DEWI YULIANA, A.Md.Kep	Nakes	II/d	2843700	500000	5	12	6	1	2	ICU / ICCU / PICU	17,0622	15	36	18	3	8	97,0622	0,05			NAKES	NAKES	NAKES				Nakes ICU / ICCU / PICU
1061	Dwi Septia, Amd.Kep	Nakes	III/a	3012000	500000	5	12	6	1	2	ICU / ICCU / PICU	18,072	15	36	18	3	8	98,072	0,05			NAKES	NAKES	NAKES				Nakes ICU / ICCU / PICU
1062	EDI HARTONO, A.MD.KEP	Nakes	III/d	5022500	500000	5	12	6	1	2	ICU / ICCU / PICU	30,135	15	36	18	3	8	110,135	0			NAKES	NAKES	NAKES				Nakes ICU / ICCU / PICU
1063	EKO SURYADIN, A.MD.KEP	Nakes	II/c	2645000	500000	5	12	6	1	2	ICU / ICCU / PICU	15,87	15	36	18	3	8	95,87	0,05			NAKES	NAKES	NAKES				Nakes ICU / ICCU / PICU
1064	FITRI YANTI, A.Md.Kep	Nakes	II/d	2843700	500000	5	12	6	1	2	ICU / ICCU / PICU	17,0622	15	36	18	3	8	97,0622	0,05			NAKES	NAKES	NAKES				Nakes ICU / ICCU / PICU
1065	FITRIYADI, A.Md.Kep	Nakes	III/c	4528900	500000	5	12	6	1	2	ICU / ICCU / PICU	27,1734	15	36	18	3	8	107,1734	0,05			NAKES	NAKES	NAKES				Nakes ICU / ICCU / PICU
1066	FRESILIA DAMAYANTI, A.MD.KEP	Nakes	II/c	2645000	500000	5	12	6	1	2	ICU / ICCU / PICU	15,87	15	36	18	3	8	95,87	0,05			NAKES	NAKES	NAKES				Nakes ICU / ICCU / PICU
1067	IRENE WARDHANI, Amd.Kep	Nakes	II/c	2564200	500000	5	12	6	1	2	ICU / ICCU / PICU	15,3852	15	36	18	3	8	95,3852	0,05			NAKES	NAKES	NAKES				Nakes ICU / ICCU / PICU
1068	JUMHURIAH HANDAYANI, A.MD.KEP	Nakes	III/a	3287000	500000	5	12	6	1	2	ICU / ICCU / PICU	19,722	15	36	18	3	8	99,722	0,05			NAKES	NAKES	NAKES				Nakes ICU / ICCU / PICU
1069	Kuat Haryani, A.Md.Kep	Nakes	III/c	3878500	500000	5	12	6	1	2	ICU / ICCU / PICU	23,271	15	36	18	3	8	103,271	0,05			NAKES	NAKES	NAKES				Nakes ICU / ICCU / PICU
1070	MARDHATILAH HASDIANASARI A.MD. KEP	Nakes	II/c	2645000	500000	5	12	6	1	2	ICU / ICCU / PICU	15,87	15	36	18	3	8	95,87	0,05			NAKES	NAKES	NAKES				Nakes ICU / ICCU / PICU
1071	MEYSI NUR, Amd.Kep	Nakes	VII	2858800	500000	5	12	6	1	2	ICU / ICCU / PICU	17,1528	15	36	18	3	8	97,1528	0			NAKES	NAKES	NAKES				Nakes ICU / ICCU / PICU
1072	Ns. Ahmad Syukri, S. Kep	Nakes	III/b	3760100	500000	7	12	6	1	2	ICU / ICCU / PICU	22,5606	21	36	18	3	8	108,5606	0,05			NAKES	NAKES	NAKES				Nakes ICU / ICCU / PICU
1073	NS.ANGGA P. L. OCTOBERLY, S.KEP	Nakes	III/b	3607500	500000	7	12	6	1	2	ICU / ICCU / PICU	21,645	21	36	18	3	8	107,645	0			NAKES	NAKES	NAKES				Nakes ICU / ICCU / PICU
1074	NS.RIZKIKA RAMADHANI, S.KEP	Nakes	III/a	3057300	500000	7	12	6	1	2	ICU / ICCU / PICU	18,3438	21	36	18	3	8	104,3438	0,05			NAKES	NAKES	NAKES				Nakes ICU / ICCU / PICU
1075	SUYATI, A.MD.KEP	Nakes	III/c	4528900	500000	5	12	6	1	2	ICU / ICCU / PICU	27,1734	15	36	18	3	8	107,1734	0,15			NAKES	NAKES	NAKES				Nakes ICU / ICCU / PICU
1076	Yessy Rachmawati, A.Md.Kep	Nakes	III/c	4390700	500000	5	12	6	1	2	ICU / ICCU / PICU	26,3442	15	36	18	3	8	106,3442	0,05			NAKES	NAKES	NAKES				Nakes ICU / ICCU / PICU
1077	Yogi Kurniawan, A.Md.Kep	Nakes	III/b	3390500	500000	5	12	6	1	2	ICU / ICCU / PICU	20,343	15	36	18	3	8	100,343	0,05			NAKES	NAKES	NAKES				Nakes ICU / ICCU / PICU
1078	AGUS SUBEKTI, Amd 	Nakes	III/b	3390500	500000	5	12	12	1	2	INSTALASI ANESTESI	20,343	15	36	36	3	8	118,343	0			NAKES	NAKES	NAKES				Nakes INSTALASI ANESTESI
1079	AHMAD RAFIQ,A.MD.KEP	Nakes	II/d	3759100	500000	5	12	12	1	2	INSTALASI ANESTESI	22,5546	15	36	36	3	8	120,5546	0			NAKES	NAKES	NAKES				Nakes INSTALASI ANESTESI
1080	DWI APRIANI PUTRI, STr. Kes	Nakes	IX	3203600	500000	6	12	12	1	2	INSTALASI ANESTESI	19,2216	18	36	36	3	8	120,2216	0			NAKES	NAKES	NAKES				Nakes INSTALASI ANESTESI
1081	FATHIA AMBARYANI, S.Tr.Kes	Nakes	IX	3203600	500000	6	12	12	1	2	INSTALASI ANESTESI	19,2216	18	36	36	3	8	120,2216	0			NAKES	NAKES	NAKES				Nakes INSTALASI ANESTESI
1082	Fitriasih Handayani, S.Kep	Nakes	III/d	4169900	500000	6	12	12	1	2	INSTALASI ANESTESI	25,0194	18	36	36	3	8	126,0194	0,05			NAKES	NAKES	NAKES				Nakes INSTALASI ANESTESI
1083	Harsono, S.Kep	Nakes	III/d	4720500	500000	6	12	12	1	2	INSTALASI ANESTESI	28,323	18	36	36	3	8	129,323	0			NAKES	NAKES	NAKES				Nakes INSTALASI ANESTESI
1084	Heri Susanto, Amd.Kep	Nakes	III/b	4345100	500000	5	12	12	1	2	INSTALASI ANESTESI	26,0706	15	36	36	3	8	124,0706	0,05			NAKES	NAKES	NAKES				Nakes INSTALASI ANESTESI
1085	MARLIANTO, SST A.Md.Kep	Nakes	III/b	3721100	500000	6	12	12	1	2	INSTALASI ANESTESI	22,3266	18	36	36	3	8	123,3266	0			NAKES	NAKES	NAKES				Nakes INSTALASI ANESTESI
1086	MIRZA BISRI, S.Tr.Kes	Nakes	IX	3203600	500000	6	12	12	1	2	INSTALASI ANESTESI	19,2216	18	36	36	3	8	120,2216	0,15			NAKES	NAKES	NAKES				Nakes INSTALASI ANESTESI
1087	MOHAMAD AZIS, A.MD.KEP	Nakes	III/c	4390700	500000	5	12	12	1	2	INSTALASI ANESTESI	26,3442	15	36	36	3	8	124,3442	0			NAKES	NAKES	NAKES				Nakes INSTALASI ANESTESI
1088	NAILUL ISTIQOMAH, Amd	Nakes	VII	2858800	500000	5	12	12	1	2	INSTALASI ANESTESI	17,1528	15	36	36	3	8	115,1528	0,05			NAKES	NAKES	NAKES				Nakes INSTALASI ANESTESI
1089	Ns.Mika Suwarti, S.Kep	Nakes	III/b	4345100	500000	7	12	12	1	2	INSTALASI ANESTESI	26,0706	21	36	36	3	8	130,0706	0,05			NAKES	NAKES	NAKES				Nakes INSTALASI ANESTESI
1090	ROBI ERLANZA MUKHLISIN, Amd Kep	Nakes	VII	2858800	500000	5	12	12	1	2	INSTALASI ANESTESI	17,1528	15	36	36	3	8	115,1528	0			NAKES	NAKES	NAKES				Nakes INSTALASI ANESTESI
1091	SEPTINA MEGARIA, S.Tr. Kes	Nakes	IX	3203600	500000	6	12	12	1	2	INSTALASI ANESTESI	19,2216	18	36	36	3	8	120,2216	0			NAKES	NAKES	NAKES				Nakes INSTALASI ANESTESI
1092	Sri Widodo, S.Kep	Nakes	IV/b	5456400	500000	6	12	12	1	2	INSTALASI ANESTESI	32,7384	18	36	36	3	8	133,7384	0,05			NAKES	NAKES	NAKES				Nakes INSTALASI ANESTESI
1093	SUDRAJAT, S.ST	Nakes	III/d	4720500	500000	6	12	12	1	2	INSTALASI ANESTESI	28,323	18	36	36	3	8	129,323	0,05			NAKES	NAKES	NAKES				Nakes INSTALASI ANESTESI
1094	WILA YULISTINA. S.Tr. Kes	Nakes	IX	3203600	500000	6	12	12	1	2	INSTALASI ANESTESI	19,2216	18	36	36	3	8	120,2216	0,05			NAKES	NAKES	NAKES				Nakes INSTALASI ANESTESI
1095	FERA HIKMARAMAYANTI, Amd,Kep	Nakes	VII	2858800	500000	5	12	12	1	2	INSTALASI ANESTESI	17,1528	15	36	36	3	8	115,1528	0,05			NAKES	NAKES	NAKES				Nakes INSTALASI ANESTESI
1096	ANNISA YULISTIAWATI, Amd.Rad	Nakes	VII	2858800	500000	5	12	4	1	2	INSTALASI RADIOLOGI	17,1528	15	36	12	3	8	91,1528	0			NAKES	NAKES	NAKES				Nakes INSTALASI RADIOLOGI
1097	BETI LAILI KURYANI, Amd. Rad	Nakes	VII	2858800	500000	5	12	4	1	2	INSTALASI RADIOLOGI	17,1528	15	36	12	3	8	91,1528	0,05			NAKES	NAKES	NAKES				Nakes INSTALASI RADIOLOGI
1098	CHRISTIAN EKA NUR ADI C.Amd.Rad	Nakes	II/c	2564200	500000	5	12	12	1	2	INSTALASI CATH LAB	15,3852	15	36	36	3	8	113,3852	0,05			NAKES	NAKES	NAKES				Nakes INSTALASI CATH LAB
1099	DAMAR ARDI PRASETYO, S.Tr.Rad	Nakes	III/a	2873500	500000	6	12	4	1	2	INSTALASI RADIOLOGI	17,241	18	36	12	3	8	94,241	0,15			NAKES	NAKES	NAKES				Nakes INSTALASI RADIOLOGI
1100	DEBY MARIA, Amd,Rad	Nakes	VII	2858800	500000	5	12	4	1	2	INSTALASI RADIOLOGI	17,1528	15	36	12	3	8	91,1528	0,15			NAKES	NAKES	NAKES				Nakes INSTALASI RADIOLOGI
1101	DINAR SCICILIA KUSMASYRI,S.Tr.Rd	Nakes	III/a	2873500	500000	6	12	4	1	2	INSTALASI RADIOLOGI	17,241	18	36	12	3	8	94,241	0			NAKES	NAKES	NAKES				Nakes INSTALASI RADIOLOGI
1102	DONA ERVINA ALI. Amd,Rad	Nakes	VII	2858800	500000	5	12	4	1	2	INSTALASI RADIOLOGI	17,1528	15	36	12	3	8	91,1528	0,15			NAKES	NAKES	NAKES				Nakes INSTALASI RADIOLOGI
1103	Edwin Saringat, S.ST	Nakes	IV/c	5866400	500000	6	12	4	1	2	INSTALASI RADIOLOGI	35,1984	18	36	12	3	8	112,1984	0,05			NAKES	NAKES	NAKES				Nakes INSTALASI RADIOLOGI
1104	EKO WIYATNO, Am.Rad	Nakes	II/c	2564200	500000	5	12	4	1	2	INSTALASI RADIOLOGI	15,3852	15	36	12	3	8	89,3852	0,05			NAKES	NAKES	NAKES				Nakes INSTALASI RADIOLOGI
1105	Erni Julia Br Bangun, S.S.T	Nakes	III/d	4720500	500000	6	12	4	1	2	INSTALASI RADIOLOGI	28,323	18	36	12	3	8	105,323	0			NAKES	NAKES	NAKES				Nakes INSTALASI RADIOLOGI
1106	IKHTIAR DEVI RINELLY. Amd.Rad	Nakes	II/c	2564200	500000	5	12	4	1	2	INSTALASI RADIOLOGI	15,3852	15	36	12	3	8	89,3852	0			NAKES	NAKES	NAKES				Nakes INSTALASI RADIOLOGI
1107	MUHAMMAD ALDO GINANJAR, Amd.Kep	Nakes	VII	2858800	500000	5	12	4	1	2	INSTALASI RADIOLOGI	17,1528	15	36	12	3	8	91,1528	0,05			NAKES	NAKES	NAKES				Nakes INSTALASI RADIOLOGI
1108	Muhammad Tri Budiawan, A.Md.Kep	Nakes	III/a	3798500	500000	5	12	4	1	2	INSTALASI RADIOLOGI	22,791	15	36	12	3	8	96,791	0			NAKES	NAKES	NAKES				Nakes INSTALASI RADIOLOGI
1109	MUTTAQIN MASYKUR, SST.,M.Tr.ID.	Nakes	III/c	3878500	500000	8	12	4	1	2	INSTALASI RADIOLOGI	23,271	24	36	12	3	8	106,271	0			NAKES	NAKES	NAKES				Nakes INSTALASI RADIOLOGI
1110	NUR HIDAYATI THAIB, S.Tr.Kes	Nakes	III/a	2873500	500000	6	12	4	1	2	INSTALASI RADIOLOGI	17,241	18	36	12	3	8	94,241	0,05			NAKES	NAKES	NAKES				Nakes INSTALASI RADIOLOGI
1111	RENNI PUSPITA SARI, S.Tr. Rad	Nakes	III/a	2873500	500000	6	12	4	1	2	INSTALASI RADIOLOGI	17,241	18	36	12	3	8	94,241	0			NAKES	NAKES	NAKES				Nakes INSTALASI RADIOLOGI
1112	REZKI OKTARIA, Am.Rad	Nakes	II/c	2564200	500000	5	12	4	1	2	INSTALASI RADIOLOGI	15,3852	15	36	12	3	8	89,3852	0			NAKES	NAKES	NAKES				Nakes INSTALASI RADIOLOGI
1113	RIZKI RAHMAWATI. S.Tr.Rad	Nakes	IX	3203600	500000	6	12	4	1	2	INSTALASI RADIOLOGI	19,2216	18	36	12	3	8	96,2216	0			NAKES	NAKES	NAKES				Nakes INSTALASI RADIOLOGI
1114	RIZKY SETIA NINGRUM, S.Tr.Kes	Nakes	III/a	2873500	500000	6	12	4	1	2	INSTALASI RADIOLOGI	17,241	18	36	12	3	8	94,241	0,05			NAKES	NAKES	NAKES				Nakes INSTALASI RADIOLOGI
1115	SADIANA, SST	Nakes	IV/b	5456400	500000	6	12	4	1	2	INSTALASI RADIOLOGI	32,7384	18	36	12	3	8	109,7384	0,05			NAKES	NAKES	NAKES				Nakes INSTALASI RADIOLOGI
1116	Sarif Hidayat, S.ST	Nakes	IV/a	5235000	500000	6	12	4	1	2	INSTALASI RADIOLOGI	31,41	18	36	12	3	8	108,41	0,05			NAKES	NAKES	NAKES				Nakes INSTALASI RADIOLOGI
1117	SHOFARINA NUR AZIZAH, Amd Rad	Nakes	II/c	2564200	500000	5	12	4	1	2	INSTALASI RADIOLOGI	15,3852	15	36	12	3	8	89,3852	0			NAKES	NAKES	NAKES				Nakes INSTALASI RADIOLOGI
1118	Utari, S.ST	Nakes	IV/b	5628300	500000	6	12	4	1	2	INSTALASI RADIOLOGI	33,7698	18	36	12	3	8	110,7698	0,05			NAKES	NAKES	NAKES				Nakes INSTALASI RADIOLOGI
1119	Widiyasti, A.Md.Kep	Nakes	III/b	3607500	500000	5	12	4	1	2	INSTALASI RADIOLOGI	21,645	15	36	12	3	8	95,645	0,05			NAKES	NAKES	NAKES				Nakes INSTALASI RADIOLOGI
1120	YOSEPHA VANIA DYAH AYU, S.Si	Nakes	III/a	2873500	500000	6	12	4	1	2	INSTALASI RADIOLOGI	17,241	18	36	12	3	8	94,241	0			NAKES	NAKES	NAKES				Nakes INSTALASI RADIOLOGI
1121	YOSI HERMITA SARI, Amd.Rad	Nakes	VII	2858800	500000	5	12	4	1	2	INSTALASI RADIOLOGI	17,1528	15	36	12	3	8	91,1528	0			NAKES	NAKES	NAKES				Nakes INSTALASI RADIOLOGI
1122	ANITA SEPTA NINGRUM, Amd. Farm	Nakes	II/c	2564200	500000	5	2	2	1	2	ASISTEN APOTEKER/TTK	15,3852	15	6	6	3	8	53,3852	0			NAKES	NAKES	NAKES				Nakes ASISTEN APOTEKER/TTK
1123	Astri Widiyani, S.Farm	Nakes	III/d	3919100	500000	6	2	2	1	2	ASISTEN APOTEKER/TTK	23,5146	18	6	6	3	8	64,5146	0,05			NAKES	NAKES	NAKES				Nakes ASISTEN APOTEKER/TTK
1124	AYU RAHMITA, A.Md.Farmasi	Nakes	II/d	2843700	500000	5	4	4	1	2	ASISTEN APOTEKER/TTK	17,0622	15	12	12	3	8	67,0622	0			NAKES	NAKES	NAKES				Nakes ASISTEN APOTEKER/TTK
1125	DIANA APRILIA, Amd.Farm	Nakes	II/c	2564200	500000	5	2	2	1	2	ASISTEN APOTEKER/TTK	15,3852	15	6	6	3	8	53,3852	0,05			NAKES	NAKES	NAKES				Nakes ASISTEN APOTEKER/TTK
1126	DINA KAMILA, A.MF	Nakes	III/b	3497300	500000	5	4	4	1	2	ASISTEN APOTEKER/TTK	20,9838	15	12	12	3	8	70,9838	0			NAKES	NAKES	NAKES				Nakes ASISTEN APOTEKER/TTK
1127	ELSA APRIZA PUTRI, Amd.Far	Nakes	VII	2948800	500000	5	4	4	1	2	ASISTEN APOTEKER/TTK	17,6928	15	12	12	3	8	67,6928	0,05			NAKES	NAKES	NAKES				Nakes ASISTEN APOTEKER/TTK
1128	EMELIA ELIZA JEANE K, A.Md.F	Nakes	II/d	2843700	500000	5	2	2	1	2	ASISTEN APOTEKER/TTK	17,0622	15	6	6	3	8	55,0622	0			NAKES	NAKES	NAKES				Nakes ASISTEN APOTEKER/TTK
1129	EMI MARLINA, A.Md.F	Nakes	VII	2858800	500000	5	4	4	1	2	ASISTEN APOTEKER/TTK	17,1528	15	12	12	3	8	67,1528	0,05			NAKES	NAKES	NAKES				Nakes ASISTEN APOTEKER/TTK
1130	EMILDA YASIR. S.Si. Apt	Nakes	X	3339100	500000	7	4	4	1	2	ASISTEN APOTEKER/TTK	20,0346	21	12	12	3	8	76,0346	0			NAKES	NAKES	NAKES				Nakes ASISTEN APOTEKER/TTK
1131	IDA YULIANI	Nakes	III/d	4436700	500000	5	2	2	1	2	ASISTEN APOTEKER/TTK	26,6202	15	6	6	3	8	64,6202	0			NAKES	NAKES	NAKES				Nakes ASISTEN APOTEKER/TTK
1132	Islamiyatun	Nakes	III/c	4000600	500000	5	4	4	1	2	ASISTEN APOTEKER/TTK	24,0036	15	12	12	3	8	74,0036	0,05			NAKES	NAKES	NAKES				Nakes ASISTEN APOTEKER/TTK
1133	LESI ASTINA, A.Md.Farm	Nakes	VII	2948800	500000	5	2	2	1	2	ASISTEN APOTEKER/TTK	17,6928	15	6	6	3	8	55,6928	0,05			NAKES	NAKES	NAKES				Nakes ASISTEN APOTEKER/TTK
1134	Lina Yulianawaty Susilo, S.Farm	Nakes	III/b	3607500	500000	6	2	2	1	2	ASISTEN APOTEKER/TTK	21,645	18	6	6	3	8	62,645	0			NAKES	NAKES	NAKES				Nakes ASISTEN APOTEKER/TTK
1135	MEYTI FITRIANI, A.Md.Farm	Nakes	III/b	3497300	500000	5	12	6	1	2	ASISTEN APOTEKER/TTK	20,9838	15	36	18	3	8	100,9838	0,15			NAKES	NAKES	NAKES				Nakes ASISTEN APOTEKER/TTK
1136	MUHAMAD AULIA RAHMAN, AMF	Nakes	II/d	2843700	500000	5	4	4	1	2	ASISTEN APOTEKER/TTK	17,0622	15	12	12	3	8	67,0622	0,05			NAKES	NAKES	NAKES				Nakes ASISTEN APOTEKER/TTK
1137	NIA TRI LESTARI, A,Md. Farm	Nakes	II/c	2564200	500000	5	4	4	1	2	ASISTEN APOTEKER/TTK	15,3852	15	12	12	3	8	65,3852	0,05			NAKES	NAKES	NAKES				Nakes ASISTEN APOTEKER/TTK
1138	NURUL KHODIJAH, Amd,Far	Nakes	VII	2948800	500000	5	2	2	1	2	ASISTEN APOTEKER/TTK	17,6928	15	6	6	3	8	55,6928	0			NAKES	NAKES	NAKES				Nakes ASISTEN APOTEKER/TTK
1139	ROBERT M, S. Farm., Apt	Nakes	X	3339100	500000	7	4	4	1	2	ASISTEN APOTEKER/TTK	20,0346	21	12	12	3	8	76,0346	0			NAKES	NAKES	NAKES				Nakes ASISTEN APOTEKER/TTK
1140	S. NUR INTANIA IBRAHIM, Amd.Farm	Nakes	VII	2948800	500000	5	2	2	1	2	ASISTEN APOTEKER/TTK	17,6928	15	6	6	3	8	55,6928	0,05			NAKES	NAKES	NAKES				Nakes ASISTEN APOTEKER/TTK
1141	SALMAH, A.Md.FM	Nakes	III/b	4083900	500000	5	12	6	1	2	ASISTEN APOTEKER/TTK	24,5034	15	36	18	3	8	104,5034	0,05			NAKES	NAKES	NAKES				Nakes ASISTEN APOTEKER/TTK
1142	Shinta	Nakes	II/d	3219200	500000	3	2	2	1	2	ASISTEN APOTEKER/TTK	19,3152	9	6	6	3	8	51,3152	0,05			NAKES	NAKES	NAKES				Nakes ASISTEN APOTEKER/TTK
1143	Susi Sihombing, A.Md. AFM	Nakes	III/c	4256600	500000	5	12	6	1	2	ASISTEN APOTEKER/TTK	25,5396	15	36	18	3	8	105,5396	0,05			NAKES	NAKES	NAKES				Nakes ASISTEN APOTEKER/TTK
1144	TAMI LEDIANI, Amd.Farm	Nakes	VII	2948800	500000	5	4	4	1	2	ASISTEN APOTEKER/TTK	17,6928	15	12	12	3	8	67,6928	0,05			NAKES	NAKES	NAKES				Nakes ASISTEN APOTEKER/TTK
1145	Umi Kalsum, Apt	Nakes	III/b	3497300	500000	7	2	2	1	2	ASISTEN APOTEKER/TTK	20,9838	21	6	6	3	8	64,9838	0,05			NAKES	NAKES	NAKES				Nakes ASISTEN APOTEKER/TTK
1146	WINDA YULIANTI, A.Md.F	Nakes	II/d	2843700	500000	5	4	4	1	2	ASISTEN APOTEKER/TTK	17,0622	15	12	12	3	8	67,0622	0,05			NAKES	NAKES	NAKES				Nakes ASISTEN APOTEKER/TTK
1147	Yeni Olivia, A.Md. F	Nakes	VII	2858800	500000	5	4	4	1	2	ASISTEN APOTEKER/TTK	17,1528	15	12	12	3	8	67,1528	0,05			NAKES	NAKES	NAKES				Nakes ASISTEN APOTEKER/TTK
1148	Yuli Priyani, A.Md.F	Nakes	III/b	3497300	500000	5	2	2	1	2	ASISTEN APOTEKER/TTK	20,9838	15	6	6	3	8	58,9838	0,05			NAKES	NAKES	NAKES				Nakes ASISTEN APOTEKER/TTK
1149	Yuli Yeni	Nakes	III/d	4720500	500000	5	2	2	1	2	ASISTEN APOTEKER/TTK	28,323	15	6	6	3	8	66,323	0			NAKES	NAKES	NAKES				Nakes ASISTEN APOTEKER/TTK
1150	YUNITAULY HUTAGALUNG, Amd.F	Nakes	II/c	2564200	500000	5	2	2	1	2	ASISTEN APOTEKER/TTK	15,3852	15	6	6	3	8	53,3852	0,05			NAKES	NAKES	NAKES				Nakes ASISTEN APOTEKER/TTK
1151	ANGGREHENI INTAN S S.Gz	Nakes	IX	3203600	500000	6	2	2	1	2	INSTALASI GIZI	19,2216	18	6	6	3	8	60,2216	0,05			NAKES	NAKES	NAKES				Nakes INSTALASI GIZI
1152	Asep Jalaludin Saleh, SKM.M.Gz	Nakes	III/c	3878500	500000	8	2	2	1	2	INSTALASI GIZI	23,271	24	6	6	3	8	70,271	0,05			NAKES	NAKES	NAKES				Nakes INSTALASI GIZI
1153	AYU CAHYAKU MENTARI, Amd.Gz	Nakes	VII	2858800	500000	5	2	2	1	2	INSTALASI GIZI	17,1528	15	6	6	3	8	55,1528	0,05			NAKES	NAKES	NAKES				Nakes INSTALASI GIZI
1154	DONNA ARYANTI AZRIL, Amd.Gz	Nakes	VII	2858800	500000	5	2	2	1	2	INSTALASI GIZI	17,1528	15	6	6	3	8	55,1528	0			NAKES	NAKES	NAKES				Nakes INSTALASI GIZI
1155	Fatmawati Yustini, S. Gz	Nakes	III/d	4108100	500000	6	2	2	1	2	INSTALASI GIZI	24,6486	18	6	6	3	8	65,6486	0			NAKES	NAKES	NAKES				Nakes INSTALASI GIZI
1156	Helna Danila, SKM	Nakes	III/d	4576400	500000	6	2	2	1	2	INSTALASI GIZI	27,4584	18	6	6	3	8	68,4584	0			NAKES	NAKES	NAKES				Nakes INSTALASI GIZI
1157	Hikmah Isnaini O, S.Tr.Gz	Nakes	III/b	3607500	500000	6	2	2	1	2	INSTALASI GIZI	21,645	18	6	6	3	8	62,645	0			NAKES	NAKES	NAKES				Nakes INSTALASI GIZI
1158	MARTHA FARAMEITA R, S.Gz	Nakes	IX	3203600	500000	6	2	2	1	2	INSTALASI GIZI	19,2216	18	6	6	3	8	60,2216	0			NAKES	NAKES	NAKES				Nakes INSTALASI GIZI
1159	Misini, AMG	Nakes	III/c	3760100	500000	5	2	2	1	2	INSTALASI GIZI	22,5606	15	6	6	3	8	60,5606	0			NAKES	NAKES	NAKES				Nakes INSTALASI GIZI
1160	Nurhikmah, S. Gz	Nakes	III/b	3959200	500000	6	2	2	1	2	INSTALASI GIZI	23,7552	18	6	6	3	8	64,7552	0,05			NAKES	NAKES	NAKES				Nakes INSTALASI GIZI
1161	Putri Aini, S,KM	Nakes	III/d	5022500	500000	6	2	2	1	2	INSTALASI GIZI	30,135	18	6	6	3	8	71,135	0,05			NAKES	NAKES	NAKES				Nakes INSTALASI GIZI
1162	RANO KURNIAWAN, S.Gz	Nakes	IX	3203600	500000	6	2	2	1	2	INSTALASI GIZI	19,2216	18	6	6	3	8	60,2216	0,05			NAKES	NAKES	NAKES				Nakes INSTALASI GIZI
1163	REISA AGUSTIN, Amd.Gz	Nakes	VII	2858800	500000	5	2	2	1	2	INSTALASI GIZI	17,1528	15	6	6	3	8	55,1528	0			NAKES	NAKES	NAKES				Nakes INSTALASI GIZI
1164	Susmalini, SKM., MKM	Nakes	III/d	4169900	500000	8	2	2	1	2	INSTALASI GIZI	25,0194	24	6	6	3	8	72,0194	0			NAKES	NAKES	NAKES				Nakes INSTALASI GIZI
1165	Utia Putri Amanati, AMG	Nakes	III/b	3390500	500000	5	2	2	1	2	INSTALASI GIZI	20,343	15	6	6	3	8	58,343	0,05			NAKES	NAKES	NAKES				Nakes INSTALASI GIZI
1166	Yuni Mastuti, S. Gz	Nakes	III/d	4169900	500000	6	2	2	1	2	INSTALASI GIZI	25,0194	18	6	6	3	8	66,0194	0,05			NAKES	NAKES	NAKES				Nakes INSTALASI GIZI
1167	Adhyta Ramadhany, S.T	Nakes	III/b	3607500	500000	6	2	2	1	2	INSTALASI REHABILITASI MEDIK	21,645	18	6	6	3	8	62,645	0,05			NAKES	NAKES	NAKES				Nakes INSTALASI REHABILITASI MEDIK
1168	AFILIANI HIDAYATI, Amd. Ftr	Nakes	II/c	2564200	500000	5	2	2	1	2	INSTALASI REHABILITASI MEDIK	15,3852	15	6	6	3	8	53,3852	0,05			NAKES	NAKES	NAKES				Nakes INSTALASI REHABILITASI MEDIK
1169	ANDIKA, AMK	Nakes	VII	2858800	500000	5	2	2	1	2	INSTALASI REHABILITASI MEDIK	17,1528	15	6	6	3	8	55,1528	0,05			NAKES	NAKES	NAKES				Nakes INSTALASI REHABILITASI MEDIK
1170	ANDRY BASKARA IB, Amd.Ft	Nakes	VII	2858800	500000	5	2	2	1	2	INSTALASI REHABILITASI MEDIK	17,1528	15	6	6	3	8	55,1528	0,05			NAKES	NAKES	NAKES				Nakes INSTALASI REHABILITASI MEDIK
1171	ANGGRAINI FATMA HARDI, Amd.Kes	Nakes	II/c	2564200	500000	5	2	2	1	2	INSTALASI REHABILITASI MEDIK	15,3852	15	6	6	3	8	53,3852	0,05			NAKES	NAKES	NAKES				Nakes INSTALASI REHABILITASI MEDIK
1172	Anisha Fitriani, A.Md.Ft	Nakes	VII	2858800	500000	5	2	2	1	2	INSTALASI REHABILITASI MEDIK	17,1528	15	6	6	3	8	55,1528	0,05			NAKES	NAKES	NAKES				Nakes INSTALASI REHABILITASI MEDIK
1173	DIAH SULISTIO SUKOCO, Amd.Ftr	Nakes	II/c	2564200	500000	5	2	2	1	2	INSTALASI REHABILITASI MEDIK	15,3852	15	6	6	3	8	53,3852	0,15			NAKES	NAKES	NAKES				Nakes INSTALASI REHABILITASI MEDIK
1174	Elida Irawati Sinaga	Nakes	III/c	4256600	500000	5	2	2	1	2	INSTALASI REHABILITASI MEDIK	25,5396	15	6	6	3	8	63,5396	0,05			NAKES	NAKES	NAKES				Nakes INSTALASI REHABILITASI MEDIK
1175	MELISA TAMIMI, S.Ft. Ftr	Nakes	IX	3203600	500000	7	2	2	1	2	INSTALASI REHABILITASI MEDIK	19,2216	21	6	6	3	8	63,2216	0,05			NAKES	NAKES	NAKES				Nakes INSTALASI REHABILITASI MEDIK
1176	Meriyanti Cintia, A.Md. OT	Nakes	III/b	3497300	500000	5	2	2	1	2	INSTALASI REHABILITASI MEDIK	20,9838	15	6	6	3	8	58,9838	0,05			NAKES	NAKES	NAKES				Nakes INSTALASI REHABILITASI MEDIK
1177	MIA ISNAINI, Amd. Ft	Nakes	VII	2858800	500000	5	2	2	1	2	INSTALASI REHABILITASI MEDIK	17,1528	15	6	6	3	8	55,1528	0,05			NAKES	NAKES	NAKES				Nakes INSTALASI REHABILITASI MEDIK
1178	NELI  ASNUTI, Amd. Ft	Nakes	VII	2858800	500000	5	2	2	1	2	INSTALASI REHABILITASI MEDIK	17,1528	15	6	6	3	8	55,1528	0			NAKES	NAKES	NAKES				Nakes INSTALASI REHABILITASI MEDIK
1179	Novemi Andri Kurniasanti, A.Md.F	Nakes	III/b	3607500	500000	5	2	2	1	2	INSTALASI REHABILITASI MEDIK	21,645	15	6	6	3	8	59,645	0			NAKES	NAKES	NAKES				Nakes INSTALASI REHABILITASI MEDIK
1180	Septia Arumningtyas M, A.Md.OT	Nakes	III/b	3497300	500000	5	2	2	1	2	INSTALASI REHABILITASI MEDIK	20,9838	15	6	6	3	8	58,9838	0			NAKES	NAKES	NAKES				Nakes INSTALASI REHABILITASI MEDIK
1181	Tri Oktavianti, A.K.S	Nakes	III/d	4720500	500000	6	2	2	1	2	INSTALASI REHABILITASI MEDIK	28,323	18	6	6	3	8	69,323	0,05			NAKES	NAKES	NAKES				Nakes INSTALASI REHABILITASI MEDIK
1182	Wiwid Utami	Nakes	III/c	4256600	500000	5	2	2	1	2	INSTALASI REHABILITASI MEDIK	25,5396	15	6	6	3	8	63,5396	0,05			NAKES	NAKES	NAKES				Nakes INSTALASI REHABILITASI MEDIK
1183	ADE SRI LESTARI, S.Tr. Kes	Nakes	IX	3203600	500000	6	6	6	1	2	INSTALASI LAB PATOLOGI KLINIK	19,2216	18	18	18	3	8	84,2216	0,15			NAKES	NAKES	NAKES				Nakes INSTALASI LAB PATOLOGI KLINIK
1184	Amalyn Mulya Ulfa, S.Tr.Kes	Nakes	III/b	3497300	500000	6	6	6	1	2	INSTALASI LAB PATOLOGI KLINIK	20,9838	18	18	18	3	8	85,9838	0,05			NAKES	NAKES	NAKES				Nakes INSTALASI LAB PATOLOGI KLINIK
1185	BELLA NATA FITRI, S.Tr. Kes	Nakes	IX	3203600	500000	6	6	6	1	2	INSTALASI LAB PATOLOGI KLINIK	19,2216	18	18	18	3	8	84,2216	0,05			NAKES	NAKES	NAKES				Nakes INSTALASI LAB PATOLOGI KLINIK
1186	Christina, SST	Nakes	IV/b	5128300	500000	6	6	6	1	2	INSTALASI LAB PATOLOGI KLINIK	30,7698	18	18	18	3	8	95,7698	0			NAKES	NAKES	NAKES				Nakes INSTALASI LAB PATOLOGI KLINIK
1187	DHEA FRIYUNISA ANANDA, S.Tr.Kes	Nakes	IX	3304400	500000	6	6	6	1	2	INSTALASI LAB PATOLOGI KLINIK	19,8264	18	18	18	3	8	84,8264	0,05			NAKES	NAKES	NAKES				Nakes INSTALASI LAB PATOLOGI KLINIK
1188	DIAN KUSUMANINGRUM B, AMD.AK	Nakes	III/b	3497300	500000	5	6	6	1	2	INSTALASI LAB PATOLOGI KLINIK	20,9838	15	18	18	3	8	82,9838	0,15			NAKES	NAKES	NAKES				Nakes INSTALASI LAB PATOLOGI KLINIK
1189	DIANA PUTRI VERONIKA, S.Tr. Kes	Nakes	IX	3203600	500000	6	6	6	1	2	INSTALASI LAB PATOLOGI KLINIK	19,2216	18	18	18	3	8	84,2216	0,15			NAKES	NAKES	NAKES				Nakes INSTALASI LAB PATOLOGI KLINIK
1190	Edi Sucahyo, A.Md.AK	Nakes	III/d	4869200	500000	5	6	6	1	2	INSTALASI LAB PATOLOGI KLINIK	29,2152	15	18	18	3	8	91,2152	0			NAKES	NAKES	NAKES				Nakes INSTALASI LAB PATOLOGI KLINIK
1191	ERIC ARNALDO CANTONA, Amd,Kes	Nakes	VII	2858800	500000	5	6	6	1	2	INSTALASI LAB PATOLOGI KLINIK	17,1528	15	18	18	3	8	79,1528	0,05			NAKES	NAKES	NAKES				Nakes INSTALASI LAB PATOLOGI KLINIK
1192	FAUZI  ALAIK R, Amd.AK	Nakes	VII	2948800	500000	5	6	6	1	2	INSTALASI LAB PATOLOGI KLINIK	17,6928	15	18	18	3	8	79,6928	0,05			NAKES	NAKES	NAKES				Nakes INSTALASI LAB PATOLOGI KLINIK
1193	FENIE REZKAWATI, Amd. Kes	Nakes	VII	2858800	500000	5	6	6	1	2	INSTALASI LAB PATOLOGI KLINIK	17,1528	15	18	18	3	8	79,1528	0,05			NAKES	NAKES	NAKES				Nakes INSTALASI LAB PATOLOGI KLINIK
1194	Hana Kumari, A.Md	Nakes	III/d	4576400	500000	5	6	6	1	2	INSTALASI LAB PATOLOGI KLINIK	27,4584	15	18	18	3	8	89,4584	0,05			NAKES	NAKES	NAKES				Nakes INSTALASI LAB PATOLOGI KLINIK
1195	IMAS NOVIANA, S.Tr. Kes	Nakes	IX	3203600	500000	6	6	6	1	2	INSTALASI LAB PATOLOGI KLINIK	19,2216	18	18	18	3	8	84,2216	0			NAKES	NAKES	NAKES				Nakes INSTALASI LAB PATOLOGI KLINIK
1196	IRMA SURI, S.ST	Nakes	IV/c	5513600	500000	6	6	6	1	2	INSTALASI LAB PATOLOGI KLINIK	33,0816	18	18	18	3	8	98,0816	0,05			NAKES	NAKES	NAKES				Nakes INSTALASI LAB PATOLOGI KLINIK
1197	Jeskarina, SST	Nakes	III/d	4576400	500000	6	6	6	1	2	INSTALASI LAB PATOLOGI KLINIK	27,4584	18	18	18	3	8	92,4584	0			NAKES	NAKES	NAKES				Nakes INSTALASI LAB PATOLOGI KLINIK
1198	Khoironi Fitriany, SKM., M.K.M	Nakes	III/d	4301200	500000	8	6	6	1	2	INSTALASI LAB PATOLOGI KLINIK	25,8072	24	18	18	3	8	96,8072	0,05			NAKES	NAKES	NAKES				Nakes INSTALASI LAB PATOLOGI KLINIK
1199	LAIL IMAM ROMADHON, Amd. AK	Nakes	VII	2948800	500000	5	6	6	1	2	INSTALASI LAB PATOLOGI KLINIK	17,6928	15	18	18	3	8	79,6928	0,05			NAKES	NAKES	NAKES				Nakes INSTALASI LAB PATOLOGI KLINIK
1200	Lasiyem, A.Md	Nakes	III/d	5022500	500000	5	6	6	1	2	INSTALASI LAB PATOLOGI KLINIK	30,135	15	18	18	3	8	92,135	0			NAKES	NAKES	NAKES				Nakes INSTALASI LAB PATOLOGI KLINIK
1201	Mulyani Prihastuti, SST	Nakes	IV/b	5128300	500000	6	6	6	1	2	INSTALASI LAB PATOLOGI KLINIK	30,7698	18	18	18	3	8	95,7698	0,15			NAKES	NAKES	NAKES				Nakes INSTALASI LAB PATOLOGI KLINIK
1202	NELI ETIKA, S.ST	Nakes	IV/c	5513600	500000	6	6	6	1	2	INSTALASI LAB PATOLOGI KLINIK	33,0816	18	18	18	3	8	98,0816	0,05			NAKES	NAKES	NAKES				Nakes INSTALASI LAB PATOLOGI KLINIK
1203	NIA MARIANA, Amd. AK	Nakes	VII	2858800	500000	5	6	6	1	2	INSTALASI LAB PATOLOGI KLINIK	17,1528	15	18	18	3	8	79,1528	0,15			NAKES	NAKES	NAKES				Nakes INSTALASI LAB PATOLOGI KLINIK
1204	Novita Sari, S.Tr. Kes	Nakes	III/b	3497300	500000	6	6	6	1	2	INSTALASI LAB PATOLOGI KLINIK	20,9838	18	18	18	3	8	85,9838	0,05			NAKES	NAKES	NAKES				Nakes INSTALASI LAB PATOLOGI KLINIK
1205	NURAINI, S.ST	Nakes	III/d	4576400	500000	6	6	6	1	2	INSTALASI LAB PATOLOGI KLINIK	27,4584	18	18	18	3	8	92,4584	0,15			NAKES	NAKES	NAKES				Nakes INSTALASI LAB PATOLOGI KLINIK
1206	Riantika Wulandari Praja, A.Md.A	Nakes	III/a	3153600	500000	5	6	6	1	2	INSTALASI LAB PATOLOGI KLINIK	18,9216	15	18	18	3	8	80,9216	0,15			NAKES	NAKES	NAKES				Nakes INSTALASI LAB PATOLOGI KLINIK
1207	RITA HARTATI, S.Tr. Kes	Nakes	III/d	4301200	500000	6	6	6	1	2	INSTALASI LAB PATOLOGI KLINIK	25,8072	18	18	18	3	8	90,8072	0			NAKES	NAKES	NAKES				Nakes INSTALASI LAB PATOLOGI KLINIK
1208	ROBBY DEWAN TANJUNG, Amd.AK	Nakes	VII	2858800	500000	5	6	6	1	2	INSTALASI LAB PATOLOGI KLINIK	17,1528	15	18	18	3	8	79,1528	0,15			NAKES	NAKES	NAKES				Nakes INSTALASI LAB PATOLOGI KLINIK
1209	SILVANO ADHARANA, S.Tr. Kes	Nakes	IX	3304400	500000	6	6	6	1	2	INSTALASI LAB PATOLOGI KLINIK	19,8264	18	18	18	3	8	84,8264	0,05			NAKES	NAKES	NAKES				Nakes INSTALASI LAB PATOLOGI KLINIK
1210	SOFIANI, Amd. AK	Nakes	VII	2858800	500000	5	6	6	1	2	INSTALASI LAB PATOLOGI KLINIK	17,1528	15	18	18	3	8	79,1528	0,05			NAKES	NAKES	NAKES				Nakes INSTALASI LAB PATOLOGI KLINIK
1211	Sri Ari Isnaini, SST, M.KM	Nakes	III/d	4301200	500000	8	6	6	1	2	INSTALASI LAB PATOLOGI KLINIK	25,8072	24	18	18	3	8	96,8072	0,05			NAKES	NAKES	NAKES				Nakes INSTALASI LAB PATOLOGI KLINIK
1212	SUHERMAN, A.MD.AK	Nakes	II/d	3219200	500000	5	6	6	1	2	INSTALASI LAB PATOLOGI KLINIK	19,3152	15	18	18	3	8	81,3152	0			NAKES	NAKES	NAKES				Nakes INSTALASI LAB PATOLOGI KLINIK
1213	Syamsinar, S.ST., M.Si	Nakes	IV/a	4346200	500000	8	6	6	1	2	INSTALASI LAB PATOLOGI KLINIK	26,0772	24	18	18	3	8	97,0772	0,05			NAKES	NAKES	NAKES				Nakes INSTALASI LAB PATOLOGI KLINIK
1214	Tri Asih Widayanti, A.Md.AK	Nakes	III/a	3918100	500000	5	6	6	1	2	INSTALASI LAB PATOLOGI KLINIK	23,5086	15	18	18	3	8	85,5086	0			NAKES	NAKES	NAKES				Nakes INSTALASI LAB PATOLOGI KLINIK
1215	WAHYU YULIANTI, S.ST	Nakes	IV/c	5687200	500000	6	6	6	1	2	INSTALASI LAB PATOLOGI KLINIK	34,1232	18	18	18	3	8	99,1232	0,05			NAKES	NAKES	NAKES				Nakes INSTALASI LAB PATOLOGI KLINIK
1216	YETRI YULIANA, S.ST	Nakes	III/d	4169900	500000	6	6	6	1	2	INSTALASI LAB PATOLOGI KLINIK	25,0194	18	18	18	3	8	90,0194	0			NAKES	NAKES	NAKES				Nakes INSTALASI LAB PATOLOGI KLINIK
1217	Yosi Marlina, SST	Nakes	IV/c	5687200	500000	6	6	6	1	2	INSTALASI LAB PATOLOGI KLINIK	34,1232	18	18	18	3	8	99,1232	0,05			NAKES	NAKES	NAKES				Nakes INSTALASI LAB PATOLOGI KLINIK
1218	Yudi Hardiyanto, SST	Nakes	IV/a	4770000	500000	6	6	6	1	2	INSTALASI LAB PATOLOGI KLINIK	28,62	18	18	18	3	8	93,62	0,05			NAKES	NAKES	NAKES				Nakes INSTALASI LAB PATOLOGI KLINIK
1219	YULIANA PRADITA, Amd.Kes	Nakes	VII	2858800	500000	5	6	6	1	2	INSTALASI LAB PATOLOGI KLINIK	17,1528	15	18	18	3	8	79,1528	0,05			NAKES	NAKES	NAKES				Nakes INSTALASI LAB PATOLOGI KLINIK
1220	YUNANI AFRIYANTIE, S.ST	Nakes	IV/b	4971700	500000	6	6	6	1	2	INSTALASI LAB PATOLOGI KLINIK	29,8302	18	18	18	3	8	94,8302	0,05			NAKES	NAKES	NAKES				Nakes INSTALASI LAB PATOLOGI KLINIK
1221	Achmad Syahroni, S.Tr.Kes	Nakes	III/c	4528900	500000	6	6	6	1	2	INSTALASI PATOLOGI ANATOMI	27,1734	18	18	18	3	8	92,1734	0,05			NAKES	NAKES	NAKES				Nakes INSTALASI PATOLOGI ANATOMI
1222	DESTIANA PUTRI PUGURA, A.MD.AK	Nakes	III/b	3607500	500000	5	6	6	1	2	INSTALASI PATOLOGI ANATOMI	21,645	15	18	18	3	8	83,645	0,05			NAKES	NAKES	NAKES				Nakes INSTALASI PATOLOGI ANATOMI
1223	DIKI AKROMAL, S.Tr.Kes	Nakes	IX	3304400	500000	6	6	6	1	2	INSTALASI PATOLOGI ANATOMI	19,8264	18	18	18	3	8	84,8264	0			NAKES	NAKES	NAKES				Nakes INSTALASI PATOLOGI ANATOMI
1224	DY USWATUN HASANAH, Amd. AK	Nakes	VII	2858800	500000	5	6	6	1	2	INSTALASI PATOLOGI ANATOMI	17,1528	15	18	18	3	8	79,1528	0			NAKES	NAKES	NAKES				Nakes INSTALASI PATOLOGI ANATOMI
1225	Meta Anggreani, A.Md.AK	Nakes	III/b	3959200	500000	5	6	6	1	2	INSTALASI PATOLOGI ANATOMI	23,7552	15	18	18	3	8	85,7552	0			NAKES	NAKES	NAKES				Nakes INSTALASI PATOLOGI ANATOMI
1226	PUTRI NOVIANA SARI, Amd,Kes	Nakes	VII	2858800	500000	5	6	6	1	2	INSTALASI PATOLOGI ANATOMI	17,1528	15	18	18	3	8	79,1528	0			NAKES	NAKES	NAKES				Nakes INSTALASI PATOLOGI ANATOMI
1227	RAIDAH HANIFAH, S.Tr. Kes	Nakes	IX	3203600	500000	6	6	6	1	2	INSTALASI PATOLOGI ANATOMI	19,2216	18	18	18	3	8	84,2216	0,05			NAKES	NAKES	NAKES				Nakes INSTALASI PATOLOGI ANATOMI
1228	Kausar	Nakes	II/d	4041500	500000	3	6	4	1	2	INSTALASI FORENSIK	24,249	9	18	12	3	8	74,249	0,05			NAKES	NAKES	NAKES				Nakes INSTALASI FORENSIK
1229	Rudy Yanuardi, A.Md.Kep	Nakes	III/b	3607500	500000	5	6	4	1	2	INSTALASI FORENSIK	21,645	15	18	12	3	8	77,645	0,05			NAKES	NAKES	NAKES				Nakes INSTALASI FORENSIK
1230	SUSILO,S.KEP	Nakes	III/b	4390700	500000	6	6	4	1	2	INSTALASI FORENSIK	26,3442	18	18	12	3	8	85,3442	0			NAKES	NAKES	NAKES				Nakes INSTALASI FORENSIK
1231	Totok Subroto, A.Md.Kep	Nakes	III/c	4671600	500000	5	6	4	1	2	INSTALASI FORENSIK	28,0296	15	18	12	3	8	84,0296	0			NAKES	NAKES	NAKES				Nakes INSTALASI FORENSIK
1232	Fajarudin, S.Kep, MM	Nakes	III/d	4720500	500000	8	2	2	1	2	INSTALASI MEDICAL CHECK UP	28,323	24	6	6	3	8	75,323	0			NAKES	NAKES	NAKES				Nakes INSTALASI MEDICAL CHECK UP
1233	MERRI NINTA S, S.ST	Nakes	III/c	3533900	500000	6	2	2	1	2	INSTALASI MEDICAL CHECK UP	21,2034	18	6	6	3	8	62,2034	0			NAKES	NAKES	NAKES				Nakes INSTALASI MEDICAL CHECK UP
1234	Ns. ERYKA LUSIYANTI, S.Kep	Nakes	III/d	3919100	500000	7	12	6	1	2	R. PBH LANTAI 1	23,5146	21	36	18	3	8	109,5146	0,05			NAKES	NAKES	NAKES				Nakes R. PBH LANTAI 1
1235	Roslina	Nakes	II/c	3877500	500000	5	2	2	1	2	INSTALASI MEDICAL CHECK UP	23,265	15	6	6	3	8	61,265	0			NAKES	NAKES	NAKES				Nakes INSTALASI MEDICAL CHECK UP
1236	Ahmad Suprayitno	Nakes	II/d	3999600	500000	3	6	6	1	2	UNIT TRANSFUSI DARAH (UTD-RS)	23,9976	9	18	18	3	8	79,9976	0,05			NAKES	NAKES	NAKES				Nakes UNIT TRANSFUSI DARAH (UTD-RS)
1237	ANA NUR AISAH JUMAINI, A.MD.AK	Nakes	II/d	3025600	500000	5	6	6	1	2	UNIT TRANSFUSI DARAH (UTD-RS)	18,1536	15	18	18	3	8	80,1536	0,05			NAKES	NAKES	NAKES				Nakes UNIT TRANSFUSI DARAH (UTD-RS)
1238	BELLA YUSTINAGI, Amd.Kes	Nakes	II/c	2564200	500000	5	6	6	1	2	UNIT TRANSFUSI DARAH (UTD-RS)	15,3852	15	18	18	3	8	77,3852	0,05			NAKES	NAKES	NAKES				Nakes UNIT TRANSFUSI DARAH (UTD-RS)
1239	Cahyo Kuntono, A.Md.AK	Nakes	III/b	3497300	500000	5	6	6	1	2	UNIT TRANSFUSI DARAH (UTD-RS)	20,9838	15	18	18	3	8	82,9838	0,05			NAKES	NAKES	NAKES				Nakes UNIT TRANSFUSI DARAH (UTD-RS)
1240	DINDA RENITA RAMADHANI, S.Tr.Keb	Nakes	IX	3203600	500000	6	6	6	1	2	UNIT TRANSFUSI DARAH (UTD-RS)	19,2216	18	18	18	3	8	84,2216	0,05			NAKES	NAKES	NAKES				Nakes UNIT TRANSFUSI DARAH (UTD-RS)
1241	Dwi Febriana Wardi Astuti, S.KEP	Nakes	IX	3203600	500000	6	6	6	1	2	UNIT TRANSFUSI DARAH (UTD-RS)	19,2216	18	18	18	3	8	84,2216	0			NAKES	NAKES	NAKES				Nakes UNIT TRANSFUSI DARAH (UTD-RS)
1242	EGHA SARI YUANDA, Amd.Kep	Nakes	VII	2858800	500000	5	6	6	1	2	UNIT TRANSFUSI DARAH (UTD-RS)	17,1528	15	18	18	3	8	79,1528	0			NAKES	NAKES	NAKES				Nakes UNIT TRANSFUSI DARAH (UTD-RS)
1243	EKA SINTA PRATIWI	Nakes	V	2511500	500000	3	6	6	1	2	UNIT TRANSFUSI DARAH (UTD-RS)	15,069	9	18	18	3	8	71,069	0,05			NAKES	NAKES	NAKES				Nakes UNIT TRANSFUSI DARAH (UTD-RS)
1244	Fatya Anggraini Pertiwi, A.Md.Kes	Nakes	VII	2858800	500000	5	6	6	1	2	UNIT TRANSFUSI DARAH (UTD-RS)	17,1528	15	18	18	3	8	79,1528	0			NAKES	NAKES	NAKES				Nakes UNIT TRANSFUSI DARAH (UTD-RS)
1245	FEBRI RAHMAWATI, Amd. Kep	Nakes	VII	2858800	500000	5	6	6	1	2	UNIT TRANSFUSI DARAH (UTD-RS)	17,1528	15	18	18	3	8	79,1528	0,05			NAKES	NAKES	NAKES				Nakes UNIT TRANSFUSI DARAH (UTD-RS)
1246	FITRI MEILINDA, S.Tr.Keb	Nakes	IX	3203600	500000	6	6	6	1	2	UNIT TRANSFUSI DARAH (UTD-RS)	19,2216	18	18	18	3	8	84,2216	0			NAKES	NAKES	NAKES				Nakes UNIT TRANSFUSI DARAH (UTD-RS)
1247	HENDRY VISCO RAHMADHI, Amd.AK	Nakes	VII	2858800	500000	5	6	6	1	2	UNIT TRANSFUSI DARAH (UTD-RS)	17,1528	15	18	18	3	8	79,1528	0,05			NAKES	NAKES	NAKES				Nakes UNIT TRANSFUSI DARAH (UTD-RS)
1248	KIKI ANDRIYANI, S.Tr.Kes	Nakes	III/b	3139400	500000	6	6	6	1	2	INSTALASI LAB PATOLOGI KLINIK	18,8364	18	18	18	3	8	83,8364	0			NAKES	NAKES	NAKES				Nakes INSTALASI LAB PATOLOGI KLINIK
1249	KUSRIADI, S.Tr.Kes	Nakes	III/d	4042500	500000	6	6	6	1	2	UNIT TRANSFUSI DARAH (UTD-RS)	24,255	18	18	18	3	8	89,255	0,05			NAKES	NAKES	NAKES				Nakes UNIT TRANSFUSI DARAH (UTD-RS)
1250	Novita Silvarina, A.Md.AK	Nakes	III/b	3390500	500000	5	6	6	1	2	UNIT TRANSFUSI DARAH (UTD-RS)	20,343	15	18	18	3	8	82,343	0			NAKES	NAKES	NAKES				Nakes UNIT TRANSFUSI DARAH (UTD-RS)
1251	Ns.Nurhamid, S.Kep	Nakes	III/c	4528900	500000	7	6	6	1	2	UNIT TRANSFUSI DARAH (UTD-RS)	27,1734	21	18	18	3	8	95,1734	0,05			NAKES	NAKES	NAKES				Nakes UNIT TRANSFUSI DARAH (UTD-RS)
1252	Rahmi Nidalia, S.Tr.Kes	Nakes	III/b	3238300	500000	6	6	6	1	2	UNIT TRANSFUSI DARAH (UTD-RS)	19,4298	18	18	18	3	8	84,4298	0			NAKES	NAKES	NAKES				Nakes UNIT TRANSFUSI DARAH (UTD-RS)
1253	SALAM HARI AKBAR, Amd.Kes	Nakes	II/c	2564200	500000	5	6	6	1	2	UNIT TRANSFUSI DARAH (UTD-RS)	15,3852	15	18	18	3	8	77,3852	0,05			NAKES	NAKES	NAKES				Nakes UNIT TRANSFUSI DARAH (UTD-RS)
1254	SARAH SYAFIRA, Amd.Kes	Nakes	VII	2858800	500000	5	6	6	1	2	UNIT TRANSFUSI DARAH (UTD-RS)	17,1528	15	18	18	3	8	79,1528	0			NAKES	NAKES	NAKES				Nakes UNIT TRANSFUSI DARAH (UTD-RS)
1255	Satri Indiyani, A.Md.AK	Nakes	III/d	4169900	500000	5	6	6	1	2	UNIT TRANSFUSI DARAH (UTD-RS)	25,0194	15	18	18	3	8	87,0194	0,05			NAKES	NAKES	NAKES				Nakes UNIT TRANSFUSI DARAH (UTD-RS)
1256	SETIYANA, Amd.Kes	Nakes	II/c	2564200	500000	5	6	6	1	2	UNIT TRANSFUSI DARAH (UTD-RS)	15,3852	15	18	18	3	8	77,3852	0,15			NAKES	NAKES	NAKES				Nakes UNIT TRANSFUSI DARAH (UTD-RS)
1257	Sri Hidayat S, A.Md.Kep	Nakes	III/b	3607500	500000	5	6	6	1	2	UNIT TRANSFUSI DARAH (UTD-RS)	21,645	15	18	18	3	8	83,645	0,05			NAKES	NAKES	NAKES				Nakes UNIT TRANSFUSI DARAH (UTD-RS)
1258	SUCI ANIZA PUTRI, Amd.Kes	Nakes	II/c	2564200	500000	5	6	6	1	2	UNIT TRANSFUSI DARAH (UTD-RS)	15,3852	15	18	18	3	8	77,3852	0,05			NAKES	NAKES	NAKES				Nakes UNIT TRANSFUSI DARAH (UTD-RS)
1259	TRI ANDES SINAGA, A.MD. AK	Nakes	III/b	3959200	500000	5	6	6	1	2	UNIT TRANSFUSI DARAH (UTD-RS)	23,7552	15	18	18	3	8	85,7552	0,05			NAKES	NAKES	NAKES				Nakes UNIT TRANSFUSI DARAH (UTD-RS)
1260	YESI INDRAYANI, A.Md.Kes	Nakes	vii	2858800	500000	5	6	6	1	2	UNIT TRANSFUSI DARAH (UTD-RS)	17,1528	15	18	18	3	8	79,1528	0,05			NAKES	NAKES	NAKES				Nakes UNIT TRANSFUSI DARAH (UTD-RS)
1261	Edi Endarto, S. Kep	Nakes	III/d	4720500	500000	6	12	6	1	2	INSTALASI HEMODIALISA	28,323	18	36	18	3	8	111,323	0,05			NAKES	NAKES	NAKES				Nakes INSTALASI HEMODIALISA
1262	Elvan Damayka, Amd. Kep	Nakes	II/d	3320600	500000	5	12	6	1	2	INSTALASI HEMODIALISA	19,9236	15	36	18	3	8	99,9236	0,05			NAKES	NAKES	NAKES				Nakes INSTALASI HEMODIALISA
1263	Endang Sukmawati, A.Md.Kep	Nakes	III/b	4083900	500000	5	12	6	1	2	INSTALASI HEMODIALISA	24,5034	15	36	18	3	8	104,5034	0,05			NAKES	NAKES	NAKES				Nakes INSTALASI HEMODIALISA
1264	M.RAKA PRATAMA PUTRA, A.MD.KEP	Nakes	II/c	2645000	500000	5	12	6	1	2	INSTALASI HEMODIALISA	15,87	15	36	18	3	8	95,87	0			NAKES	NAKES	NAKES				Nakes INSTALASI HEMODIALISA
1265	Manap Putra, S.Kep	Nakes	III/b	4083900	500000	6	12	6	1	2	INSTALASI HEMODIALISA	24,5034	18	36	18	3	8	107,5034	0,05			NAKES	NAKES	NAKES				Nakes INSTALASI HEMODIALISA
1266	MUHAMMAD IQBAL ISKANDAR, Amd.Kep	Nakes	VII	2858800	500000	5	12	6	1	2	INSTALASI HEMODIALISA	17,1528	15	36	18	3	8	97,1528	0,05			NAKES	NAKES	NAKES				Nakes INSTALASI HEMODIALISA
1267	Ns. AGUS TRI WIYONO, S.Kep	Nakes	X	3339100	500000	7	12	6	1	2	INSTALASI HEMODIALISA	20,0346	21	36	18	3	8	106,0346	0,05			NAKES	NAKES	NAKES				Nakes INSTALASI HEMODIALISA
1268	Ns. GALUH PRABAWATI UTAMI, S.Kep	Nakes	X	3339100	500000	7	12	6	1	2	INSTALASI HEMODIALISA	20,0346	21	36	18	3	8	106,0346	0			NAKES	NAKES	NAKES				Nakes INSTALASI HEMODIALISA
1269	Ns. Nirwani, S.ST	Nakes	III/d	5180700	500000	7	12	6	1	2	INSTALASI HEMODIALISA	31,0842	21	36	18	3	8	117,0842	0			NAKES	NAKES	NAKES				Nakes INSTALASI HEMODIALISA
1270	Ns. YOLA LUPITA, S.Kep	Nakes	III/b	2995000	500000	7	12	6	1	2	INSTALASI HEMODIALISA	17,97	21	36	18	3	8	103,97	0,05			NAKES	NAKES	NAKES				Nakes INSTALASI HEMODIALISA
1271	Ns.Ahmad Zulian Mulkan, S.Kep	Nakes	III/d	3919100	500000	7	12	6	1	2	INSTALASI HEMODIALISA	23,5146	21	36	18	3	8	109,5146	0,05			NAKES	NAKES	NAKES				Nakes INSTALASI HEMODIALISA
1272	Ns.Mirta, S.Kep	Nakes	III/d	4720500	500000	7	12	6	1	2	INSTALASI HEMODIALISA	28,323	21	36	18	3	8	114,323	0,05			NAKES	NAKES	NAKES				Nakes INSTALASI HEMODIALISA
1273	Nurlela, A.Md.Kep	Nakes	III/b	4623200	500000	5	12	6	1	2	INSTALASI HEMODIALISA	27,7392	15	36	18	3	8	107,7392	0			NAKES	NAKES	NAKES				Nakes INSTALASI HEMODIALISA
1274	Raesita Kurnia, A.Md.Kep	Nakes	II/d	2980800	500000	5	12	6	1	2	INSTALASI HEMODIALISA	17,8848	15	36	18	3	8	97,8848	0			NAKES	NAKES	NAKES				Nakes INSTALASI HEMODIALISA
1275	Rini Sapriany, S.Kep	Nakes	III/b	3607500	500000	5	12	6	1	2	INSTALASI HEMODIALISA	21,645	15	36	18	3	8	101,645	0,05			NAKES	NAKES	NAKES				Nakes INSTALASI HEMODIALISA
1276	SUAINI YULYANTI, S.Kep	Nakes	III/b	3838300	500000	6	12	6	1	2	INSTALASI HEMODIALISA	23,0298	18	36	18	3	8	106,0298	0			NAKES	NAKES	NAKES				Nakes INSTALASI HEMODIALISA
1277	Syamroni, A.Md.Kep	Nakes	III/a	3106900	500000	5	12	6	1	2	INSTALASI HEMODIALISA	18,6414	15	36	18	3	8	98,6414	0			NAKES	NAKES	NAKES				Nakes INSTALASI HEMODIALISA
1278	WAHYU PIDADA, Amd.Kep	Nakes	VII	2858800	500000	5	12	6	1	2	INSTALASI HEMODIALISA	17,1528	15	36	18	3	8	97,1528	0,05			NAKES	NAKES	NAKES				Nakes INSTALASI HEMODIALISA
1279	YANI RENVILIA, Amd.Kep	Nakes	VII	2858800	500000	5	12	6	1	2	INSTALASI HEMODIALISA	17,1528	15	36	18	3	8	97,1528	0			NAKES	NAKES	NAKES				Nakes INSTALASI HEMODIALISA
1280	Yudi Hartono, A.Md. kep	Nakes	III/b	4083900	500000	5	12	6	1	2	INSTALASI HEMODIALISA	24,5034	15	36	18	3	8	104,5034	0			NAKES	NAKES	NAKES				Nakes INSTALASI HEMODIALISA
1281	Yuliansyah, A.Md	Nakes	III/b	4345100	500000	5	12	6	1	2	INSTALASI HEMODIALISA	26,0706	15	36	18	3	8	106,0706	0			NAKES	NAKES	NAKES				Nakes INSTALASI HEMODIALISA
1282	Ahmad Fauzi, A.Mk	Nakes	III/c	4256600	500000	5	4	4	1	2	INSTALASI ENDOSCOPY	25,5396	15	12	12	3	8	75,5396	0,05			NAKES	NAKES	NAKES				Nakes INSTALASI ENDOSCOPY
1283	EKO WIDIANTO, Amd.Kep	Nakes	VII	2858800	500000	5	4	4	1	2	INSTALASI ENDOSCOPY	17,1528	15	12	12	3	8	67,1528	0,05			NAKES	NAKES	NAKES				Nakes INSTALASI ENDOSCOPY
1284	FEBRIYANA SAPUTRI NARA, Amd. Kep	Nakes	II/c	2564300	500000	5	4	4	1	2	INSTALASI ENDOSCOPY	15,3858	15	12	12	3	8	65,3858	0,05			NAKES	NAKES	NAKES				Nakes INSTALASI ENDOSCOPY
1285	EKA RUSTINA, Amd.Kep	Nakes	VII	2858800	500000	5	6	2	1	2	INSTALASI CSSD	17,1528	15	18	6	3	8	67,1528	0,05			NAKES	NAKES	NAKES				Nakes INSTALASI CSSD
1286	HENDRIANSYAH, Amd. Kep	Nakes	VII	2858800	500000	5	6	2	1	2	INSTALASI CSSD	17,1528	15	18	6	3	8	67,1528	0,05			NAKES	NAKES	NAKES				Nakes INSTALASI CSSD
1287	Milzan Faliandra, A.Md.Kep	Nakes	III/d	0	500000	0	0	0	0	0	INSTALASI CSSD	0	0	0	0	0	0	0	0,05			NAKES	NAKES	NAKES				Nakes INSTALASI CSSD
1288	Mohammad Amdy Dwi Putra.Amd.F	Nakes	II/d	3533100	500000	5	6	2	1	2	INSTALASI CSSD	21,1986	15	18	6	3	8	71,1986	0,05			NAKES	NAKES	NAKES				Nakes INSTALASI CSSD
1289	WIWIT PURNAWAN, Amd.Kep	Nakes	VII	2858800	500000	5	6	2	1	2	INSTALASI CSSD	17,1528	15	18	6	3	8	67,1528	0,15			NAKES	NAKES	NAKES				Nakes INSTALASI CSSD
1290	HENDRA SAPUTRA, A.MD. KEP	Nakes	II/c	2564200	500000	5	12	12	1	2	INSTALASI CATH LAB	15,3852	15	36	36	3	8	113,3852	0,05			NAKES	NAKES	NAKES				Nakes INSTALASI CATH LAB
1291	Narda Riki, S.Kep	Nakes	III/b	3390500	500000	6	12	12	1	2	INSTALASI CATH LAB	20,343	18	36	36	3	8	121,343	0,05			NAKES	NAKES	NAKES				Nakes INSTALASI CATH LAB
1292	Ns,Arif Nurrohman,S.Kep	Nakes	III/b	3607500	500000	7	12	12	1	2	INSTALASI CATH LAB	21,645	21	36	36	3	8	125,645	0			NAKES	NAKES	NAKES				Nakes INSTALASI CATH LAB
1293	Ns. Yuli Lestari, S.Kep	Nakes	III/b	2995000	500000	7	12	12	1	2	INSTALASI CATH LAB	17,97	21	36	36	3	8	121,97	0			NAKES	NAKES	NAKES				Nakes INSTALASI CATH LAB
1294	NS. ZAINAL ABIDIN, S.KEP	Nakes	III/d	4042500	500000	7	12	12	1	2	INSTALASI CATH LAB	24,255	21	36	36	3	8	128,255	0,05			NAKES	NAKES	NAKES				Nakes INSTALASI CATH LAB
1295	Prasetyo Nugroho, A.Md.Rad	Nakes	III/c	4528900	500000	5	12	12	1	2	INSTALASI CATH LAB	27,1734	15	36	36	3	8	125,1734	0,05			NAKES	NAKES	NAKES				Nakes INSTALASI CATH LAB
1296	Rhany Meihendarni, A.Md.Kep	Nakes	III/a	3204700	500000	5	12	12	1	2	INSTALASI CATH LAB	19,2282	15	36	36	3	8	117,2282	0,05			NAKES	NAKES	NAKES				Nakes INSTALASI CATH LAB
1297	Sumarni, S.Kep	Nakes	III/b	3390500	500000	6	12	12	1	2	INSTALASI CATH LAB	20,343	18	36	36	3	8	121,343	0			NAKES	NAKES	NAKES				Nakes INSTALASI CATH LAB
1298	Tri Ichwani, S.ST	Nakes	IV/a	5075200	500000	6	12	12	1	2	INSTALASI CATH LAB	30,4512	18	36	36	3	8	131,4512	0,05			NAKES	NAKES	NAKES				Nakes INSTALASI CATH LAB
1299	Ns. WAHYU SETIOKO, S.Kep	Nakes	III/c	3878500	500000	7	12	12	1	2	INSTALASI CATH LAB	23,271	21	36	36	3	8	127,271	0			NAKES	NAKES	NAKES				Nakes INSTALASI CATH LAB
1300	Yudi Putra, A.Md.Kep	Nakes	III/b	3497300	500000	5	12	12	1	2	INSTALASI CATH LAB	20,9838	15	36	36	3	8	118,9838	0			NAKES	NAKES	NAKES				Nakes INSTALASI CATH LAB
1301	RAFLI FILANO, S.Si.,M.T 	Nakes	-	2903600	500000	6	12	6	1	2	INSTALASI RADIOTERAPI	17,4216	18	36	18	3	8	100,4216	0,05			NAKES	NAKES	NAKES				Nakes INSTALASI RADIOTERAPI
1302	AJI WIDI CAHYADI, Amd.Rad	Nakes	II/c	2564200	500000	5	12	6	1	2	INSTALASI RADIOTERAPI	15,3852	15	36	18	3	8	95,3852	0,05			NAKES	NAKES	NAKES				Nakes INSTALASI RADIOTERAPI
1303	ALOYSIA LORENA S D.S.Tr.Rad	Nakes	III/b	3186600	500000	6	12	6	1	2	INSTALASI RADIOTERAPI	19,1196	18	36	18	3	8	102,1196	0,05			NAKES	NAKES	NAKES				Nakes INSTALASI RADIOTERAPI
1304	ANDRI ELZAR, S.ST	Nakes	III/b	3186600	500000	6	12	6	1	2	INSTALASI RADIOTERAPI	19,1196	18	36	18	3	8	102,1196	0,05			NAKES	NAKES	NAKES				Nakes INSTALASI RADIOTERAPI
1305	ANIK NURREZA, S.Tr. Kes	Nakes	III/a	2873500	500000	6	12	6	1	2	INSTALASI RADIOTERAPI	17,241	18	36	18	3	8	100,241	0			NAKES	NAKES	NAKES				Nakes INSTALASI RADIOTERAPI
1306	ANITA YULIANA, Amd.Rad	Nakes	II/c	2564200	500000	5	12	6	1	2	INSTALASI RADIOTERAPI	15,3852	15	36	18	3	8	95,3852	0,05			NAKES	NAKES	NAKES				Nakes INSTALASI RADIOTERAPI
1307	BAGUS SUSANTO, S.Tr. Rad	Nakes	III/a	2873500	500000	6	12	6	1	2	INSTALASI RADIOTERAPI	17,241	18	36	18	3	8	100,241	0,05			NAKES	NAKES	NAKES				Nakes INSTALASI RADIOTERAPI
1308	Bayu Pranoto, AMd.Rad	Nakes	VII	2858800	500000	5	12	6	1	2	INSTALASI RADIOTERAPI	17,1528	15	36	18	3	8	97,1528	0,05			NAKES	NAKES	NAKES				Nakes INSTALASI RADIOTERAPI
1309	Cahya Wulandari, M.Si	Nakes	-	2300000	500000	3	12	6	1	2	INSTALASI RADIOTERAPI	13,8	9	36	18	3	8	87,8	0,05			NAKES	NAKES	NAKES				Nakes INSTALASI RADIOTERAPI
1310	FAJRIN ESA PUTRA, S.Si	Nakes	III/a	2873500	500000	6	12	6	1	2	INSTALASI RADIOTERAPI	17,241	18	36	18	3	8	100,241	0			NAKES	NAKES	NAKES				Nakes INSTALASI RADIOTERAPI
1311	Fifin Aprina, S.Kep	Nakes	III/c	3760100	500000	6	12	6	1	2	INSTALASI RADIOTERAPI	22,5606	18	36	18	3	8	105,5606	0,05			NAKES	NAKES	NAKES				Nakes INSTALASI RADIOTERAPI
1312	HASBUNALLAH ANWAR, S.Tr.Kes(Rad)	Nakes	III/a	2873500	500000	6	12	6	1	2	INSTALASI RADIOTERAPI	17,241	18	36	18	3	8	100,241	0,05			NAKES	NAKES	NAKES				Nakes INSTALASI RADIOTERAPI
1313	Joko Heriyanto, A.Md. Kep	Nakes	III/b	3607500	500000	5	12	6	1	2	INSTALASI RADIOTERAPI	21,645	15	36	18	3	8	101,645	0			NAKES	NAKES	NAKES				Nakes INSTALASI RADIOTERAPI
1314	LUSI APRIYANTI, Amd.Rad	Nakes	VII	2858800	500000	5	12	6	1	2	INSTALASI RADIOTERAPI	17,1528	15	36	18	3	8	97,1528	0			NAKES	NAKES	NAKES				Nakes INSTALASI RADIOTERAPI
1315	Ns. DWI AMALIA ANGGRAINI, S.Kep	Nakes	X	3339100	500000	7	12	6	1	2	INSTALASI RADIOTERAPI	20,0346	21	36	18	3	8	106,0346	0			NAKES	NAKES	NAKES				Nakes INSTALASI RADIOTERAPI
1316	Ns. HENI MUSHIDAYATI, S.Kep	Nakes	X	3339100	500000	7	12	6	1	2	INSTALASI RADIOTERAPI	20,0346	21	36	18	3	8	106,0346	0,05			NAKES	NAKES	NAKES				Nakes INSTALASI RADIOTERAPI
1317	Ns. MULYA DESVIKO, S.Kep	Nakes	X	3339100	500000	7	12	6	1	2	INSTALASI RADIOTERAPI	20,0346	21	36	18	3	8	106,0346	0			NAKES	NAKES	NAKES				Nakes INSTALASI RADIOTERAPI
1318	NS.Siti Nursondang, S.Kep	Nakes	III/d	4301200	500000	7	12	6	1	2	INSTALASI RADIOTERAPI	25,8072	21	36	18	3	8	111,8072	0			NAKES	NAKES	NAKES				Nakes INSTALASI RADIOTERAPI
1319	Sholihin	Nakes	II/d	3425200	500000	3	12	6	1	2	INSTALASI RADIOTERAPI	20,5512	9	36	18	3	8	94,5512	0			NAKES	NAKES	NAKES				Nakes INSTALASI RADIOTERAPI
1320	Talhawi, S.ST	Nakes	III/d	4920200	500000	6	12	6	1	2	INSTALASI RADIOTERAPI	29,5212	18	36	18	3	8	112,5212	0,05			NAKES	NAKES	NAKES				Nakes INSTALASI RADIOTERAPI
1321	WILDANY ADZMI, S.Tr. Rad	Nakes	III/a	2873500	500000	6	12	6	1	2	INSTALASI RADIOTERAPI	17,241	18	36	18	3	8	100,241	0			NAKES	NAKES	NAKES				Nakes INSTALASI RADIOTERAPI
1322	ARY WIDYASTUTI, Amd. Kes	Nakes	VII	2858800	500000	5	6	6	1	2	INSTALASI MIKROBIOLOGI	17,1528	15	18	18	3	8	79,1528	0			NAKES	NAKES	NAKES				Nakes INSTALASI MIKROBIOLOGI
1323	LISDA OKTAVIA, Amd.Kes	Nakes	VII	2858800	500000	5	6	6	1	2	INSTALASI MIKROBIOLOGI	17,1528	15	18	18	3	8	79,1528	0			NAKES	NAKES	NAKES				Nakes INSTALASI MIKROBIOLOGI
1324	MARLINA, Amk, AK	Nakes	VII	2858800	500000	5	6	6	1	2	INSTALASI MIKROBIOLOGI	17,1528	15	18	18	3	8	79,1528	0,05			NAKES	NAKES	NAKES				Nakes INSTALASI MIKROBIOLOGI
1325	Neneng Kurnia Mayasari, S.Tr.Kes	Nakes	III/d	4720500	500000	6	6	6	1	2	INSTALASI MIKROBIOLOGI	28,323	18	18	18	3	8	93,323	0			NAKES	NAKES	NAKES				Nakes INSTALASI MIKROBIOLOGI
1326	OKTAVIA PUSPA DEWI, Amd.Kes	Nakes	VII	2858800	500000	5	6	6	1	2	INSTALASI MIKROBIOLOGI	17,1528	15	18	18	3	8	79,1528	0			NAKES	NAKES	NAKES				Nakes INSTALASI MIKROBIOLOGI
1327	RISKY MESSYANA, Amd. Kes	Nakes	VII	2858800	500000	5	6	6	1	2	INSTALASI MIKROBIOLOGI	17,1528	15	18	18	3	8	79,1528	0			NAKES	NAKES	NAKES				Nakes INSTALASI MIKROBIOLOGI
1328	YOGI ALAN NUANSA PUTRA, Amd.Rad	Nakes	II/c	2564200	500000	5	12	4	1	2	INSTALASI RADIOLOGI	15,3852	15	36	12	3	8	89,3852	0			NAKES	NAKES	NAKES				Nakes INSTALASI RADIOLOGI
1329	ANTIKA CAHYANINGRUM, A.Md.Kes	Nakes	II/c	2728300	500000	5	2	2	1	2	SUB BAGIAN REKAM MEDIK 2	16,3698	15	6	6	3	8	54,3698	0,05			NAKES	NAKES	NAKES				Nakes SUB BAGIAN REKAM MEDIK 2
1330	CITRA PUSPITA SARI, A.Md	Nakes	II/c	2728300	500000	5	4	2	1	2	SUB BAGIAN REKAM MEDIK 2	16,3698	15	12	6	3	8	60,3698	0,05			NAKES	NAKES	NAKES				Nakes SUB BAGIAN REKAM MEDIK 2
1331	FATSHOL NURUL F, Amd	Nakes	VII	2858800	500000	5	2	2	1	2	SUB BAGIAN REKAM MEDIK 2	17,1528	15	6	6	3	8	55,1528	0			NAKES	NAKES	NAKES				Nakes SUB BAGIAN REKAM MEDIK 2
1332	Masro Dewi, A.Md	Nakes	III/b	3238300	500000	5	4	2	1	2	SUB BAGIAN REKAM MEDIK 2	19,4298	15	12	6	3	8	63,4298	0,05			NAKES	NAKES	NAKES				Nakes SUB BAGIAN REKAM MEDIK 2
1333	RAHMI YOLANDA, A.Md	Nakes	II/c	2728300	500000	5	4	2	1	2	SUB BAGIAN REKAM MEDIK 2	16,3698	15	12	6	3	8	60,3698	0			NAKES	NAKES	NAKES				Nakes SUB BAGIAN REKAM MEDIK 2
1334	RAMADHANTI MARYANTO, A.Md.RMIK	Nakes	II/c	2728300	500000	5	4	2	1	2	SUB BAGIAN REKAM MEDIK 2	16,3698	15	12	6	3	8	60,3698	0,05			NAKES	NAKES	NAKES				Nakes SUB BAGIAN REKAM MEDIK 2
1335	SHERLY MEIRITA ANDANI, A.Md.RMIK	Nakes	II/c	2728300	500000	5	2	2	1	2	SUB BAGIAN REKAM MEDIK 2	16,3698	15	6	6	3	8	54,3698	0,05			NAKES	NAKES	NAKES				Nakes SUB BAGIAN REKAM MEDIK 2
1336	SITI FATIMAH. Amd.PK	Nakes	VII	2858800	500000	5	2	2	1	2	SUB BAGIAN REKAM MEDIK 2	17,1528	15	6	6	3	8	55,1528	0,05			NAKES	NAKES	NAKES				Nakes SUB BAGIAN REKAM MEDIK 2
1337	Sulistiowati, Amd	Nakes	III/a	3682500	500000	5	2	2	1	2	SUB BAGIAN REKAM MEDIK 2	22,095	15	6	6	3	8	60,095	0			NAKES	NAKES	NAKES				Nakes SUB BAGIAN REKAM MEDIK 2
1338	Trisnawati, A.Md	Nakes	III/b	3721100	500000	5	4	2	1	2	SUB BAGIAN REKAM MEDIK 2	22,3266	15	12	6	3	8	66,3266	0,05			NAKES	NAKES	NAKES				Nakes SUB BAGIAN REKAM MEDIK 2
1339	Ficky Aji Bimantara	Nakes	II/c	2843700	500000	5	2	2	1	2	SUB BAGIAN REKAM MEDIK 2	17,0622	15	6	6	3	8	55,0622	0			NAKES	NAKES	NAKES				Nakes SUB BAGIAN REKAM MEDIK 2
1340	ARYANTI, SKM	Nakes	III/c	4126600	500000	6	6	2	1	2	UNIT KESEHATAN DAN KESELAMATAN KERJA (K3	24,7596	18	18	6	3	8	77,7596	0			NAKES	NAKES	NAKES				Nakes UNIT KESEHATAN DAN KESELAMATAN KERJA (K3
1341	DEDE YUYUN WAHYUNI, Amd.KL	Nakes	II/c	2564200	500000	5	6	2	1	2	UNIT KESEHATAN DAN KESELAMATAN KERJA (K3	15,3852	15	18	6	3	8	65,3852	0			NAKES	NAKES	NAKES				Nakes UNIT KESEHATAN DAN KESELAMATAN KERJA (K3
1342	TRI PUJI ASTUTI, SKM	Nakes	III/a	3153600	500000	6	6	2	1	2	UNIT KESEHATAN DAN KESELAMATAN KERJA (K3	18,9216	18	18	6	3	8	71,9216	0			NAKES	NAKES	NAKES				Nakes UNIT KESEHATAN DAN KESELAMATAN KERJA (K3
1343	Renita Sari, SKM	Nakes	III/b	3312000	500000	6	2	2	1	2	INSTALASI PROMOSI KESEHATAN RS (PKRS)	19,872	18	6	6	3	8	60,872	0,05			NAKES	NAKES	NAKES				Nakes INSTALASI PROMOSI KESEHATAN RS (PKRS)
1344	Winarsih,SKM	Nakes	III/b	3287000	500000	6	2	2	1	2	INSTALASI PROMOSI KESEHATAN RS (PKRS)	19,722	18	6	6	3	8	60,722	0			NAKES	NAKES	NAKES				Nakes INSTALASI PROMOSI KESEHATAN RS (PKRS)
1345	EZI JULISKY, Amd,KL	Nakes	II/c	2564200	500000	5	6	2	1	2	INSTALASI KESEHATAN LINGKUNGAN	15,3852	15	18	6	3	8	65,3852	0			NAKES	NAKES	NAKES				Nakes INSTALASI KESEHATAN LINGKUNGAN
1346	FERLINIA FITRI, SKM	Nakes	III/c	3645200	500000	6	6	2	1	2	INSTALASI KESEHATAN LINGKUNGAN	21,8712	18	18	6	3	8	74,8712	0			NAKES	NAKES	NAKES				Nakes INSTALASI KESEHATAN LINGKUNGAN
1347	FIRGIY ANITASARIY, Amd.Kes	Nakes	VII	2858800	500000	5	6	2	1	2	INSTALASI KESEHATAN LINGKUNGAN	17,1528	15	18	6	3	8	67,1528	0			NAKES	NAKES	NAKES				Nakes INSTALASI KESEHATAN LINGKUNGAN
1348	RISKY PUTRA  ANGGARA, Amd.KL	Nakes	VII	2858800	500000	5	6	2	1	2	INSTALASI KESEHATAN LINGKUNGAN	17,1528	15	18	6	3	8	67,1528	0			NAKES	NAKES	NAKES				Nakes INSTALASI KESEHATAN LINGKUNGAN
1349	RIZTANTI CLARA PUTRI, Amd. Kes	Nakes	II/c	2564200	500000	5	6	2	1	2	INSTALASI KESEHATAN LINGKUNGAN	15,3852	15	18	6	3	8	65,3852	0			NAKES	NAKES	NAKES				Nakes INSTALASI KESEHATAN LINGKUNGAN
1350	SUBHI  ASITA, Amd.KL	Nakes	II/c	2564200	500000	5	6	2	1	2	INSTALASI KESEHATAN LINGKUNGAN	15,3852	15	18	6	3	8	65,3852	0,15			NAKES	NAKES	NAKES				Nakes INSTALASI KESEHATAN LINGKUNGAN
1351	YESIKA CITRA PERTIWI, S.Tr.KL	Nakes	IX	3203600	500000	5	6	2	1	2	INSTALASI KESEHATAN LINGKUNGAN	19,2216	15	18	6	3	8	69,2216	0,05			NAKES	NAKES	NAKES				Nakes INSTALASI KESEHATAN LINGKUNGAN
1352	YORANO ORTEGA, Amd.KL	Nakes	VII	2858800	500000	5	6	2	1	2	INSTALASI KESEHATAN LINGKUNGAN	17,1528	15	18	6	3	8	67,1528	0,15			NAKES	NAKES	NAKES				Nakes INSTALASI KESEHATAN LINGKUNGAN
1353	AGNEST FARIDA, A.Md	Nakes	II/d	2843700	500000	5	2	2	1	2	INSTALASI PEMELIHARAAN PERALATAN MEDIS	17,0622	15	6	6	3	8	55,0622	0,05			NAKES	NAKES	NAKES				Nakes INSTALASI PEMELIHARAAN PERALATAN MEDIS
1354	ARIEF HADI WIJANARKO. Amd.T	Nakes	II/c	2564200	500000	5	2	2	1	2	INSTALASI PEMELIHARAAN PERALATAN MEDIS	15,3852	15	6	6	3	8	53,3852	0,15			NAKES	NAKES	NAKES				Nakes INSTALASI PEMELIHARAAN PERALATAN MEDIS
1355	BERLIANTO CAHYADI, Amd.T	Nakes	II/c	2564200	500000	5	2	2	1	2	INSTALASI PEMELIHARAAN PERALATAN MEDIS	15,3852	15	6	6	3	8	53,3852	0,15			NAKES	NAKES	NAKES				Nakes INSTALASI PEMELIHARAAN PERALATAN MEDIS
1356	FAJAR SIDIQ RIZKIAWAN, A.Md	Nakes	II/d	2843700	500000	5	2	2	1	2	INSTALASI PEMELIHARAAN PERALATAN MEDIS	17,0622	15	6	6	3	8	55,0622	0,05			NAKES	NAKES	NAKES				Nakes INSTALASI PEMELIHARAAN PERALATAN MEDIS
1357	YUFA  AGISTA, AMTE	Nakes	II/c	2564200	500000	5	2	2	1	2	INSTALASI PEMELIHARAAN PERALATAN MEDIS	15,3852	15	6	6	3	8	53,3852	0,15			NAKES	NAKES	NAKES				Nakes INSTALASI PEMELIHARAAN PERALATAN MEDIS
1358	Ns. Eko Harsono, S.Kep	Nakes	IV/a	4920200	500000	7	12	12	1	2	INSTALASI BEDAH SENTRAL	29,5212	21	36	36	3	8	133,5212	0,05				Dokter+Apoteker+Psikolog Klinis	Psikolog Klinis				
1359	FITRI YANTI HERLINDA S, M.Psi	Psikolog Klinis	III/b	2995000	500000	8	2	2	1	2	PSIKOLOG KLINIS	17,97	24	6	6	3	8	64,97	0,15				Dokter+Apoteker+Psikolog Klinis	Apoteker				Psikolog PSIKOLOG KEPERAWATAN
1360	Andriani Amiza, S.Si.Apt	Apoteker	IV/a	4084900	500000	7	4	4	1	2	APOTEKER	24,5094	21	12	12	3	8	80,5094	0,15				Dokter+Apoteker+Psikolog Klinis	Apoteker				
1361	Anton Pratama, S.Farm, Apt	Apoteker	III/d	3919100	500000	8	4	4	1	2	APOTEKER	23,5146	24	12	12	3	8	82,5146	0,15				Dokter+Apoteker+Psikolog Klinis	Apoteker				
1362	Dewi Marlina, S.Si, Apt	Apoteker	IV/c	5182000	500000	7	4	4	3	2	APOTEKER	31,092	21	12	12	9	24	109,092	0,05				Dokter+Apoteker+Psikolog Klinis	Apoteker				
1363	DYAH ERAWATI, S.Farm., Apt	Apoteker	III/b	3186600	500000	7	4	4	1	2	APOTEKER	19,1196	21	12	12	3	8	75,1196	0,15				Dokter+Apoteker+Psikolog Klinis	Apoteker				
1364	Farida, S.Si.Apt. MM	Apoteker	IV/b	4391800	500000	7	4	4	1	2	APOTEKER	26,3508	21	12	12	3	8	82,3508	0,15				Dokter+Apoteker+Psikolog Klinis	Apoteker				
1365	LIZA FITTRIA SARI,S.SI.APT	Apoteker	IV/b	4257700	500000	7	4	4	1	2	APOTEKER	25,5462	21	12	12	3	8	81,5462	0,15				Dokter+Apoteker+Psikolog Klinis	Apoteker				
1366	MIRZA JUNANDO, APT, M.FARM, KLIN	Apoteker	IV/a	4084900	500000	8	4	4	1	2	APOTEKER	24,5094	24	12	12	3	8	83,5094	0,05				Dokter+Apoteker+Psikolog Klinis	Apoteker				
1367	NAIMA NURAINI, S.Farm., Apt	Apoteker	III/b	3186600	500000	7	4	4	1	2	APOTEKER	19,1196	21	12	12	3	8	75,1196	0,05				Dokter+Apoteker+Psikolog Klinis	Apoteker				
1368	NOEFA KHATRIDA,S.SI. APT	Apoteker	IV/c	4870400	500000	7	4	4	1	2	APOTEKER	29,2224	21	12	12	3	8	85,2224	0,15				Dokter+Apoteker+Psikolog Klinis	Apoteker				
1369	Romatumiur, S.Si, Apt.	Apoteker	IV/c	4870400	500000	7	4	4	1	2	APOTEKER	29,2224	21	12	12	3	8	85,2224	0,05				Dokter+Apoteker+Psikolog Klinis	Apoteker				
1370	TETTY SYAFRIDANI, S.SI, APT,M.SI	Apoteker	IV/c	5345200	500000	8	4	4	1	2	APOTEKER	32,0712	24	12	12	3	8	91,0712	0,05				Dokter+Apoteker+Psikolog Klinis	Apoteker				
1371	WAYAN CHINTIA YUNITA, S.Farm.Apt	Apoteker	III/b	3186600	500000	7	4	4	1	2	APOTEKER	19,1196	21	12	12	3	8	75,1196	0,05				Dokter+Apoteker+Psikolog Klinis	Apoteker				
1372	RANTI YULIA FAIZAL, S.FARM., Apt	Apoteker	III/d	3683400	500000	7	4	4	1	2	APOTEKER	22,1004	21	12	12	3	8	78,1004	0,05				Dokter+Apoteker+Psikolog Klinis	Apoteker				
1373	Drs. Surya Manaor Tua, Apt	Apoteker	IV/d	6114500	500000	7	4	4	1	2	APOTEKER	36,687	21	12	12	3	8	92,687	0,05				Dokter+Apoteker+Psikolog Klinis	Dokter				
1374	dr. Aminah Zahra	Dokter Umum	X	3339100	500000	7	4	4	1	2	DOKTER IGD	20,0346	21	12	12	3	8	76,0346	0,15				Dokter+Apoteker+Psikolog Klinis	Dokter				Dokter DOKTER KEPERAWATAN
1375	dr. Aqil Maulana Akbar	Dokter Umum	X	3339100	500000	7	4	4	1	2	DOKTER IGD	20,0346	21	12	12	3	8	76,0346	0,05				Dokter+Apoteker+Psikolog Klinis	Dokter				Dokter DOKTER KEPERAWATAN
1376	dr. Nirmala Astri Prayogi	Dokter Umum	X	3339100	500000	7	4	4	1	2	DOKTER IGD	20,0346	21	12	12	3	8	76,0346	0,05				Dokter+Apoteker+Psikolog Klinis	Dokter				Dokter DOKTER KEPERAWATAN
1377	dr. Rezky Novia Indriani	Dokter Umum	X	3339100	500000	7	4	4	1	2	DOKTER IGD	20,0346	21	12	12	3	8	76,0346	0,05				Dokter+Apoteker+Psikolog Klinis	Dokter				Dokter DOKTER KEPERAWATAN
1378	dr. Rosi Indah Pratama	Dokter Umum	X	3339100	500000	7	4	4	1	2	DOKTER IGD	20,0346	21	12	12	3	8	76,0346	0,15				Dokter+Apoteker+Psikolog Klinis	Dokter				Dokter DOKTER KEPERAWATAN
1379	dr. Lilis Sumarni	Dokter Umum	IV/a	4084900	500000	7	4	4	1	2	DOKTER IGD	24,5094	21	12	12	3	8	80,5094	0,05				Dokter+Apoteker+Psikolog Klinis	Dokter				Dokter DOKTER KEPERAWATAN
1380	dr. Agnesi Zahrah Fadhilah	Dokter Umum	III/c	3321400	500000	7	6	12	1	2	SMF UMUM	19,9284	21	18	36	3	8	105,9284	0,05				Dokter+Apoteker+Psikolog Klinis	Dokter				Dokter DOKTER KEPERAWATAN
1381	dr. Alfira Lia Hanum	Case Manager	III/c	3533900	500000	7	6	12	4	2	CASE MANAGER	21,2034	21	18	36	12	32	140,2034	0,05				Dokter+Apoteker+Psikolog Klinis	Dokter				Case CASE KEPERAWATAN
1382	dr. Annisa Mardhiyyah	Dokter Umum	X	3339100	500000	7	6	12	4	2	KEPALA INSTALASI NON ESELON	20,0346	21	18	36	12	32	139,0346	0,15				Dokter+Apoteker+Psikolog Klinis	Dokter				Dokter DOKTER KEPERAWATAN
1383	dr. Etty Ning Laksmi Hendrayanti	Dokter Umum	IV/e	6373200	500000	7	4	4	1	2	SMF UMUM	38,2392	21	12	12	3	8	94,2392	0,15				Dokter+Apoteker+Psikolog Klinis	Dokter				Dokter DOKTER KEPERAWATAN
1384	dr. Lita Marlinda	Dokter Umum	III/c	3321400	500000	7	1	1	1	2	SUB BIDANG SUMBER DAYA PELAYANAN MEDIK	19,9284	21	3	3	3	8	57,9284	0,05				Dokter+Apoteker+Psikolog Klinis	Dokter				Dokter DOKTER KEPERAWATAN
1385	dr. Luqmanul Hakim	Dokter Umum	X	3339100	500000	7	6	12	1	2	SMF UMUM	20,0346	21	18	36	3	8	106,0346	0,05				Dokter+Apoteker+Psikolog Klinis	Dokter				Dokter DOKTER KEPERAWATAN
1386	dr. Ni Made Agusuriyani Diana P	Dokter Umum	X	3339100	500000	7	6	12	1	2	SMF UMUM	20,0346	21	18	36	3	8	106,0346	0,15				Dokter+Apoteker+Psikolog Klinis	Dokter				Dokter DOKTER KEPERAWATAN
1387	dr. Yeni Oktarina	Dokter Umum	IV/a	4213500	500000	7	6	12	1	2	SMF UMUM	25,281	21	18	36	3	8	111,281	0,05				Dokter+Apoteker+Psikolog Klinis	Dokter				Dokter DOKTER KEPERAWATAN
1388	dr. Cici Desmayanti	Case Manager	IV/b	4257700	500000	7	6	12	4	2	CASE MANAGER	25,5462	21	18	36	12	32	144,5462	0,05				Dokter+Apoteker+Psikolog Klinis	Dokter				Case CASE MANAGER
1389	dr. Deviani Utami	Case Manager	III/c	3878500	500000	7	4	4	4	2	CASE MANAGER	23,271	21	12	12	12	32	112,271	0,15				Dokter+Apoteker+Psikolog Klinis	Dokter				Case CASE KEPERAWATAN
1390	dr. Fahmi Aulia	Case Manager	III/c	0	500000	0	0	0	0	2	CASE MANAGER	0	0	0	0	0	0	0	0,15				Dokter+Apoteker+Psikolog Klinis	Dokter				Case CASE KARERAWATAN
1391	dr. Laisa Muliati, MARS	Case Manager	IV/c	5345200	500000	8	6	12	4	2	CASE MANAGER	32,0712	24	18	36	12	32	154,0712	0,15				Dokter+Apoteker+Psikolog Klinis	Dokter				Case CASE KEPERAWATAN
1392	dr. Muhalla Mirza Primanda	Case Manager	III/b	3186600	500000	7	6	12	4	2	CASE MANAGER	19,1196	21	18	36	12	32	138,1196	0,05				Dokter+Apoteker+Psikolog Klinis	Dokter				Case CASE KEPERAWATAN
1393	dr. Putri Prapita Sari	Case Manager	III/b	3186600	500000	7	6	12	4	2	CASE MANAGER	19,1196	21	18	36	12	32	138,1196	0,05				Dokter+Apoteker+Psikolog Klinis	Dokter				Case CASE KEPERAWATAN
1394	dr. Ratna Adiningtyas	Case Manager	IV/c	5182000	500000	7	4	4	4	2	CASE MANAGER	31,092	21	12	12	12	32	120,092	0,05				Dokter+Apoteker+Psikolog Klinis	Dokter				Case CASE KEPERAWATAN
1395	dr. Siska Juliana Pesawik	Case Manager	IV/a	4213500	500000	7	6	12	4	2	CASE MANAGER	25,281	21	18	36	12	32	144,281	0,15				Dokter+Apoteker+Psikolog Klinis	Dokter				Case CASE KEPERAWATAN
1396	dr. Teddy Wahyudianto	Case Manager	IV/a	3960200	500000	7	6	12	4	2	CASE MANAGER	23,7612	21	18	36	12	32	142,7612	0,15				Dokter+Apoteker+Psikolog Klinis	Dokter				Case CASE KEPERAWATAN
1397	dr. TRI AGUNG WIBOWO	Case Manager	X	3339100	500000	7	6	12	4	2	CASE MANAGER	20,0346	21	18	36	12	32	139,0346	0,05				Dokter+Apoteker+Psikolog Klinis	Dokter				Case CASE KEPERAWATAN
1398	dr. Triana Iswardani	Case Manager	III/c	3645200	500000	7	6	12	4	2	CASE MANAGER	21,8712	21	18	36	12	32	140,8712	0,05				Dokter+Apoteker+Psikolog Klinis	Dokter				Case CASE KEPERAWATAN
1399	dr. Zandika Hardy Harahap	Case Manager	III/c	3426000	500000	7	4	4	4	2	CASE MANAGER	20,556	21	12	12	12	32	109,556	0,05				Dokter+Apoteker+Psikolog Klinis	Dokter				Case CASE KEPERAWATAN
1400	dr. Agung Lestari	Case Manager	IV/a	4084900	500000	7	12	6	4	2	CASE MANAGER	24,5094	21	36	18	12	32	143,5094	0,05				Dokter+Apoteker+Psikolog Klinis	Dokter				Case CASE KEPERAWATAN
1401	dr. Anne Fitriyana Jayanegara, MKM	Case Manager	IV/c	5023800	500000	8	6	12	4	2	CASE MANAGER	30,1428	24	18	36	12	32	152,1428	0,05				Dokter+Apoteker+Psikolog Klinis	Dokter				Case CASE KEPERAWATAN
1402	dr. Eka Prasetyawati	Case Manager	III/c	3760100	500000	7	6	4	4	2	CASE MANAGER	22,5606	21	18	12	12	32	117,5606	0,15				Dokter+Apoteker+Psikolog Klinis	Dokter				Case CASE KEPERAWATAN
1403	dr. Elyzabeth Laura	Case Manager	III/d	4042500	500000	7	4	4	4	2	CASE MANAGER	24,255	21	12	12	12	32	113,255	0,15				Dokter+Apoteker+Psikolog Klinis	Dokter				Case CASE KEPERAWATAN
1404	dr. Farah Karina Charismaputri	Case Manager	III/d	3461900	500000	7	4	4	4	2	CASE MANAGER	20,7714	21	12	12	12	32	109,7714	0,15				Dokter+Apoteker+Psikolog Klinis	Dokter				Case CASE KEPERAWATAN
1405	dr. Lisa Novianti	Case Manager	III/d	3919100	500000	7	6	4	4	2	CASE MANAGER	23,5146	21	18	12	12	32	118,5146	0,15				Dokter+Apoteker+Psikolog Klinis	Dokter				Case CASE KEPERAWATAN
1406	dr. Tri Novendro	Case Manager	III/d	3919100	500000	7	6	12	4	2	CASE MANAGER	23,5146	21	18	36	12	32	142,5146	0,15				Dokter+Apoteker+Psikolog Klinis	Dokter				Case CASE KEPERAWATAN
1407	dr. Yulia Rossi	Case Manager	IV/a	4213500	500000	7	6	12	4	2	CASE MANAGER	25,281	21	18	36	12	32	144,281	0,15				Dokter+Apoteker+Psikolog Klinis	Dokter				Case CASE KEPERAWATAN
1408	dr. M. Syamsu Ramadhan	Ka. Inst Uronefro	IV/b	4819900	500000	7	6	12	4	2	DOKTER IGD	28,9194	21	18	36	12	32	147,9194	0				Dokter+Apoteker+Psikolog Klinis	Dokter				Inst INST KEPERAWATAN
1409	dr. Yuliana Indiani, M.M,. M.Kes	Ka. Krisis	IV/d	5571400	500000	8	2	2	4	2	PUSAT KRISIS DAN DATA KESEHATAN	33,4284	24	6	6	12	32	113,4284	0,05				Dokter+Apoteker+Psikolog Klinis	Dokter				Krisis KRISIS KEPERAWATAN
1410	drg. Dyah Dwi Setiawati	Dokter Gigi	IV/b	4819900	500000	7	2	2	1	2	SMF GILUT	28,9194	21	6	6	3	8	72,9194	0,05				Dokter+Apoteker+Psikolog Klinis	Dokter				Dokter DOKTER KEPERAWATAN
1411	drg. Martha Yolinta	Dokter Gigi	IV/b	4530100	500000	7	2	2	1	2	SMF GILUT	27,1806	21	6	6	3	8	71,1806	0,05				Dokter+Apoteker+Psikolog Klinis	Dokter				Dokter DOKTER KEPERAWATAN
1412	drg. Aprita Sharfina Linata	Dokter Gigi	IV/a	4084900	500000	7	2	2	1	2	SMF GILUT	24,5094	21	6	6	3	8	68,5094	0,05				Dokter+Apoteker+Psikolog Klinis	Dokter				Dokter DOKTER KEPERAWATAN
1413	dr, ALI IMRON Y, Sp.PD	Dokter Spesialis	-	0	500000	0	0	0	0	0	SMF PENYAKIT DALAM	0	0	0	0	0	0	0	0,15				Dokter+Apoteker+Psikolog Klinis	Dokter				Dokter DOKTER KEPERAWATAN
1414	dr. Carolina Hajir, Sp.PD	Dokter Spesialis	III/d	3919100	500000	9	6	4	1	2	SMF PENYAKIT DALAM	23,5146	27	18	12	3	8	91,5146	0,15				Dokter+Apoteker+Psikolog Klinis	Dokter				Dokter DOKTER KEPERAWATAN
1415	dr. Pieter Saragih, Sp.PD., KGEH	Dokter Spesialis	III/b	3390500	500000	10	6	4	1	2	SMF PENYAKIT DALAM	20,343	30	18	12	3	8	91,343	0,15				Dokter+Apoteker+Psikolog Klinis	Dokter				Dokter DOKTER KEPERAWATAN
1416	dr. RICKY RIVALINO SITEPU, Sp.P.D	Dokter Spesialis	III/c	3321400	500000	9	6	4	1	2	SMF PENYAKIT DALAM	19,9284	27	18	12	3	8	87,9284	0,15				Dokter+Apoteker+Psikolog Klinis	Dokter				Dokter DOKTER KEPERAWATAN
1417	dr. ADE YONATA, SP.PD-KGH., M.MOLBIOL	Dokter Spesialis	III/d	0	500000	0	0	0	0	0	SMF PENYAKIT DALAM	0	0	0	0	0	0	0	0,05				Dokter+Apoteker+Psikolog Klinis	Dokter				Dokter DOKTER KEPERAWATAN
1418	dr. Ira Laurentika, Sp.PD, KEMD	Dokter Spesialis	IV/a	4084900	500000	10	6	4	6	2	SMF PENYAKIT DALAM	24,5094	30	18	12	18	48	150,5094	0,05				Dokter+Apoteker+Psikolog Klinis	Dokter				Dokter DOKTER KEPERAWATAN
1419	dr. Juspeni Kartika, Sp.PD (K)	Dokter Spesialis	IV/a	4624300	500000	10	12	6	4	2	SMF PENYAKIT DALAM	27,7458	30	36	18	12	32	155,7458	0,05				Dokter+Apoteker+Psikolog Klinis	Dokter				Dokter DOKTER KEPERAWATAN
1420	dr. Rina Kriswiastiny, Sp.PD, K-R	Dokter Spesialis	IV/a	4770000	500000	10	6	4	1	2	SMF PENYAKIT DALAM	28,62	30	18	12	3	8	99,62	0,05				Dokter+Apoteker+Psikolog Klinis	Dokter				Dokter DOKTER KEPERAWATAN
1421	dr. Tehar Karo Karo, Sp.PD	Dokter Spesialis	IV/d	6373200	500000	9	6	4	1	2	SMF PENYAKIT DALAM	38,2392	27	18	12	3	8	106,2392	0,05				Dokter+Apoteker+Psikolog Klinis	Dokter				Dokter DOKTER KEPERAWATAN
1422	dr. AGUNG PRASETYO N, Sp.U	Dokter Spesialis	III/b	3287000	500000	9	12	12	1	2	SMF BEDAH	19,722	27	36	36	3	8	129,722	0,05				Dokter+Apoteker+Psikolog Klinis	Dokter				Dokter DOKTER KEPERAWATAN
1423	dr. AWANG DYAN PURNOMO,Sp.U	Dokter Spesialis	XI	3480300	500000	9	12	12	1	2	SMF BEDAH	20,8818	27	36	36	3	8	130,8818	0,05				Dokter+Apoteker+Psikolog Klinis	Dokter				Dokter DOKTER KEPERAWATAN
1424	dr. Billy Rosan,Sp.BA.DA(K)	Dokter Spesialis	III/c	3645200	500000	10	12	12	1	2	SMF BEDAH	21,8712	30	36	36	3	8	134,8712	0,05				Dokter+Apoteker+Psikolog Klinis	Dokter				Dokter DOKTER KEPERAWATAN
1425	dr. EXSA HADIBRATA, Sp.U	Dokter Spesialis	III/d	0	500000	0	0	0	0	0	SMF BEDAH	0	0	0	0	0	0	0	0,05				Dokter+Apoteker+Psikolog Klinis	Dokter				Dokter DOKTER KEPERAWATAN
1426	dr. FAISOL DARMAWAN, Sp. BA	Dokter Spesialis	XI	3897936	500000	9	12	12	1	2	SMF BEDAH	23,387616	27	36	36	3	8	133,387616	0,15				Dokter+Apoteker+Psikolog Klinis	Dokter				Dokter DOKTER KEPERAWATAN
1427	dr. HELMI ISMUNANDAR, Sp.OT	Dokter Spesialis	III/d	0	500000	0	0	0	0	0	SMF BEDAH	0	0	0	0	0	0	0	0,05				Dokter+Apoteker+Psikolog Klinis	Dokter				Dokter DOKTER KEPERAWATAN
1428	dr. HENGKY PRABOWO IRIANTO, Sp.B, SubspBD(F)fiNAcs	Dokter Spesialis	III/d	0	500000	0	0	0	0	0	SMF BEDAH	0	0	0	0	0	0	0	0,05				Dokter+Apoteker+Psikolog Klinis	Dokter				Dokter DOKTER KEPERAWATAN
1429	dr. M Danasha Utomo, Sp. B.T.K.V	Dokter Spesialis	III/B	2322800	500000	9	12	12	1	2	SMF BEDAH	13,9368	27	36	36	3	8	123,9368	0,05				Dokter+Apoteker+Psikolog Klinis	Dokter				Dokter DOKTER KEPERAWATAN
1430	dr. MOHAMAD BAYU SAHADEWA, Sp.OT	Dokter Spesialis	XI	0	500000	0	0	0	0	0	SMF BEDAH	0	0	0	0	0	0	0	0,05				Dokter+Apoteker+Psikolog Klinis	Dokter				Dokter DOKTER KEPERAWATAN
1431	dr. MUHAMAD YUNUS, Sp.BS	Dokter Spesialis	IV/b	4066500	500000	9	12	12	1	2	SMF BEDAH	24,399	27	36	36	3	8	134,399	0,15				Dokter+Apoteker+Psikolog Klinis	Dokter				Dokter DOKTER KEPERAWATAN
1432	dr. Muhammad Fikri Aulia, Sp.B	Dokter Spesialis	III/c	3321400	500000	9	12	12	4	2	SMF BEDAH	19,9284	27	36	36	12	32	162,9284	0,05				Dokter+Apoteker+Psikolog Klinis	Dokter				Dokter DOKTER KEPERAWATAN
1433	dr. MUHAMMAD SATRIA , Sp.B	Dokter Spesialis	III/b	2995000	500000	9	12	12	1	2	SMF BEDAH	17,97	27	36	36	3	8	127,97	0				Dokter+Apoteker+Psikolog Klinis	Dokter				Dokter DOKTER KEPERAWATAN
1434	dr. NURUL AZIZAH BUSTAM, Sp.BA	Dokter Spesialis	III/c	3075500	500000	9	12	12	1	2	SMF BEDAH	18,453	27	36	36	3	8	128,453	0,15				Dokter+Apoteker+Psikolog Klinis	Dokter				Dokter DOKTER KEPERAWATAN
1435	dr. ROMI SAPUTRA, Sp.B	Dokter Spesialis	III/b	2995000	500000	9	12	12	4	2	SMF BEDAH	17,97	27	36	36	12	32	160,97	0,05				Dokter+Apoteker+Psikolog Klinis	Dokter				Dokter DOKTER KEPERAWATAN
1436	dr. Thurman Hasudungan S, Sp.OT	Dokter Spesialis	IV/a	4346200	500000	10	12	12	1	2	SMF BEDAH	26,0772	30	36	36	3	8	139,0772	0,15				Dokter+Apoteker+Psikolog Klinis	Dokter				Dokter DOKTER KEPERAWATAN
1437	dr. Ahmad Fauzi, Sp.OT (K)., M.Epid	Dokter Spesialis	III/d	0	500000	0	0	0	0	0	SMF BEDAH	0	0	0	0	0	0	0	0,05				Dokter+Apoteker+Psikolog Klinis	Dokter				Dokter DOKTER KEPERAWATAN
1438	dr. Bintang Abadi Siregar, Sp.B (K) Onk	Dokter Spesialis	-	0	500000	0	0	0	0	0	SMF BEDAH	0	0	0	0	0	0	0	0,05				Dokter+Apoteker+Psikolog Klinis	Dokter				Dokter DOKTER KEPERAWATAN
1439	dr. BOBBY SWADARMA PUTERA, SP.BPRE	Dokter Spesialis	IV/b	5182000	500000	9	12	12	1	2	SMF BEDAH	31,092	27	36	36	3	8	141,092	0,15				Dokter+Apoteker+Psikolog Klinis	Dokter				Dokter DOKTER KEPERAWATAN
1440	dr. Mizar Erianto, Sp.B (K) Onk	Dokter Spesialis	III/b	3426000	500000	10	12	12	4	2	SMF BEDAH	20,556	30	36	36	12	32	166,556	0,05				Dokter+Apoteker+Psikolog Klinis	Dokter				Dokter DOKTER KEPERAWATAN
1441	dr. Saut Hutagalung, Sp.U	Dokter Spesialis	IV/d	6373200	500000	9	12	12	1	2	SMF BEDAH	38,2392	27	36	36	3	8	148,2392	0,05				Dokter+Apoteker+Psikolog Klinis	Dokter				Dokter DOKTER KEPERAWATAN
1442	dr. Yanuar Wicaksana Sumasta, Sp.U	Dokter Spesialis	III/d	3149100	500000	9	12	12	1	2	SMF BEDAH	18,8946	27	36	36	3	8	128,8946	0,05				Dokter+Apoteker+Psikolog Klinis	Dokter				Dokter DOKTER KEPERAWATAN
1443	dr. Yeni Eka Jayanti, Sp.BS	Dokter Spesialis	III/d	3919100	500000	9	12	12	1	2	SMF BEDAH	23,5146	27	36	36	3	8	133,5146	0,05				Dokter+Apoteker+Psikolog Klinis	Dokter				Dokter SMF BEDAH
1444	dr.Lukman Pura, Sp.PD.,K-GH.MHSM	Dokter Spesialis	IV/c	0	500000	0	0	0	0	0	SMF PENYAKIT DALAM	0	0	0	0	0	0	0	0,05									Dokter DOKTER KEPERAWATAN
1445	drg. HENRY OCTOVIANUS, Sp.KG	Dokter Spesialis	III/d	3799400	500000	9	2	2	1	2	SMF GILUT	22,7964	27	6	6	3	8	72,7964	0,15				Dokter+Apoteker+Psikolog Klinis	Dokter				Dokter DOKTER KEPERAWATAN
1446	drg. IRSAN KURNIAWAN Sp.BM (K)	Dokter Spesialis	III/d	4042500	500000	10	12	12	4	2	SMF GILUT	24,255	30	36	36	12	32	170,255	0				Dokter+Apoteker+Psikolog Klinis	Dokter				Dokter DOKTER KEPERAWATAN
1447	drg. KUSTINI INDAH S, SP.KGA	Dokter Spesialis	III/d	4340200	500000	9	12	12	1	2	SMF GILUT	26,0412	27	36	36	3	8	136,0412	0,15				Dokter+Apoteker+Psikolog Klinis	Dokter				Dokter DOKTER KEPERAWATAN
1448	drg. Nelly Nainggolan. Sp.PM	Dokter Spesialis	III/d	0	500000	0	0	0	0	0	SMF GILUT	0	0	0	0	0	0	0	0,05				Dokter+Apoteker+Psikolog Klinis	Dokter				Dokter DOKTER KEPERAWATAN
1449	drg. WIDYA AGUNG P., Sp.Ort	Dokter Spesialis	III/c	3321400	500000	9	2	2	1	2	SMF GILUT	19,9284	27	6	6	3	8	69,9284	0,05				Dokter+Apoteker+Psikolog Klinis	Dokter				Dokter DOKTER KEPERAWATAN
1450	drg. Agus Salim, Sp.BM (K)	Dokter Spesialis	IV/c	5289800	500000	10	12	12	1	2	SMF GILUT	31,7388	30	36	36	3	8	144,7388	0,05				Dokter+Apoteker+Psikolog Klinis	Dokter				Dokter DOKTER KEPERAWATAN
1451	dr. ISMI CITRA ISMAIL, Sp. A (K)	Dokter Spesialis	-	0	500000	10	6	6	1	2	SMF ANAK	0	30	18	18	3	8	77	0,05				Dokter+Apoteker+Psikolog Klinis	Dokter				Dokter DOKTER KEPERAWATAN
1452	dr. LENI ERVINA, Sp.A (K)., M.Kes	Dokter Spesialis	IV/a	4024400	500000	10	12	6	1	2	SMF ANAK	24,1464	30	36	18	3	8	119,1464	0,05				Dokter+Apoteker+Psikolog Klinis	Dokter				Dokter DOKTER KEPERAWATAN
1453	dr. M. TAUFIK PERWIRA W, Sp.A	Dokter Spesialis	III/B	2322800	500000	9	6	6	1	2	SMF ANAK	13,9368	27	18	18	3	8	87,9368	0,15				Dokter+Apoteker+Psikolog Klinis	Dokter				Dokter DOKTER KEPERAWATAN
1454	dr. Melisha Lisman Gaya, Sp.A	Dokter Spesialis	III/b	0	500000	0	0	0	0	0	SMF ANAK	0	0	0	0	0	0	0	0,05				Dokter+Apoteker+Psikolog Klinis	Dokter				Dokter DOKTER KEPERAWATAN
1455	dr. OKTADONI SAPUTRA, Sp.A., MSc	Dokter Spesialis	III/c	0	500000	0	0	0	0	0	SMF ANAK	0	0	0	0	0	0	0	0,15				Dokter+Apoteker+Psikolog Klinis	Dokter				Dokter DOKTER KEPERAWATAN
1456	dr. Roro Rukmi Windi P, Sp.A., M.Kes	Dokter Spesialis	III/d	0	500000	0	0	0	0	0	SMF ANAK	0	0	0	0	0	0	0	0,15				Dokter+Apoteker+Psikolog Klinis	Dokter				Dokter DOKTER KEPERAWATAN
1457	dr. SHINTA NARESWARI, Sp.A	Dokter Spesialis	III/c	0	500000	0	0	0	0	0	SMF ANAK	0	0	0	0	0	0	0	0,05				Dokter+Apoteker+Psikolog Klinis	Dokter				Dokter DOKTER KEPERAWATAN
1458	dr. Elvi Suryati, Sp.A (K)	Dokter Spesialis	IV/a	4770000	500000	10	6	6	1	2	SMF ANAK	28,62	30	18	18	3	8	105,62	0,15				Dokter+Apoteker+Psikolog Klinis	Dokter				Dokter DOKTER KEPERAWATAN
1459	dr. Laili Indah Kusumawati Sp.A (K)	Dokter Spesialis	III/c	3518100	500000	10	6	6	1	2	SMF ANAK	21,1086	30	18	18	3	8	98,1086	0,05				Dokter+Apoteker+Psikolog Klinis	Dokter				Dokter DOKTER KEPERAWATAN
1460	dr. PRAMBUDI RUKMONO, SP.A (K)	Dokter Spesialis	IV/c	5513600	500000	10	12	6	4	2	SMF ANAK	33,0816	30	36	18	12	32	161,0816	0,05				Dokter+Apoteker+Psikolog Klinis	Dokter				Dokter DOKTER KEPERAWATAN
1461	Dr. dr. R. Bagus P, Sp.A (K), M.Kes	Dokter Spesialis	IV/a	4483100	500000	10	12	6	4	2	SMF ANAK	26,8986	30	36	18	12	32	154,8986	0,05				Dokter+Apoteker+Psikolog Klinis	Dokter				Dokter DOKTER KEPERAWATAN
1462	dr. Rani Himayani, Sp. M	Dokter Spesialis	III/b	0	500000	0	0	0	0	0	SMF MATA	0	0	0	0	0	0	0	0,05				Dokter+Apoteker+Psikolog Klinis	Dokter				Dokter DOKTER KEPERAWATAN
1463	dr. Aryanti, Sp.M	Dokter Spesialis	IV/b	5128300	500000	9	12	12	4	2	SMF MATA	30,7698	27	36	36	12	32	173,7698	0,05				Dokter+Apoteker+Psikolog Klinis	Dokter				Dokter DOKTER KEPERAWATAN
1464	dr. M.Yusran, Sp.M, M.sc	Dokter Spesialis	III/b	0	500000	0	0	0	0	0	SMF MATA	0	0	0	0	0	0	0	0,15				Dokter+Apoteker+Psikolog Klinis	Dokter				Dokter DOKTER KEPERAWATAN
1465	dr. Sisca Mayasari, Sp.M	Dokter Spesialis	III/c	3919100	500000	9	12	12	1	2	SMF MATA	23,5146	27	36	36	3	8	133,5146	0				Dokter+Apoteker+Psikolog Klinis	Dokter				Dokter DOKTER KEPERAWATAN
1466	dr. ACHMAD GOZALI, Sp.P	Dokter Spesialis	X	3339100	500000	9	6	4	4	2	SMF PARU	20,0346	27	18	12	12	32	121,0346	0,05				Dokter+Apoteker+Psikolog Klinis	Dokter				Dokter DOKTER KEPERAWATAN
1467	dr. FRANSISCA TARIDA ,Sp.P,M.Kes	Dokter Spesialis	XI	3480300	500000	9	6	4	1	2	SMF PARU	20,8818	27	18	12	3	8	88,8818	0,15				Dokter+Apoteker+Psikolog Klinis	Dokter				Dokter DOKTER KEPERAWATAN
1468	dr. LUCKY TOGIHON HARJANTHO,Sp.P	Dokter Spesialis	III/B	2322880	500000	9	6	4	1	2	SMF PARU	13,93728	27	18	12	3	8	81,93728	0,15				Dokter+Apoteker+Psikolog Klinis	Dokter				Dokter DOKTER KEPERAWATAN
1469	Dr. dr. SUKARTI, Sp.P (K). M.KES	Dokter Spesialis	IV/b	4971700	500000	10	12	4	1	2	SMF PARU	29,8302	30	36	12	3	8	118,8302	0,15				Dokter+Apoteker+Psikolog Klinis	Dokter				Dokter DOKTER KEPERAWATAN
1470	dr. Alfi Rizky Medikanto, Sp.N	Dokter Spesialis	-	0	500000	0	0	0	0	0	SMF SYARAF	0	0	0	0	0	0	0	0,15				Dokter+Apoteker+Psikolog Klinis	Dokter				Dokter DOKTER KEPERAWATAN
1471	dr. Fidha Rahmayani, M.Sc,Sp.S	Dokter Spesialis	III/c	0	500000	0	0	0	0	0	SMF SYARAF	0	0	0	0	0	0	0	0,15				Dokter+Apoteker+Psikolog Klinis	Dokter				Dokter DOKTER KEPERAWATAN
1472	dr. Fitriyani, Sp.S	Dokter Spesialis	IV/b	4257700	500000	9	4	4	1	2	SMF SYARAF	25,5462	27	12	12	3	8	87,5462	0,05				Dokter+Apoteker+Psikolog Klinis	Dokter				Dokter DOKTER KEPERAWATAN
1473	dr. Luther T, Sp.N	Dokter Spesialis	IV/a	4084900	500000	9	4	4	1	2	SMF SYARAF	24,5094	27	12	12	3	8	86,5094	0,15				Dokter+Apoteker+Psikolog Klinis	Dokter				Dokter DOKTER KEPERAWATAN
1474	dr. Raden Ayu Neilan Amroisa,Sp.S	Dokter Spesialis	IV/b	4257700	500000	9	4	4	4	2	SMF SYARAF	25,5462	27	12	12	12	32	120,5462	0,15				Dokter+Apoteker+Psikolog Klinis	Dokter				Dokter DOKTER KEPERAWATAN
1475	dr. Roezwir Azhary, Sp.S	Dokter Spesialis	IV/e	6178600	500000	9	4	4	4	2	SMF SYARAF	37,0716	27	12	12	12	32	132,0716	0,05				Dokter+Apoteker+Psikolog Klinis	Dokter				Dokter DOKTER KEPERAWATAN
1476	dr. ABI RYAMAFI BAZAR, Sp.OG (K)	Dokter Spesialis	IV/b	4126600	500000	10	12	12	1	2	SMF KEBIDANAN	24,7596	30	36	36	3	8	137,7596	0,05				Dokter+Apoteker+Psikolog Klinis	Dokter				Dokter DOKTER KEPERAWATAN
1477	dr. BIMA ANANTA B, Sp.OG	Dokter Spesialis	X	3339100	500000	9	12	12	1	2	SMF KEBIDANAN	20,0346	27	36	36	3	8	130,0346	0,05				Dokter+Apoteker+Psikolog Klinis	Dokter				Dokter DOKTER KEPERAWATAN
1478	dr. DINO RINALDY, Sp.OG	Dokter Spesialis	IV/c	0	500000	0	0	0	0	0	SMF KEBIDANAN	0	0	0	0	0	0	0	0,05				Dokter+Apoteker+Psikolog Klinis	Dokter				Dokter DOKTER KEPERAWATAN
1479	dr. Joel Bertelin Purba, Sp.OG	Dokter Spesialis	IV/a	0	500000	0	0	0	0	0	SMF KEBIDANAN	0	0	0	0	0	0	0	0,15				Dokter+Apoteker+Psikolog Klinis	Dokter				Dokter DOKTER KEPERAWATAN
1480	dr. MUHAMMAD JAVEDH IQBAL, Sp.OG	Dokter Spesialis	X	3339100	500000	9	12	12	1	2	SMF KEBIDANAN	20,0346	27	36	36	3	8	130,0346	0				Dokter+Apoteker+Psikolog Klinis	Dokter				Dokter DOKTER KEPERAWATAN
1481	dr. Ody Wijaya, Sp.OG (K) Fer	Dokter Spesialis	III/d	3683400	500000	10	12	12	4	2	SMF KEBIDANAN	22,1004	30	36	36	12	32	168,1004	0,15				Dokter+Apoteker+Psikolog Klinis	Dokter				Dokter DOKTER KEPERAWATAN
1482	dr. RONNY ADRIAN, Sp.OG (K) Fer	Dokter Spesialis	III/d	3683400	500000	10	12	12	1	2	SMF KEBIDANAN	22,1004	30	36	36	3	8	135,1004	0,05				Dokter+Apoteker+Psikolog Klinis	Dokter				Dokter DOKTER KEPERAWATAN
1483	dr. Ratna Dewi Puspita S ,Sp.OG	Dokter Spesialis	III/d	0	500000	0	0	0	0	0	SMF KEBIDANAN	0	0	0	0	0	0	0	0,05				Dokter+Apoteker+Psikolog Klinis	Dokter				Dokter DOKTER KEPERAWATAN
1484	dr. Taufiqurrahman Rahim,Sp.OG(K)	Dokter Spesialis	IV/e		500000	0	0	0	0	0	SMF KEBIDANAN	0	0	0	0	0	0	0	0,05				Dokter+Apoteker+Psikolog Klinis	Dokter				Dokter DOKTER KEPERAWATAN
1485	dr. CHARLES KRISNANDA, Sp.JP	Dokter Spesialis	-	0	500000	9	4	4	1	2	SMF JANTUNG	0	27	12	12	3	8	62	0,05				Dokter+Apoteker+Psikolog Klinis	Dokter				Dokter DOKTER KEPERAWATAN
1486	dr. Hasudungan Sibuea, Sp.J	Dokter Spesialis	IV/d	5571400	500000	9	4	4	1	2	SMF JANTUNG	33,4284	27	12	12	3	8	95,4284	0,05				Dokter+Apoteker+Psikolog Klinis	Dokter				Dokter DOKTER KEPERAWATAN
1487	dr. Novitri Yulistiawati, Sp.JP	Dokter Spesialis	III/c	3919100	500000	9	4	4	4	2	SMF JANTUNG	23,5146	27	12	12	12	32	118,5146	0,05				Dokter+Apoteker+Psikolog Klinis	Dokter				Dokter DOKTER KEPERAWATAN
1488	dr. RONY MARIO C.,Sp.JP	Dokter Spesialis	X	3339100	500000	9	4	4	1	2	SMF JANTUNG	20,0346	27	12	12	3	8	82,0346	0,05				Dokter+Apoteker+Psikolog Klinis	Dokter				Dokter DOKTER KEPERAWATAN
1489	dr. TERRANCE RANSUN, Sp.JP(K)	Dokter Spesialis	X	3339100	500000	9	4	4	1	2	SMF JANTUNG	20,0346	27	12	12	3	8	82,0346	0,05				Dokter+Apoteker+Psikolog Klinis	Dokter				Dokter DOKTER KEPERAWATAN
1490	dr. AHMAD ANGGA LUTHFI, Sp.An	Dokter Spesialis	III/b	2995000	500000	9	12	12	1	2	SMF ANESTESI	17,97	27	36	36	3	8	127,97	0,15				Dokter+Apoteker+Psikolog Klinis	Dokter				Dokter DOKTER KEPERAWATAN
1491	dr. ANDRE KUSUMA RAKHMAN, Sp.An	Dokter Spesialis	III/b	2995000	500000	9	12	12	1	2	SMF ANESTESI	17,97	27	36	36	3	8	127,97	0,15				Dokter+Apoteker+Psikolog Klinis	Dokter				Dokter DOKTER KEPERAWATAN
1492	dr. Ari Wahyuni, Sp.An	Dokter Spesialis	III/b	0	500000	0	0	0	0	0	SMF ANESTESI	0	0	0	0	0	0	0	0,05				Dokter+Apoteker+Psikolog Klinis	Dokter				Dokter DOKTER KEPERAWATAN
1493	dr. Joan Willy Ansar, Sp.An	Dokter Spesialis	III/b	0	500000	0	0	0	0	0	SMF ANESTESI	0	0	0	0	0	0	0	0,05				Dokter+Apoteker+Psikolog Klinis	Dokter				Dokter DOKTER KEPERAWATAN
1494	dr. KHADAFI INDRAWAN,  Sp.An	Dokter Spesialis	III/b	2995000	500000	9	12	12	1	2	SMF ANESTESI	17,97	27	36	36	3	8	127,97	0,15				Dokter+Apoteker+Psikolog Klinis	Dokter				Dokter DOKTER KEPERAWATAN
1495	dr. Ade Aria Nugraha, Sp. AN	Dokter Spesialis	IV/b	4257700	500000	9	12	12	1	2	SMF ANESTESI	25,5462	27	36	36	3	8	135,5462	0,05				Dokter+Apoteker+Psikolog Klinis	Dokter				Dokter DOKTER KEPERAWATAN
1496	dr. BAMBANG EKO SUBEKTI,SP.AN MSC	Dokter Spesialis	IV/b	5182000	500000	9	12	12	4	2	SMF ANESTESI	31,092	27	36	36	12	32	174,092	0,05				Dokter+Apoteker+Psikolog Klinis	Dokter				Dokter DOKTER KEPERAWATAN
1497	dr. Dendy Maulana, Sp.An, M.Kes	Dokter Spesialis	III/d	3919100	500000	9	12	12	1	2	SMF ANESTESI	23,5146	27	36	36	3	8	133,5146	0,15				Dokter+Apoteker+Psikolog Klinis	Dokter				Dokter DOKTER KEPERAWATAN
1498	dr. INDRA FAISAL, SP.AN. M.KES	Dokter Spesialis	III/d	3426000	500000	9	12	12	1	2	SMF ANESTESI	20,556	27	36	36	3	8	130,556	0,15				Dokter+Apoteker+Psikolog Klinis	Dokter				Dokter DOKTER KEPERAWATAN
1499	dr. Putu Junita Palupi, Sp.An-KIC	Dokter Spesialis	IV/c	5687200	500000	10	12	12	4	2	SMF ANESTESI	34,1232	30	36	36	12	32	180,1232	0,15				Dokter+Apoteker+Psikolog Klinis	Dokter				Dokter DOKTER KEPERAWATAN
1500	dr. DWI INDRIA A, M.Sc., Sp. KK	Dokter Spesialis	III/d	0	500000	0	0	0	0	0	SMF KULIT DAN KELAMIN	0	0	0	0	0	0	0	0,15				Dokter+Apoteker+Psikolog Klinis	Dokter				Dokter DOKTER KEPERAWATAN
1501	dr. HENDRA TARIGAN S,SP.KK.M.KES	Dokter Spesialis	III/d	0	500000	0	0	0	0	0	SMF KULIT DAN KELAMIN	0	0	0	0	0	0	0	0,05				Dokter+Apoteker+Psikolog Klinis	Dokter				Dokter DOKTER KEPERAWATAN
1502	dr. Yulisna, Sp.KK	Dokter Spesialis	IV/a	4624300	500000	9	2	2	4	2	SMF KULIT DAN KELAMIN	27,7458	27	6	6	12	32	110,7458	0,05				Dokter+Apoteker+Psikolog Klinis	Dokter				Dokter DOKTER KEPERAWATAN
1503	DR. dr. Fatah Satya W, Sp.THT-KL	Dokter Spesialis	IV/a	5234000	500000	10	12	12	4	2	SMF THT	31,404	30	36	36	12	32	177,404	0,05				Dokter+Apoteker+Psikolog Klinis	Dokter				Dokter DOKTER KEPERAWATAN
1504	dr. Fivien Fedriani, Sp.THT-KL	Dokter Spesialis	IV/a	4213500	500000	9	12	12	1	2	SMF THT	25,281	27	36	36	3	8	135,281	0,05				Dokter+Apoteker+Psikolog Klinis	Dokter				Dokter DOKTER KEPERAWATAN
1505	dr. Mukhlis Imanto, M.Kes,Sp.THT	Dokter Spesialis	III/b	0	500000	0	0	0	0	0	SMF THT	0	0	0	0	0	0	0	0,05				Dokter+Apoteker+Psikolog Klinis	Dokter				Dokter DOKTER KEPERAWATAN
1506	dr. DEWI NUR FIANA, Sp.KFR	Dokter Spesialis	III/b	0	500000	0	0	0	0	0	SMF REHABILITAS MEDIK	0	0	0	0	0	0	0	0,05				Dokter+Apoteker+Psikolog Klinis	Dokter				Dokter DOKTER KEPERAWATAN
1507	dr. MAYANG CENDIKIA S, Sp.K.F.R	Dokter Spesialis	III/d	3571000	500000	9	2	2	4	2	SMF REHABILITAS MEDIK	21,426	27	6	6	12	32	104,426	0,05				Dokter+Apoteker+Psikolog Klinis	Dokter				Dokter DOKTER KEPERAWATAN
1508	dr. NOFLIH SULISTIA, Sp. Rad (K)	Dokter Spesialis	X	3339100	500000	10	12	4	1	2	SMF RADIOLOGI	20,0346	30	36	12	3	8	109,0346	0,15				Dokter+Apoteker+Psikolog Klinis	Dokter				Dokter DOKTER KEPERAWATAN
1509	dr. TANTRI DWI KANIYA RH, SP,RAD	Dokter Spesialis	III/d	3554000	500000	9	12	4	4	2	SMF RADIOLOGI	21,324	27	36	12	12	32	140,324	0,15				Dokter+Apoteker+Psikolog Klinis	Dokter				Dokter DOKTER KEPERAWATAN
1510	dr. M.RICKY RAMADHIAN,M.Sc.Sp.Rad	Dokter Spesialis	III/d	0	500000	0	0	0	0	0	SMF RADIOLOGI	0	0	0	0	0	0	0	0,05				Dokter+Apoteker+Psikolog Klinis	Dokter				Dokter DOKTER KEPERAWATAN
1511	dr. Rasyidah, Sp. Rad	Dokter Spesialis	III/d	4042500	500000	9	12	4	4	2	SMF RADIOLOGI	24,255	27	36	12	12	32	143,255	0,15				Dokter+Apoteker+Psikolog Klinis	Dokter				Dokter DOKTER KEPERAWATAN
1512	Dr. dr. HIDAYAT, Sp.PK	Dokter Spesialis	IV/c	5182000	500000	10	6	6	4	2	SMF LABORATORIUM PATOLOGI KLINIK	31,092	30	18	18	12	32	141,092	0,15				Dokter+Apoteker+Psikolog Klinis	Dokter				Dokter DOKTER KEPERAWATAN
1513	dr. Indah Yati, Sp.PA	Dokter Spesialis	IV/a	4345200	500000	9	6	6	4	2	SMF LABORATORIUM PATOLGI ANATOMI	26,0712	27	18	18	12	32	133,0712	0,15				Dokter+Apoteker+Psikolog Klinis	Dokter				Dokter DOKTER KEPERAWATAN
1514	dr. Indri Windarti. Sp.PA	Dokter Spesialis	III/c	0	500000	0	0	0	0	0	SMF LABORATORIUM PATOLGI ANATOMI	0	0	0	0	0	0	0	0,05				Dokter+Apoteker+Psikolog Klinis	Dokter				Dokter DOKTER KEPERAWATAN
1515	dr. RESTI ARANIA, Sp.PA	Dokter Spesialis	IV/b	5289800	500000	9	6	6	6	2	SMF LABORATORIUM PATOLGI ANATOMI	31,7388	27	18	18	18	48	160,7388	0				Dokter+Apoteker+Psikolog Klinis	Dokter				Dokter DOKTER KEPERAWATAN
1516	dr. Rohainah, Sp.PA	Dokter Spesialis	IV/a	4346200	500000	9	6	6	1	2	SMF LABORATORIUM PATOLGI ANATOMI	26,0772	27	18	18	3	8	100,0772	0,05				Dokter+Apoteker+Psikolog Klinis	Dokter				Dokter DOKTER KEPERAWATAN
1517	dr. Aberta Karolina, Sp.F.M., MH	Dokter Spesialis	IV/a	4346200	500000	9	6	4	4	2	SMF FORENSIK	26,0772	27	18	12	12	32	127,0772	0,15				Dokter+Apoteker+Psikolog Klinis	Dokter				Dokter DOKTER KEPERAWATAN
1518	dr. MUHAMMAD GALIH IRIANTO, Sp.F	Dokter Spesialis	XI	3480300	500000	9	6	4	1	2	SMF FORENSIK	20,8818	27	18	12	3	8	88,8818	0,05				Dokter+Apoteker+Psikolog Klinis	Dokter				Dokter DOKTER KEPERAWATAN
1519	dr. SEPTIA EVA LUSINA, Sp.F	Dokter Spesialis	-	0	500000	0	0	0	0	0	SMF FORENSIK	0	0	0	0	0	0	0	0,05				Dokter+Apoteker+Psikolog Klinis	Dokter				Dokter DOKTER KEPERAWATAN
1520	dr. FAJAR YUWANTO, Sp.PD	Dokter Spesialis	III/d	3683400	500000	9	2	2	4	2	SMF MEDICAL CHECK UP	22,1004	27	6	6	12	32	105,1004	0				Dokter+Apoteker+Psikolog Klinis	Dokter				Dokter DOKTER KEPERAWATAN
1521	dr.SYUHADA, SP.PK, M.KES	Dokter Spesialis	IV/c	5182000	500000	9	6	6	1	2	SMF UNIT TRANSFUSI DARAH	31,092	27	18	18	3	8	105,092	0,15				Dokter+Apoteker+Psikolog Klinis	Dokter				Dokter DOKTER KEPERAWATAN
1522	dr. Riana Handayani, Sp.JP, Subsp.K.I (K).,MARS	Dokter Spesialis	III/d	3799400	500000	10	12	12	4	2	SMF CATH LAB	22,7964	30	36	36	12	32	168,7964	0,05				Dokter+Apoteker+Psikolog Klinis	Dokter				Dokter DOKTER KEPERAWATAN
1523	dr. ADHI MARIHOT PP, Sp.Onk.,Rad	Dokter Spesialis	III/d	0	500000	0	0	0	0	0	SMF RADIOTERAPI	0	0	0	0	0	0	0	0,15				Dokter+Apoteker+Psikolog Klinis	Dokter				Dokter DOKTER KEPERAWATAN
1524	dr. AURIKA SINAMBELA, Sp.Onk.Rad	Dokter Spesialis	-	0	500000	0	0	0	0	0	SMF RADIOTERAPI	0	0	0	0	0	0	0	0				Dokter+Apoteker+Psikolog Klinis	Dokter				Dokter DOKTER KEPERAWATAN
1525	Dr. Tutik Ernawati. M.gizi.Sp.GK	Dokter Spesialis	IV/a	0	500000	0	0	0	0	0	SMF GIZI	0	0	0	0	0	0	0	0,05				Dokter+Apoteker+Psikolog Klinis	Dokter				Dokter DOKTER KEPERAWATAN
1526	dr. Alfia Rifanti, Sp.KJ	Dokter Spesialis	III/d	4042500	500000	9	4	4	1	2	SMF JIWA	24,255	27	12	12	3	8	86,255	0,05				Dokter+Apoteker+Psikolog Klinis	Dokter				Dokter DOKTER KEPERAWATAN
1527	dr. Lina Herliyana, Sp.M.K	Dokter Spesialis	IV/c	5023800	500000	9	6	6	6	2	SMF MIKBIOLOGI KLINIK	30,1428	27	18	18	18	48	159,1428	0,05				Dokter+Apoteker+Psikolog Klinis	Dokter				Dokter DOKTER KEPERAWATAN
1528	dr. Adhelia Kusuma Wardani,Sp.PD	Dokter Spesialis	-	0	500000	0	0	0	0	0	SMF PENYAKIT DALAM	0	0	0	0	0	0	0	0				Dokter+Apoteker+Psikolog Klinis	Dokter				Dokter DOKTER KEPERAWATAN
1529	dr. Ayu Cahya Andhayani.Sp.PD	Dokter Spesialis	III/c	0	500000	0	0	0	0	0	SMF PENYAKIT DALAM	0	0	0	0	0	0	0	0,05				Dokter+Apoteker+Psikolog Klinis	Dokter				Dokter DOKTER KEPERAWATAN
1530	dr. Canggih Dian Hidayah, Sp,PD	Dokter Spesialis	III/B	2322880	500000	9	4	4	1	2	SMF PENYAKIT DALAM	13,93728	27	12	12	3	8	75,93728	0,05				Dokter+Apoteker+Psikolog Klinis	Dokter				Dokter DOKTER KEPERAWATAN
1531	dr. M. Farid Rakhman, Sp,PD	Dokter Spesialis	III/B	2322880	500000	9	4	4	1	2	SMF PENYAKIT DALAM	13,93728	27	12	12	3	8	75,93728	0,15				Dokter+Apoteker+Psikolog Klinis	Dokter				Dokter DOKTER KEPERAWATAN
1532	dr. Radinal Mauludi, Sp.PD	Dokter Spesialis	-	0	500000	0	0	0	0	0	SMF PENYAKIT DALAM	0	0	0	0	0	0	0	0,15				Dokter+Apoteker+Psikolog Klinis	Dokter				Dokter DOKTER KEPERAWATAN
1533	dr. M. Nasrullah,Sp.OT SubspHand	Dokter Spesialis	XI	0	500000	0	0	0	0	0	SMF BEDAH	0	0	0	0	0	0	0	0,05				Dokter+Apoteker+Psikolog Klinis	Dokter				Dokter DOKTER KEPERAWATAN
1534	dr. RISAL WINTOKO, Sp.B	Dokter Spesialis	III/d	0	500000	0	0	0	0	0	SMF BEDAH	0	0	0	0	0	0	0	0,05				Dokter+Apoteker+Psikolog Klinis	Dokter				Dokter DOKTER KEPERAWATAN
1535	dr. Sabasdin Harahap, Sp.B	Dokter Spesialis	IV/c	0	500000	0	0	0	0	0	SMF BEDAH	0	0	0	0	0	0	0	0				Dokter+Apoteker+Psikolog Klinis	Dokter				Dokter DOKTER KEPERAWATAN
1536	dr. M. Fajrin Armin F.	Dokter Spesialis	IV/a	4025900	500000	10	12	12	1	2	SMF BEDAH	24,1554	30	36	36	3	8	137,1554	0				Dokter+Apoteker+Psikolog Klinis	Dokter				Dokter DOKTER KEPERAWATAN
1537	drg. GILANG JATI P. Sp,B.M.M -	Dokter Spesialis	III/B	2322880	500000	9	12	12	1	2	SMF GILUT	13,93728	27	36	36	3	8	123,93728	0				Dokter+Apoteker+Psikolog Klinis	Dokter				Dokter DOKTER KEPERAWATAN
1538	dr. Arief Rahman, Sp. A	Dokter Spesialis	III/c	3799400	500000	9	6	6	1	2	SMF ANAK	22,7964	27	18	18	3	8	96,7964	0				Dokter+Apoteker+Psikolog Klinis	Dokter				Dokter DOKTER KEPERAWATAN
1539	dr. Bela Siska Afrida, Sp.A	Dokter Spesialis	-	0	500000	0	0	0	0	0	SMF ANAK	0	0	0	0	0	0	0	0,05				Dokter+Apoteker+Psikolog Klinis	Dokter				Dokter DOKTER KEPERAWATAN
1540	dr. Diajeng Putri, M.Med.Sc.Sp.A	Dokter Spesialis	-	0	500000	0	0	0	0	0	SMF ANAK	0	0	0	0	0	0	0	0,05				Dokter+Apoteker+Psikolog Klinis	Dokter				Dokter DOKTER KEPERAWATAN
1541	dr. Rachman Indra Jaya, Sp.A	Dokter Spesialis	-	0	500000	0	0	0	0	0	SMF ANAK	0	0	0	0	0	0	0	0				Dokter+Apoteker+Psikolog Klinis	Dokter				Dokter DOKTER KEPERAWATAN
1542	dr. MUHAMMAD MAULANA. Sp.M	Dokter Spesialis	-	0	500000	0	0	0	0	0	SMF MATA	0	0	0	0	0	0	0	0,05				Dokter+Apoteker+Psikolog Klinis	Dokter				Dokter DOKTER KEPERAWATAN
1543	dr. Chicy Widya Morfi, Sp.P	Dokter Spesialis	XI	0	500000	0	0	0	0	0	SMF PARU	0	0	0	0	0	0	0	0,15				Dokter+Apoteker+Psikolog Klinis	Dokter				Dokter DOKTER KEPERAWATAN
1544	dr. TETRA ARYA SAPUTRA, Sp.P	Dokter Spesialis	XI	0	500000	0	0	0	0	0	SMF PARU	0	0	0	0	0	0	0	0,05				Dokter+Apoteker+Psikolog Klinis	Dokter				Dokter DOKTER KEPERAWATAN
1545	dr. Izza Ayudia Hakim, Sp.N	Dokter Spesialis	-	0	500000	0	0	0	0	0	SMF SYARAF	0	0	0	0	0	0	0	0,05				Dokter+Apoteker+Psikolog Klinis	Dokter				Dokter DOKTER KEPERAWATAN
1546	dr. Efriyan Imantika,M.Sc.,Sp.OG	Dokter Spesialis	III/b	0	500000	0	0	0	0	0	SMF KEBIDANAN	0	0	0	0	0	0	0	0,05				Dokter+Apoteker+Psikolog Klinis	Dokter				Dokter DOKTER KEPERAWATAN
1547	dr. HENI DEKASARI, Sp.OG	Dokter Spesialis	IV/b	0	500000	0	0	0	0	0	SMF KEBIDANAN	0	0	0	0	0	0	0	0,05				Dokter+Apoteker+Psikolog Klinis	Dokter				Dokter DOKTER KEPERAWATAN
1548	dr. NURUL ISLAMY, M.Kes., Sp.OG	Dokter Spesialis	III/d	0	500000	0	0	0	0	0	SMF KEBIDANAN	0	0	0	0	0	0	0	0,05				Dokter+Apoteker+Psikolog Klinis	Dokter				Dokter DOKTER KEPERAWATAN
1549	dr. Rodiani,M.sc., Sp.OG	Dokter Spesialis	III/d	0	500000	0	0	0	0	0	SMF KEBIDANAN	0	0	0	0	0	0	0	0,05				Dokter+Apoteker+Psikolog Klinis	Dokter				Dokter DOKTER KEPERAWATAN
1550	dr. SARLITA INDAH P., Sp.OG	Dokter Spesialis	III/b	2322880	500000	9	12	12	1	2	SMF KEBIDANAN	13,93728	27	36	36	3	8	123,93728	0,05				Dokter+Apoteker+Psikolog Klinis	Dokter				Dokter DOKTER KEPERAWATAN
1551	dr. Zulfadli, Sp.OG	Dokter Spesialis	III/d	0	500000	0	0	0	0	0	SMF KEBIDANAN	0	0	0	0	0	0	0	0				Dokter+Apoteker+Psikolog Klinis	Dokter				Dokter DOKTER KEPERAWATAN
1552	dr. DWI KRISNAWATI, Sp.JP., FIHA	Dokter Spesialis	III/b	0	500000	0	0	0	0	0	SMF JANTUNG	0	0	0	0	0	0	0	0,15				Dokter+Apoteker+Psikolog Klinis	Dokter				Dokter DOKTER KEPERAWATAN
1553	dr. SIGIT PRATAMA J.N., Sp.JP	Dokter Spesialis	X	3339100	500000	9	4	4	1	2	SMF JANTUNG	20,0346	27	12	12	3	8	82,0346	0,05				Dokter+Apoteker+Psikolog Klinis	Dokter				Dokter DOKTER KEPERAWATAN
1554	"dr. FEBBY SHABRINA, Sp.THTKL	"	Dokter Spesialis	III/b	2322880	500000	9	12	12	1	2	SMF THT	13,93728	27	36	36	3	8	123,93728	0,15				Dokter+Apoteker+Psikolog Klinis	Dokter				Dokter DOKTER KEPERAWATAN
1555	dr. HEPY H. M.Ked.Klin.,Sp.MK	Dokter Spesialis	-	0	500000	0	0	0	0	0	SMF MIKBIOLOGI KLINIK	0	0	0	0	0	0	0	0,05				Dokter+Apoteker+Psikolog Klinis	Dokter				Dokter DOKTER KEPERAWATAN
1556	dr. RINAVI ADRIN, Sp.N	Dokter Spesialis	III/B	2322880	500000	9	6	4	1	2	SMF SYARAF	13,93728	27	18	12	3	8	81,93728	0				Dokter+Apoteker+Psikolog Klinis	Dokter				Dokter DOKTER KEPERAWATAN
1557	Yusuf Aulia Rahman, Dr., Sp.PD	Dokter Spesialis	IV/a	4084900	500000	10	6	6	1	2	SMF PENYAKIT DALAM	24,5094	30	18	18	3	8	101,5094	0				Dokter+Apoteker+Psikolog Klinis	Dokter				Dokter DOKTER KEPERAWATAN
1558	dr. AHMAD YUSRAN., Sp.PD	Dokter Spesialis	XI		500000	0	0	0	0	0	SMF PENYAKIT DALAM	0	0	0	0	0	0	0	0				Dokter+Apoteker+Psikolog Klinis	Dokter				Dokter DOKTER KEPERAWATAN
1559	dr. Deasiana Paksi Moeda,  Sp.B, FInaCs	Dokter Spesialis	-		500000	0	0	0	0	0	SMF BEDAH	0	0	0	0	0	0	0	0,05				Dokter+Apoteker+Psikolog Klinis	Dokter				Dokter DOKTER KEPERAWATAN
1560	dr. Hadi Wijaya, Sp.PD	Dokter Spesialis	-	0	500000	0	0	0	0	0	SMF PENYAKIT DALAM	0	0	0	0	0	0	0	0,05				Dokter+Apoteker+Psikolog Klinis	Dokter				Dokter DOKTER KEPERAWATAN
1561	dr. Rizka Hanifah, Sp.OnkRad., MBA	Dokter Spesialis	-	0	500000	0	0	0	0	0	SMF RADIOTERAPI	0	0	0	0	0	0	0	0,05				Dokter+Apoteker+Psikolog Klinis	Dokter				Dokter DOKTER KEPERAWATAN
1562	dr. YUHPITA INDAH EFRIYANI, dr. Sp. PK 	Dokter Spesialis	III/b	0	500000	0	0	0	0	0	SMF LABORATORIUM PATOLOGI KLINIK	0	0	0	0	0	0	0	0				Dokter+Apoteker+Psikolog Klinis	Dokter				Dokter DOKTER KEPERAWATAN
1563	dr. Ali Satria, Sp.B., Sub.Sp.BVE (K)	Dokter Spesialis	III/d	0	500000	0	0	0	0	0	SMF BEDAH	0	0	0	0	0	0	0	0				Dokter+Apoteker+Psikolog Klinis	Dokter				Dokter DOKTER KEPERAWATAN
1564	dr. Fredi Ferdinand Carol, Sp.B., Sub.Sp.BVE (K)	Dokter Spesialis	III/b	0	500000	0	0	0	0	0	SMF BEDAH	0	0	0	0	0	0	0	0				Dokter+Apoteker+Psikolog Klinis	Dokter				Dokter DOKTER KEPERAWATAN
1565	dr. Rezandi Aziztama, Sp.M	Dokter Spesialis	III/b	2995000	500000	9	12	12	1	2	SMF MATA	17,97	27	36	36	3	8	127,97	0			ADM+Komite Keperawatan+Komite Nakes+Komite Medik+Ka.SPI	ADM	ADM				Dokter SMF MATA
1566	dr. M. Shiddiq Al Hanif, Sp.PD	Dokter Spesialis	III/B	2322880	500000	9	4	4	1	2	SMF PENYAKIT DALAM	13,93728	27	12	12	3	8	75,93728	0			ADM+Komite Keperawatan+Komite Nakes+Komite Medik+Ka.SPI	ADM	ADM				Dokter SMF PENYAKIT DALAM
1567	dr. Maria Jheny Fulgensia Purba, Sp.N	Dokter Spesialis	III/B	2322880	500000	9	6	4	1	2	SMF SYARAF	13,93728	27	18	12	3	8	81,93728	0			ADM+Komite Keperawatan+Komite Nakes+Komite Medik+Ka.SPI	ADM	ADM				Dokter SMF SYARAF
1568	dr. Nita Sahara, Sp.PA	Dokter Spesialis	III/B	2322880	500000	9	6	6	1	2	SMF LABORATORIUM PATOLGI ANATOMI	13,93728	27	18	18	3	8	87,93728	0			ADM+Komite Keperawatan+Komite Nakes+Komite Medik+Ka.SPI	ADM	ADM				Dokter SMF LABORATORIUM PATOLGI ANATOMI
1569	dr. Hario Tri Hendroko, Sp.An	Dokter Spesialis	III/b	2322880	500000	9	12	12	1	2	SMF ANESTESI	13,93728	27	36	36	3	8	123,93728	0			ADM+Komite Keperawatan+Komite Nakes+Komite Medik+Ka.SPI	ADM	ADM				Dokter SMF ANESTESI
1570	dr. Muhamad Dwi Nugroho, Sp.M	Dokter Spesialis	III/b	2322880	500000	9	12	12	1	2	SMF MATA	13,93728	27	36	36	3	8	123,93728	0			ADM+Komite Keperawatan+Komite Nakes+Komite Medik+Ka.SPI	ADM	ADM				Dokter SMF MATA
1571	dr. Dian Octaviani	Dokter Umum	III/b	2322880	500000	7	4	4	1	2	SMF UMUM	13,93728	21	12	12	3	8	69,93728	0				Dokter+Apoteker+Psikolog Klinis	Dokter				Dokter DOKTER KEPERAWATAN
1572	dr. Neola Amanda MZ 	Dokter Umum	III/b	2322880	500000	7	6	12	1	2	SMF UMUM	13,93728	21	18	36	3	8	99,93728	0				Dokter+Apoteker+Psikolog Klinis	dokter				Dokter DOKTER KEPERAWATAN
1573	dr. Agung Satria Utama H	Dokter Umum	III/b	2322880	500000	7	6	12	1	2	SMF UMUM	13,93728	21	18	36	3	8	99,93728	0				Dokter+Apoteker+Psikolog Klinis	Dokter				Dokter DOKTER KEPERAWATAN
1574	dr. Agtara Liza Asthri	Dokter Umum	III/b	2322880	500000	7	6	12	1	2	SMF UMUM	13,93728	21	18	36	3	8	99,93728	0				Dokter+Apoteker+Psikolog Klinis	Dokter				Dokter DOKTER KEPERAWATAN
1575	dr. Andhika Mahatidanar Hidayat	Dokter Umum	III/b	2322880	500000	7	4	4	1	2	SMF UMUM	13,93728	21	12	12	3	8	69,93728	0				Dokter+Apoteker+Psikolog Klinis	Dokter				Dokter DOKTER KEPERAWATAN
1576	dr. Amara Muthia Permata	Dokter Umum	III/b	2322880	500000	7	6	12	1	2	SMF UMUM	13,93728	21	18	36	3	8	99,93728	0				Dokter+Apoteker+Psikolog Klinis	Dokter				Dokter DOKTER KEPERAWATAN
1577	dr. Gemayangsura	Dokter Umum	III/b	2322880	500000	7	4	4	2	2	SMF UMUM	13,93728	21	12	12	6	16	80,93728	0				Dokter+Apoteker+Psikolog Klinis	Dokter				Dokter DOKTER KEPERAWATAN
1578	dr. Daffa Abhista Wicaksana	Dokter Umum	III/b	2322880	500000	7	6	12	1	2	SMF UMUM	13,93728	21	18	36	3	8	99,93728	0				Dokter+Apoteker+Psikolog Klinis	Dokter				Dokter DOKTER KEPERAWATAN
1579	dr. Andre Nugraha Nurman, Sp.JP	Dokter Spesialis	-	0	500000	0	0	0	0	0	SMF JANTUNG	0	0	0	0	0	0	0	0				Dokter+Apoteker+Psikolog Klinis	Dokter				Dokter DOKTER KEPERAWATAN
1580	HENIRIA HERYANTI, S.KOM	STAF ADM UMUM	IX	3203600	500000	6	1	1	1	2	PUSAT KRISIS DAN DATA KESEHATAN	19,2216	18	3	3	3	8	54,2216	0,05			ADM+Komite Keperawatan+Komite Nakes+Komite Medik+Ka.SPI	ADM	ADM				STAF PUSAT KRISIS DAN DATA KESEHATAN
1581	SUWITO SISWOYO	STAF ADM UMUM	I	1938500	500000	1	3	3	1	2	R. PARU	11,631	3	9	9	3	8	43,631	0,15			ADM+Komite Keperawatan+Komite Nakes+Komite Medik+Ka.SPI	ADM	ADM				ADM ADM KEPERAWATAN
1582	KHOLID MAWARDI, A.Md	STAF ADM UMUM	VII	2858800	500000	5	1	1	1	2	KOMITE MEDIK	17,1528	15	3	3	3	8	49,1528	0,05			ADM+Komite Keperawatan+Komite Nakes+Komite Medik+Ka.SPI	ADM	ADM				ADM ADM KEPERAWATAN
1583	GITA NOVIANI	STAF ADM PELAYANAN	V	2511500	500000	3	2	2	1	2	ADMISTRASI FARMASI	15,069	9	6	6	3	8	47,069	0,05			ADM+Komite Keperawatan+Komite Nakes+Komite Medik+Ka.SPI	ADM	ADM				ADM ADM KEPERAWATAN
1584	MUHAMMAD AMIRULLOH SIDDIQ	STAF ADM PELAYANAN	V	2511500	500000	3	6	6	1	2	INSTALASI BEDAH SENTRAL	15,069	9	18	18	3	8	71,069	0,05			ADM+Komite Keperawatan+Komite Nakes+Komite Medik+Ka.SPI	ADM	ADM				STAF INSTALASI BEDAH SENTRAL
1585	MAHMUD HR	STAF ADM PELAYANAN	V	2511500	500000	3	6	6	1	2	INSTALASI BEDAH SENTRAL	15,069	9	18	18	3	8	71,069	0,05			ADM+Komite Keperawatan+Komite Nakes+Komite Medik+Ka.SPI	ADM	ADM				STAF INSTALASI BEDAH SENTRAL
1586	UGI SETIAWATI	STAF ADM PELAYANAN	V	2511500	500000	3	6	6	1	2	INSTALASI BEDAH SENTRAL	15,069	9	18	18	3	8	71,069	0,05			ADM+Komite Keperawatan+Komite Nakes+Komite Medik+Ka.SPI	ADM	ADM				STAF INSTALASI BEDAH SENTRAL
1587	MUHAMMAD FARHAN HABIBIE, SKM	STAF ADM UMUM	IX	3203600	500000	6	6	6	1	2	INSTALASI CATH LAB	19,2216	18	18	18	3	8	84,2216	0,05			ADM+Komite Keperawatan+Komite Nakes+Komite Medik+Ka.SPI	ADM	ADM				STAF INSTALASI CATH LAB
1588	Arif Rahman Hakim	STAF ADM UMUM	-		500000	0	0	0	0	0	Polisi Pamong Praja	0	0	0	0	0	0	0	0,05			ADM+Komite Keperawatan+Komite Nakes+Komite Medik+Ka.SPI	ADM	ADM				STAF Polisi Pamong Praja
1589	Trisnan	STAF ADM UMUM	-		500000	0	0	0	0	0	Polisi Pamong Praja	0	0	0	0	0	0	0	0,05			ADM+Komite Keperawatan+Komite Nakes+Komite Medik+Ka.SPI	ADM	ADM				STAF Polisi Pamong Praja
1590	Edwin Khaidir	STAF ADM UMUM	-		500000	0	0	0	0	0	Polisi Pamong Praja	0	0	0	0	0	0	0	0,05			ADM+Komite Keperawatan+Komite Nakes+Komite Medik+Ka.SPI	ADM	ADM				STAF Polisi Pamong Praja
1591	Feri Abung	STAF ADM UMUM	-		500000	0	0	0	0	0	Polisi Pamong Praja	0	0	0	0	0	0	0	0,05			ADM+Komite Keperawatan+Komite Nakes+Komite Medik+Ka.SPI	ADM	ADM				STAF Polisi Pamong Praja
1592	Achmad Ramadhan Hidayat	STAF ADM UMUM	-		500000	0	0	0	0	0	Polisi Pamong Praja	0	0	0	0	0	0	0	0,05			ADM+Komite Keperawatan+Komite Nakes+Komite Medik+Ka.SPI	ADM	ADM				STAF Polisi Pamong Praja
1593	Selamet Hermanto	STAF ADM UMUM	-		500000	0	0	0	0	0	Polisi Pamong Praja	0	0	0	0	0	0	0	0,05			ADM+Komite Keperawatan+Komite Nakes+Komite Medik+Ka.SPI	ADM	ADM				STAF Polisi Pamong Praja
1594	Pendi Agus Wawan Suhendra	STAF ADM UMUM	-		500000	0	0	0	0	0	Polisi Pamong Praja	0	0	0	0	0	0	0	0,05			ADM+Komite Keperawatan+Komite Nakes+Komite Medik+Ka.SPI	ADM	ADM				STAF Polisi Pamong Praja
1595	IIN KAPRIADI	STAF ADM UMUM	-		500000	0	0	0	0	0	Polisi Pamong Praja	0	0	0	0	0	0	0	0			ADM+Komite Keperawatan+Komite Nakes+Komite Medik+Ka.SPI	ADM	ADM				STAF Polisi Pamong Praja
1596	Dodi Ariansyah	STAF ADM UMUM	-		500000	0	0	0	0	0	Polisi Pamong Praja	0	0	0	0	0	0	0	0,05			ADM+Komite Keperawatan+Komite Nakes+Komite Medik+Ka.SPI	ADM	ADM				STAF Polisi Pamong Praja
1597	Aris Cahyo Prastiyo	STAF ADM UMUM	-		500000	0	0	0	0	0	Polisi Pamong Praja	0	0	0	0	0	0	0	0			ADM+Komite Keperawatan+Komite Nakes+Komite Medik+Ka.SPI	ADM	ADM				STAF Polisi Pamong Praja
1598	Paradita Ismanto	STAF ADM UMUM	-		500000	0	0	0	0	0	Polisi Pamong Praja	0	0	0	0	0	0	0	0			ADM+Komite Keperawatan+Komite Nakes+Komite Medik+Ka.SPI	ADM	ADM				STAF Polisi Pamong Praja
1599	Edwin Hitopea	STAF ADM UMUM	-		500000	0	0	0	0	0	Polisi Pamong Praja	0	0	0	0	0	0	0	0			ADM+Komite Keperawatan+Komite Nakes+Komite Medik+Ka.SPI	ADM	ADM				STAF Polisi Pamong Praja
1600	Rizal Abdul Rahman	STAF ADM UMUM	-		500000	0	0	0	0	0	Polisi Pamong Praja	0	0	0	0	0	0	0	0			ADM+Komite Keperawatan+Komite Nakes+Komite Medik+Ka.SPI	ADM	ADM				STAF Polisi Pamong Praja
1601	Andi Mulyadi	STAF ADM UMUM	-		500000	0	0	0	0	0	Polisi Pamong Praja	0	0	0	0	0	0	0	0			ADM+Komite Keperawatan+Komite Nakes+Komite Medik+Ka.SPI	ADM	ADM				STAF Polisi Pamong Praja
1602	Rivky Zaini	STAF ADM UMUM	-		500000	0	0	0	0	0	Polisi Pamong Praja	0	0	0	0	0	0	0	0			ADM+Komite Keperawatan+Komite Nakes+Komite Medik+Ka.SPI	ADM	ADM				STAF Polisi Pamong Praja
1603	Ade Prahara Kusuma	STAF ADM UMUM	-		500000	0	0	0	0	0	Polisi Pamong Praja	0	0	0	0	0	0	0	0			ADM+Komite Keperawatan+Komite Nakes+Komite Medik+Ka.SPI	ADM	ADM				STAF Polisi Pamong Praja
1604	Rizky Novridoni	STAF ADM UMUM	-		500000	0	0	0	0	0	Polisi Pamong Praja	0	0	0	0	0	0	0	0,15			ADM+Komite Keperawatan+Komite Nakes+Komite Medik+Ka.SPI	ADM	ADM				STAF Polisi Pamong Praja
1605	Agus Salim	STAF ADM UMUM	-		500000	0	0	0	0	0	Polisi Pamong Praja	0	0	0	0	0	0	0	0,05			ADM+Komite Keperawatan+Komite Nakes+Komite Medik+Ka.SPI	ADM	ADM				STAF Polisi Pamong Praja